[debug] [2026-04-01T19:58:10.109Z] ----------------------------------------------------------------------
[debug] [2026-04-01T19:58:10.110Z] Command:       C:\Program Files\nodejs\node.exe C:\Users\skeet\AppData\Roaming\npm\node_modules\firebase-tools\lib\bin\firebase.js deploy --only functions:adminUpsertPortableDevice functions:campusDeviceLatestEvent functions:campusDeviceConfirmPairing functions:campusDevicePendingEnrollments functions:campusDeviceSubmitEnrollment functions:campusDeviceSyncAttendance
[debug] [2026-04-01T19:58:10.111Z] CLI Version:   15.6.0
[debug] [2026-04-01T19:58:10.111Z] Platform:      win32
[debug] [2026-04-01T19:58:10.111Z] Node Version:  v24.13.1
[debug] [2026-04-01T19:58:10.111Z] Time:          Thu Apr 02 2026 03:58:10 GMT+0800 (Philippine Standard Time)
[debug] [2026-04-01T19:58:10.111Z] ----------------------------------------------------------------------
[debug] 
[debug] [2026-04-01T19:58:11.045Z] > command requires scopes: ["email","openid","https://www.googleapis.com/auth/cloudplatformprojects.readonly","https://www.googleapis.com/auth/firebase","https://www.googleapis.com/auth/cloud-platform"]
[debug] [2026-04-01T19:58:11.045Z] > authorizing via signed-in user (skeeterdamian@gmail.com)
[debug] [2026-04-01T19:58:11.045Z] [iam] checking project campus-27dd9 for permissions ["cloudfunctions.functions.create","cloudfunctions.functions.delete","cloudfunctions.functions.get","cloudfunctions.functions.list","cloudfunctions.functions.update","cloudfunctions.operations.get","firebase.projects.get"]
[debug] [2026-04-01T19:58:11.046Z] Checked if tokens are valid: true, expires at: 1775076260943
[debug] [2026-04-01T19:58:11.046Z] Checked if tokens are valid: true, expires at: 1775076260943
[debug] [2026-04-01T19:58:11.047Z] >>> [apiv2][query] POST https://cloudresourcemanager.googleapis.com/v1/projects/campus-27dd9:testIamPermissions [none]
[debug] [2026-04-01T19:58:11.048Z] >>> [apiv2][(partial)header] POST https://cloudresourcemanager.googleapis.com/v1/projects/campus-27dd9:testIamPermissions  x-goog-user-project=campus-27dd9
[debug] [2026-04-01T19:58:11.048Z] >>> [apiv2][body] POST https://cloudresourcemanager.googleapis.com/v1/projects/campus-27dd9:testIamPermissions {"permissions":["cloudfunctions.functions.create","cloudfunctions.functions.delete","cloudfunctions.functions.get","cloudfunctions.functions.list","cloudfunctions.functions.update","cloudfunctions.operations.get","firebase.projects.get"]}
[debug] [2026-04-01T19:58:12.009Z] <<< [apiv2][status] POST https://cloudresourcemanager.googleapis.com/v1/projects/campus-27dd9:testIamPermissions 200
[debug] [2026-04-01T19:58:12.009Z] <<< [apiv2][body] POST https://cloudresourcemanager.googleapis.com/v1/projects/campus-27dd9:testIamPermissions {"permissions":["cloudfunctions.functions.create","cloudfunctions.functions.delete","cloudfunctions.functions.get","cloudfunctions.functions.list","cloudfunctions.functions.update","cloudfunctions.operations.get","firebase.projects.get"]}
[debug] [2026-04-01T19:58:12.010Z] Checked if tokens are valid: true, expires at: 1775076260943
[debug] [2026-04-01T19:58:12.010Z] Checked if tokens are valid: true, expires at: 1775076260943
[debug] [2026-04-01T19:58:12.010Z] >>> [apiv2][query] POST https://iam.googleapis.com/v1/projects/campus-27dd9/serviceAccounts/campus-27dd9@appspot.gserviceaccount.com:testIamPermissions [none]
[debug] [2026-04-01T19:58:12.010Z] >>> [apiv2][body] POST https://iam.googleapis.com/v1/projects/campus-27dd9/serviceAccounts/campus-27dd9@appspot.gserviceaccount.com:testIamPermissions {"permissions":["iam.serviceAccounts.actAs"]}
[debug] [2026-04-01T19:58:13.196Z] <<< [apiv2][status] POST https://iam.googleapis.com/v1/projects/campus-27dd9/serviceAccounts/campus-27dd9@appspot.gserviceaccount.com:testIamPermissions 200
[debug] [2026-04-01T19:58:13.196Z] <<< [apiv2][body] POST https://iam.googleapis.com/v1/projects/campus-27dd9/serviceAccounts/campus-27dd9@appspot.gserviceaccount.com:testIamPermissions {"permissions":["iam.serviceAccounts.actAs"]}
[info] 
[info] === Deploying to 'campus-27dd9'...
[info] 
[info] i  deploying functions 
[debug] [2026-04-01T19:58:13.198Z] Checked if tokens are valid: true, expires at: 1775076260943
[debug] [2026-04-01T19:58:13.198Z] Checked if tokens are valid: true, expires at: 1775076260943
[debug] [2026-04-01T19:58:13.199Z] >>> [apiv2][query] GET https://cloudresourcemanager.googleapis.com/v1/projects/campus-27dd9 [none]
[debug] [2026-04-01T19:58:13.419Z] <<< [apiv2][status] GET https://cloudresourcemanager.googleapis.com/v1/projects/campus-27dd9 200
[debug] [2026-04-01T19:58:13.420Z] <<< [apiv2][body] GET https://cloudresourcemanager.googleapis.com/v1/projects/campus-27dd9 {"projectNumber":"824074040304","projectId":"campus-27dd9","lifecycleState":"ACTIVE","name":"CAMPUS","labels":{"firebase":"enabled","firebase-core":"disabled"},"createTime":"2026-02-06T14:12:33.966915Z"}
[error] 
[error] Error: No function matches given --only filters. Aborting deployment.
[debug] [2026-04-01T19:58:30.698Z] ----------------------------------------------------------------------
[debug] [2026-04-01T19:58:30.700Z] Command:       C:\Program Files\nodejs\node.exe C:\Users\skeet\AppData\Roaming\npm\node_modules\firebase-tools\lib\bin\firebase.js deploy --only functions:adminUpsertPortableDevice,functions:campusDeviceLatestEvent,functions:campusDeviceConfirmPairing,functions:campusDevicePendingEnrollments,functions:campusDeviceSubmitEnrollment,functions:campusDeviceSyncAttendance
[debug] [2026-04-01T19:58:30.700Z] CLI Version:   15.6.0
[debug] [2026-04-01T19:58:30.700Z] Platform:      win32
[debug] [2026-04-01T19:58:30.700Z] Node Version:  v24.13.1
[debug] [2026-04-01T19:58:30.700Z] Time:          Thu Apr 02 2026 03:58:30 GMT+0800 (Philippine Standard Time)
[debug] [2026-04-01T19:58:30.700Z] ----------------------------------------------------------------------
[debug] 
[debug] [2026-04-01T19:58:31.614Z] > command requires scopes: ["email","openid","https://www.googleapis.com/auth/cloudplatformprojects.readonly","https://www.googleapis.com/auth/firebase","https://www.googleapis.com/auth/cloud-platform"]
[debug] [2026-04-01T19:58:31.615Z] > authorizing via signed-in user (skeeterdamian@gmail.com)
[debug] [2026-04-01T19:58:31.615Z] [iam] checking project campus-27dd9 for permissions ["cloudfunctions.functions.create","cloudfunctions.functions.delete","cloudfunctions.functions.get","cloudfunctions.functions.list","cloudfunctions.functions.update","cloudfunctions.operations.get","firebase.projects.get"]
[debug] [2026-04-01T19:58:31.616Z] Checked if tokens are valid: true, expires at: 1775076260943
[debug] [2026-04-01T19:58:31.616Z] Checked if tokens are valid: true, expires at: 1775076260943
[debug] [2026-04-01T19:58:31.616Z] >>> [apiv2][query] POST https://cloudresourcemanager.googleapis.com/v1/projects/campus-27dd9:testIamPermissions [none]
[debug] [2026-04-01T19:58:31.617Z] >>> [apiv2][(partial)header] POST https://cloudresourcemanager.googleapis.com/v1/projects/campus-27dd9:testIamPermissions  x-goog-user-project=campus-27dd9
[debug] [2026-04-01T19:58:31.617Z] >>> [apiv2][body] POST https://cloudresourcemanager.googleapis.com/v1/projects/campus-27dd9:testIamPermissions {"permissions":["cloudfunctions.functions.create","cloudfunctions.functions.delete","cloudfunctions.functions.get","cloudfunctions.functions.list","cloudfunctions.functions.update","cloudfunctions.operations.get","firebase.projects.get"]}
[debug] [2026-04-01T19:58:32.574Z] <<< [apiv2][status] POST https://cloudresourcemanager.googleapis.com/v1/projects/campus-27dd9:testIamPermissions 200
[debug] [2026-04-01T19:58:32.575Z] <<< [apiv2][body] POST https://cloudresourcemanager.googleapis.com/v1/projects/campus-27dd9:testIamPermissions {"permissions":["cloudfunctions.functions.create","cloudfunctions.functions.delete","cloudfunctions.functions.get","cloudfunctions.functions.list","cloudfunctions.functions.update","cloudfunctions.operations.get","firebase.projects.get"]}
[debug] [2026-04-01T19:58:32.575Z] Checked if tokens are valid: true, expires at: 1775076260943
[debug] [2026-04-01T19:58:32.575Z] Checked if tokens are valid: true, expires at: 1775076260943
[debug] [2026-04-01T19:58:32.575Z] >>> [apiv2][query] POST https://iam.googleapis.com/v1/projects/campus-27dd9/serviceAccounts/campus-27dd9@appspot.gserviceaccount.com:testIamPermissions [none]
[debug] [2026-04-01T19:58:32.575Z] >>> [apiv2][body] POST https://iam.googleapis.com/v1/projects/campus-27dd9/serviceAccounts/campus-27dd9@appspot.gserviceaccount.com:testIamPermissions {"permissions":["iam.serviceAccounts.actAs"]}
[debug] [2026-04-01T19:58:33.768Z] <<< [apiv2][status] POST https://iam.googleapis.com/v1/projects/campus-27dd9/serviceAccounts/campus-27dd9@appspot.gserviceaccount.com:testIamPermissions 200
[debug] [2026-04-01T19:58:33.768Z] <<< [apiv2][body] POST https://iam.googleapis.com/v1/projects/campus-27dd9/serviceAccounts/campus-27dd9@appspot.gserviceaccount.com:testIamPermissions {"permissions":["iam.serviceAccounts.actAs"]}
[info] 
[info] === Deploying to 'campus-27dd9'...
[info] 
[info] i  deploying functions 
[debug] [2026-04-01T19:58:33.770Z] Checked if tokens are valid: true, expires at: 1775076260943
[debug] [2026-04-01T19:58:33.770Z] Checked if tokens are valid: true, expires at: 1775076260943
[debug] [2026-04-01T19:58:33.770Z] >>> [apiv2][query] GET https://cloudresourcemanager.googleapis.com/v1/projects/campus-27dd9 [none]
[debug] [2026-04-01T19:58:33.994Z] <<< [apiv2][status] GET https://cloudresourcemanager.googleapis.com/v1/projects/campus-27dd9 200
[debug] [2026-04-01T19:58:33.994Z] <<< [apiv2][body] GET https://cloudresourcemanager.googleapis.com/v1/projects/campus-27dd9 {"projectNumber":"824074040304","projectId":"campus-27dd9","lifecycleState":"ACTIVE","name":"CAMPUS","labels":{"firebase":"enabled","firebase-core":"disabled"},"createTime":"2026-02-06T14:12:33.966915Z"}
[info] i  functions: preparing codebase default for deployment 
[info] i  functions: ensuring required API cloudfunctions.googleapis.com is enabled... 
[info] i  functions: ensuring required API cloudbuild.googleapis.com is enabled... 
[info] i  artifactregistry: ensuring required API artifactregistry.googleapis.com is enabled... 
[debug] [2026-04-01T19:58:33.996Z] Checked if tokens are valid: true, expires at: 1775076260943
[debug] [2026-04-01T19:58:33.996Z] Checked if tokens are valid: true, expires at: 1775076260943
[debug] [2026-04-01T19:58:33.996Z] >>> [apiv2][query] GET https://firebase.googleapis.com/v1beta1/projects/campus-27dd9/adminSdkConfig [none]
[debug] [2026-04-01T19:58:35.420Z] <<< [apiv2][status] GET https://firebase.googleapis.com/v1beta1/projects/campus-27dd9/adminSdkConfig 200
[debug] [2026-04-01T19:58:35.420Z] <<< [apiv2][body] GET https://firebase.googleapis.com/v1beta1/projects/campus-27dd9/adminSdkConfig {"projectId":"campus-27dd9","storageBucket":"campus-27dd9.firebasestorage.app"}
[debug] [2026-04-01T19:58:35.421Z] Validating nodejs source
[warn] !  functions: Runtime Node.js 20 will be deprecated on 2026-04-30 and will be decommissioned on 2026-10-30, after which you will not be able to deploy without upgrading. Consider upgrading now to avoid disruption. See https://cloud.google.com/functions/docs/runtime-support for full details on the lifecycle policy 
[warn] !  functions: package.json indicates an outdated version of firebase-functions. Please upgrade using npm install --save firebase-functions@latest in your functions directory. 
[debug] [2026-04-01T19:58:36.295Z] > [functions] package.json contents: {
  "name": "functions",
  "scripts": {
    "lint": "eslint .",
    "build": "tsc",
    "build:watch": "tsc --watch",
    "serve": "npm run build && firebase emulators:start --only functions",
    "shell": "npm run build && firebase functions:shell",
    "start": "npm run shell",
    "deploy": "firebase deploy --only functions",
    "logs": "firebase functions:log"
  },
  "engines": {
    "node": "20"
  },
  "main": "lib/index.js",
  "dependencies": {
    "firebase-admin": "^13.6.0",
    "firebase-functions": "^7.0.0"
  },
  "devDependencies": {
    "@typescript-eslint/eslint-plugin": "^5.12.0",
    "@typescript-eslint/parser": "^5.12.0",
    "eslint": "^8.9.0",
    "eslint-config-google": "^0.14.0",
    "eslint-plugin-import": "^2.25.4",
    "firebase-functions-test": "^3.4.1",
    "typescript": "^5.7.3"
  },
  "private": true
}
[debug] [2026-04-01T19:58:36.295Z] Building nodejs source
[info] i  functions: Loading and analyzing source code for codebase default to determine what to deploy 
[debug] [2026-04-01T19:58:36.296Z] Could not find functions.yaml. Must use http discovery
[debug] [2026-04-01T19:58:36.302Z] Found firebase-functions binary at 'F:\campus-management-system\campus-management-system\node_modules\.bin\firebase-functions'
[info] Serving at port 8591

[error] (node:6864) [DEP0040] DeprecationWarning: The `punycode` module is deprecated. Please use a userland alternative instead.
(Use `node --trace-deprecation ...` to show where the warning was created)

[debug] [2026-04-01T19:58:36.661Z] Got response from /__/functions.yaml {"endpoints":{"adminCreateUser":{"platform":"gcfv1","labels":{},"availableMemoryMb":null,"timeoutSeconds":null,"minInstances":null,"maxInstances":null,"ingressSettings":null,"serviceAccountEmail":null,"vpc":null,"region":["asia-southeast1"],"callableTrigger":{},"entryPoint":"adminCreateUser"},"adminUpsertPortableDevice":{"platform":"gcfv1","labels":{},"availableMemoryMb":null,"timeoutSeconds":null,"minInstances":null,"maxInstances":null,"ingressSettings":null,"serviceAccountEmail":null,"vpc":null,"region":["asia-southeast1"],"callableTrigger":{},"entryPoint":"adminUpsertPortableDevice"},"campusDeviceLatestEvent":{"platform":"gcfv1","availableMemoryMb":null,"timeoutSeconds":null,"minInstances":null,"maxInstances":null,"ingressSettings":null,"serviceAccountEmail":null,"vpc":null,"region":["asia-southeast1"],"httpsTrigger":{},"entryPoint":"campusDeviceLatestEvent"},"campusDeviceConfirmPairing":{"platform":"gcfv1","availableMemoryMb":null,"timeoutSeconds":null,"minInstances":null,"maxInstances":null,"ingressSettings":null,"serviceAccountEmail":null,"vpc":null,"region":["asia-southeast1"],"httpsTrigger":{},"entryPoint":"campusDeviceConfirmPairing"},"campusDevicePendingEnrollments":{"platform":"gcfv1","availableMemoryMb":null,"timeoutSeconds":null,"minInstances":null,"maxInstances":null,"ingressSettings":null,"serviceAccountEmail":null,"vpc":null,"region":["asia-southeast1"],"httpsTrigger":{},"entryPoint":"campusDevicePendingEnrollments"},"campusDeviceSubmitEnrollment":{"platform":"gcfv1","availableMemoryMb":null,"timeoutSeconds":null,"minInstances":null,"maxInstances":null,"ingressSettings":null,"serviceAccountEmail":null,"vpc":null,"region":["asia-southeast1"],"httpsTrigger":{},"entryPoint":"campusDeviceSubmitEnrollment"},"campusDeviceSyncAttendance":{"platform":"gcfv1","availableMemoryMb":null,"timeoutSeconds":null,"minInstances":null,"maxInstances":null,"ingressSettings":null,"serviceAccountEmail":null,"vpc":null,"region":["asia-southeast1"],"httpsTrigger":{},"entryPoint":"campusDeviceSyncAttendance"}},"specVersion":"v1alpha1","requiredAPIs":[],"extensions":{}}
[info] i  extensions: ensuring required API firebaseextensions.googleapis.com is enabled... 
[debug] [2026-04-01T19:58:40.695Z] > command requires scopes: ["email","openid","https://www.googleapis.com/auth/cloudplatformprojects.readonly","https://www.googleapis.com/auth/firebase","https://www.googleapis.com/auth/cloud-platform"]
[debug] [2026-04-01T19:58:40.695Z] > authorizing via signed-in user (skeeterdamian@gmail.com)
[debug] [2026-04-01T19:58:40.695Z] [iam] checking project campus-27dd9 for permissions ["firebase.projects.get","firebaseextensions.instances.list"]
[debug] [2026-04-01T19:58:40.695Z] Checked if tokens are valid: true, expires at: 1775076260943
[debug] [2026-04-01T19:58:40.695Z] Checked if tokens are valid: true, expires at: 1775076260943
[debug] [2026-04-01T19:58:40.695Z] >>> [apiv2][query] POST https://cloudresourcemanager.googleapis.com/v1/projects/campus-27dd9:testIamPermissions [none]
[debug] [2026-04-01T19:58:40.695Z] >>> [apiv2][(partial)header] POST https://cloudresourcemanager.googleapis.com/v1/projects/campus-27dd9:testIamPermissions  x-goog-user-project=campus-27dd9
[debug] [2026-04-01T19:58:40.695Z] >>> [apiv2][body] POST https://cloudresourcemanager.googleapis.com/v1/projects/campus-27dd9:testIamPermissions {"permissions":["firebase.projects.get","firebaseextensions.instances.list"]}
[debug] [2026-04-01T19:58:41.648Z] <<< [apiv2][status] POST https://cloudresourcemanager.googleapis.com/v1/projects/campus-27dd9:testIamPermissions 200
[debug] [2026-04-01T19:58:41.648Z] <<< [apiv2][body] POST https://cloudresourcemanager.googleapis.com/v1/projects/campus-27dd9:testIamPermissions {"permissions":["firebase.projects.get","firebaseextensions.instances.list"]}
[debug] [2026-04-01T19:58:41.648Z] Checked if tokens are valid: true, expires at: 1775076260943
[debug] [2026-04-01T19:58:41.648Z] Checked if tokens are valid: true, expires at: 1775076260943
[debug] [2026-04-01T19:58:41.649Z] >>> [apiv2][query] GET https://firebaseextensions.googleapis.com/v1beta/projects/campus-27dd9/instances pageSize=100&pageToken=
[debug] [2026-04-01T19:58:42.766Z] <<< [apiv2][status] GET https://firebaseextensions.googleapis.com/v1beta/projects/campus-27dd9/instances 200
[debug] [2026-04-01T19:58:42.766Z] <<< [apiv2][body] GET https://firebaseextensions.googleapis.com/v1beta/projects/campus-27dd9/instances {}
[info] i  functions: preparing functions directory for uploading... 
[info] i  functions: packaged F:\campus-management-system\campus-management-system\functions (109.05 KB) for uploading 
[debug] [2026-04-01T19:58:42.793Z] Checked if tokens are valid: true, expires at: 1775076260943
[debug] [2026-04-01T19:58:42.793Z] Checked if tokens are valid: true, expires at: 1775076260943
[debug] [2026-04-01T19:58:42.793Z] >>> [apiv2][query] GET https://cloudfunctions.googleapis.com/v1/projects/campus-27dd9/locations/-/functions [none]
[debug] [2026-04-01T19:58:43.810Z] <<< [apiv2][status] GET https://cloudfunctions.googleapis.com/v1/projects/campus-27dd9/locations/-/functions 200
[debug] [2026-04-01T19:58:43.810Z] <<< [apiv2][body] GET https://cloudfunctions.googleapis.com/v1/projects/campus-27dd9/locations/-/functions {}
[debug] [2026-04-01T19:58:43.811Z] Checked if tokens are valid: true, expires at: 1775076260943
[debug] [2026-04-01T19:58:43.811Z] Checked if tokens are valid: true, expires at: 1775076260943
[debug] [2026-04-01T19:58:43.811Z] >>> [apiv2][query] GET https://cloudfunctions.googleapis.com/v2/projects/campus-27dd9/locations/-/functions filter=environment%3D%22GEN_2%22
[debug] [2026-04-01T19:58:45.339Z] <<< [apiv2][status] GET https://cloudfunctions.googleapis.com/v2/projects/campus-27dd9/locations/-/functions 200
[debug] [2026-04-01T19:58:45.339Z] <<< [apiv2][body] GET https://cloudfunctions.googleapis.com/v2/projects/campus-27dd9/locations/-/functions {"functions":[{"name":"projects/campus-27dd9/locations/asia-southeast1/functions/adminCreateUser","buildConfig":{"build":"projects/824074040304/locations/asia-southeast1/builds/4c22e624-ce02-489e-85f0-573083ea3805","runtime":"nodejs24","entryPoint":"adminCreateUser","source":{"storageSource":{"bucket":"gcf-v2-sources-824074040304-asia-southeast1","object":"adminCreateUser/function-source.zip","generation":"1771449401422626"}},"environmentVariables":{"GOOGLE_NODE_RUN_SCRIPTS":""},"dockerRepository":"projects/campus-27dd9/locations/asia-southeast1/repositories/gcf-artifacts","sourceProvenance":{"resolvedStorageSource":{"bucket":"gcf-v2-sources-824074040304-asia-southeast1","object":"adminCreateUser/function-source.zip","generation":"1771449401422626"}},"dockerRegistry":"ARTIFACT_REGISTRY","serviceAccount":"projects/campus-27dd9/serviceAccounts/824074040304-compute@developer.gserviceaccount.com","automaticUpdatePolicy":{}},"serviceConfig":{"service":"projects/campus-27dd9/locations/asia-southeast1/services/admincreateuser","timeoutSeconds":60,"environmentVariables":{"FIREBASE_CONFIG":"{\"projectId\":\"campus-27dd9\",\"storageBucket\":\"campus-27dd9.firebasestorage.app\"}","GCLOUD_PROJECT":"campus-27dd9","EVENTARC_CLOUD_EVENT_SOURCE":"projects/campus-27dd9/locations/asia-southeast1/services/adminCreateUser","FUNCTION_TARGET":"adminCreateUser","LOG_EXECUTION_ID":"true","FUNCTION_SIGNATURE_TYPE":"http"},"maxInstanceCount":20,"ingressSettings":"ALLOW_ALL","uri":"https://admincreateuser-7jan6jhp2q-as.a.run.app","serviceAccountEmail":"824074040304-compute@developer.gserviceaccount.com","availableMemory":"256Mi","allTrafficOnLatestRevision":true,"revision":"admincreateuser-00003-ciq","maxInstanceRequestConcurrency":80,"availableCpu":"1"},"state":"ACTIVE","updateTime":"2026-02-18T21:16:48.908788228Z","labels":{"deployment-tool":"cli-firebase","deployment-callable":"true","firebase-functions-hash":"f2ce15fb4dad2140ab29a943073c57da1cd8293a"},"environment":"GEN_2","url":"https://asia-southeast1-campus-27dd9.cloudfunctions.net/adminCreateUser","satisfiesPzs":true,"createTime":"2026-02-17T21:05:11.774743039Z","satisfiesPzi":true},{"name":"projects/campus-27dd9/locations/asia-southeast1/functions/adminDeleteUser","buildConfig":{"build":"projects/824074040304/locations/asia-southeast1/builds/4c22e624-ce02-489e-85f0-573083ea3805","runtime":"nodejs24","entryPoint":"adminDeleteUser","source":{"storageSource":{"bucket":"gcf-v2-sources-824074040304-asia-southeast1","object":"adminDeleteUser/function-source.zip","generation":"1771449401691916"}},"environmentVariables":{"GOOGLE_NODE_RUN_SCRIPTS":""},"dockerRepository":"projects/campus-27dd9/locations/asia-southeast1/repositories/gcf-artifacts","sourceProvenance":{"resolvedStorageSource":{"bucket":"gcf-v2-sources-824074040304-asia-southeast1","object":"adminDeleteUser/function-source.zip","generation":"1771449401691916"}},"dockerRegistry":"ARTIFACT_REGISTRY","serviceAccount":"projects/campus-27dd9/serviceAccounts/824074040304-compute@developer.gserviceaccount.com","automaticUpdatePolicy":{}},"serviceConfig":{"service":"projects/campus-27dd9/locations/asia-southeast1/services/admindeleteuser","timeoutSeconds":60,"environmentVariables":{"FIREBASE_CONFIG":"{\"projectId\":\"campus-27dd9\",\"storageBucket\":\"campus-27dd9.firebasestorage.app\"}","GCLOUD_PROJECT":"campus-27dd9","EVENTARC_CLOUD_EVENT_SOURCE":"projects/campus-27dd9/locations/asia-southeast1/services/adminDeleteUser","FUNCTION_TARGET":"adminDeleteUser","LOG_EXECUTION_ID":"true","FUNCTION_SIGNATURE_TYPE":"http"},"maxInstanceCount":20,"ingressSettings":"ALLOW_ALL","uri":"https://admindeleteuser-7jan6jhp2q-as.a.run.app","serviceAccountEmail":"824074040304-compute@developer.gserviceaccount.com","availableMemory":"256Mi","allTrafficOnLatestRevision":true,"revision":"admindeleteuser-00003-tip","maxInstanceRequestConcurrency":80,"availableCpu":"1"},"state":"ACTIVE","updateTime":"2026-02-18T21:16:48.603799121Z","labels":{"deployment-tool":"cli-firebase","deployment-callable":"true","firebase-functions-hash":"f2ce15fb4dad2140ab29a943073c57da1cd8293a"},"environment":"GEN_2","url":"https://asia-southeast1-campus-27dd9.cloudfunctions.net/adminDeleteUser","satisfiesPzs":true,"createTime":"2026-02-17T21:06:23.194704999Z","satisfiesPzi":true},{"name":"projects/campus-27dd9/locations/asia-southeast1/functions/ecListStudents","buildConfig":{"build":"projects/824074040304/locations/asia-southeast1/builds/4c22e624-ce02-489e-85f0-573083ea3805","runtime":"nodejs24","entryPoint":"ecListStudents","source":{"storageSource":{"bucket":"gcf-v2-sources-824074040304-asia-southeast1","object":"ecListStudents/function-source.zip","generation":"1771449350421579"}},"environmentVariables":{"GOOGLE_NODE_RUN_SCRIPTS":""},"dockerRepository":"projects/campus-27dd9/locations/asia-southeast1/repositories/gcf-artifacts","sourceProvenance":{"resolvedStorageSource":{"bucket":"gcf-v2-sources-824074040304-asia-southeast1","object":"ecListStudents/function-source.zip","generation":"1771449350421579"}},"dockerRegistry":"ARTIFACT_REGISTRY","serviceAccount":"projects/campus-27dd9/serviceAccounts/824074040304-compute@developer.gserviceaccount.com","automaticUpdatePolicy":{}},"serviceConfig":{"service":"projects/campus-27dd9/locations/asia-southeast1/services/ecliststudents","timeoutSeconds":60,"environmentVariables":{"FIREBASE_CONFIG":"{\"projectId\":\"campus-27dd9\",\"storageBucket\":\"campus-27dd9.firebasestorage.app\"}","GCLOUD_PROJECT":"campus-27dd9","EVENTARC_CLOUD_EVENT_SOURCE":"projects/campus-27dd9/locations/asia-southeast1/services/ecListStudents","FUNCTION_TARGET":"ecListStudents","LOG_EXECUTION_ID":"true"},"ingressSettings":"ALLOW_ALL","uri":"https://ecliststudents-7jan6jhp2q-as.a.run.app","serviceAccountEmail":"824074040304-compute@developer.gserviceaccount.com","availableMemory":"256Mi","allTrafficOnLatestRevision":true,"revision":"ecliststudents-00001-rer","maxInstanceRequestConcurrency":80,"availableCpu":"1"},"state":"ACTIVE","updateTime":"2026-02-18T21:16:44.279534892Z","labels":{"deployment-callable":"true","firebase-functions-hash":"f2ce15fb4dad2140ab29a943073c57da1cd8293a","deployment-tool":"cli-firebase"},"environment":"GEN_2","url":"https://asia-southeast1-campus-27dd9.cloudfunctions.net/ecListStudents","satisfiesPzs":true,"createTime":"2026-02-18T21:15:50.951395003Z","satisfiesPzi":true},{"name":"projects/campus-27dd9/locations/asia-southeast1/functions/ecCreateStudent","buildConfig":{"build":"projects/824074040304/locations/asia-southeast1/builds/4c22e624-ce02-489e-85f0-573083ea3805","runtime":"nodejs24","entryPoint":"ecCreateStudent","source":{"storageSource":{"bucket":"gcf-v2-sources-824074040304-asia-southeast1","object":"ecCreateStudent/function-source.zip","generation":"1771449401506843"}},"environmentVariables":{"GOOGLE_NODE_RUN_SCRIPTS":""},"dockerRepository":"projects/campus-27dd9/locations/asia-southeast1/repositories/gcf-artifacts","sourceProvenance":{"resolvedStorageSource":{"bucket":"gcf-v2-sources-824074040304-asia-southeast1","object":"ecCreateStudent/function-source.zip","generation":"1771449401506843"}},"dockerRegistry":"ARTIFACT_REGISTRY","serviceAccount":"projects/campus-27dd9/serviceAccounts/824074040304-compute@developer.gserviceaccount.com","automaticUpdatePolicy":{}},"serviceConfig":{"service":"projects/campus-27dd9/locations/asia-southeast1/services/eccreatestudent","timeoutSeconds":60,"environmentVariables":{"FIREBASE_CONFIG":"{\"projectId\":\"campus-27dd9\",\"storageBucket\":\"campus-27dd9.firebasestorage.app\"}","GCLOUD_PROJECT":"campus-27dd9","EVENTARC_CLOUD_EVENT_SOURCE":"projects/campus-27dd9/locations/asia-southeast1/services/ecCreateStudent","FUNCTION_TARGET":"ecCreateStudent","LOG_EXECUTION_ID":"true","FUNCTION_SIGNATURE_TYPE":"http"},"maxInstanceCount":20,"ingressSettings":"ALLOW_ALL","uri":"https://eccreatestudent-7jan6jhp2q-as.a.run.app","serviceAccountEmail":"824074040304-compute@developer.gserviceaccount.com","availableMemory":"256Mi","allTrafficOnLatestRevision":true,"revision":"eccreatestudent-00002-wev","maxInstanceRequestConcurrency":80,"availableCpu":"1"},"state":"ACTIVE","updateTime":"2026-02-18T21:16:50.287403764Z","labels":{"deployment-tool":"cli-firebase","deployment-callable":"true","firebase-functions-hash":"f2ce15fb4dad2140ab29a943073c57da1cd8293a"},"environment":"GEN_2","url":"https://asia-southeast1-campus-27dd9.cloudfunctions.net/ecCreateStudent","satisfiesPzs":true,"createTime":"2026-02-18T21:03:04.710511950Z","satisfiesPzi":true}]}
[error] 
[error] Error: Cannot set CPU on the functions adminCreateUser because they are GCF gen 1
[debug] [2026-04-01T20:01:26.452Z] ----------------------------------------------------------------------
[debug] [2026-04-01T20:01:26.454Z] Command:       C:\Program Files\nodejs\node.exe C:\Users\skeet\AppData\Roaming\npm\node_modules\firebase-tools\lib\bin\firebase.js deploy --only functions:portable-device
[debug] [2026-04-01T20:01:26.455Z] CLI Version:   15.6.0
[debug] [2026-04-01T20:01:26.455Z] Platform:      win32
[debug] [2026-04-01T20:01:26.455Z] Node Version:  v24.13.1
[debug] [2026-04-01T20:01:26.455Z] Time:          Thu Apr 02 2026 04:01:26 GMT+0800 (Philippine Standard Time)
[debug] [2026-04-01T20:01:26.455Z] ----------------------------------------------------------------------
[debug] 
[debug] [2026-04-01T20:01:27.362Z] > command requires scopes: ["email","openid","https://www.googleapis.com/auth/cloudplatformprojects.readonly","https://www.googleapis.com/auth/firebase","https://www.googleapis.com/auth/cloud-platform"]
[debug] [2026-04-01T20:01:27.363Z] > authorizing via signed-in user (skeeterdamian@gmail.com)
[debug] [2026-04-01T20:01:27.363Z] [iam] checking project campus-27dd9 for permissions ["cloudfunctions.functions.create","cloudfunctions.functions.delete","cloudfunctions.functions.get","cloudfunctions.functions.list","cloudfunctions.functions.update","cloudfunctions.operations.get","firebase.projects.get"]
[debug] [2026-04-01T20:01:27.364Z] Checked if tokens are valid: true, expires at: 1775076260943
[debug] [2026-04-01T20:01:27.364Z] Checked if tokens are valid: true, expires at: 1775076260943
[debug] [2026-04-01T20:01:27.364Z] >>> [apiv2][query] POST https://cloudresourcemanager.googleapis.com/v1/projects/campus-27dd9:testIamPermissions [none]
[debug] [2026-04-01T20:01:27.364Z] >>> [apiv2][(partial)header] POST https://cloudresourcemanager.googleapis.com/v1/projects/campus-27dd9:testIamPermissions  x-goog-user-project=campus-27dd9
[debug] [2026-04-01T20:01:27.365Z] >>> [apiv2][body] POST https://cloudresourcemanager.googleapis.com/v1/projects/campus-27dd9:testIamPermissions {"permissions":["cloudfunctions.functions.create","cloudfunctions.functions.delete","cloudfunctions.functions.get","cloudfunctions.functions.list","cloudfunctions.functions.update","cloudfunctions.operations.get","firebase.projects.get"]}
[debug] [2026-04-01T20:01:28.427Z] <<< [apiv2][status] POST https://cloudresourcemanager.googleapis.com/v1/projects/campus-27dd9:testIamPermissions 200
[debug] [2026-04-01T20:01:28.427Z] <<< [apiv2][body] POST https://cloudresourcemanager.googleapis.com/v1/projects/campus-27dd9:testIamPermissions {"permissions":["cloudfunctions.functions.create","cloudfunctions.functions.delete","cloudfunctions.functions.get","cloudfunctions.functions.list","cloudfunctions.functions.update","cloudfunctions.operations.get","firebase.projects.get"]}
[debug] [2026-04-01T20:01:28.427Z] Checked if tokens are valid: true, expires at: 1775076260943
[debug] [2026-04-01T20:01:28.427Z] Checked if tokens are valid: true, expires at: 1775076260943
[debug] [2026-04-01T20:01:28.428Z] >>> [apiv2][query] POST https://iam.googleapis.com/v1/projects/campus-27dd9/serviceAccounts/campus-27dd9@appspot.gserviceaccount.com:testIamPermissions [none]
[debug] [2026-04-01T20:01:28.428Z] >>> [apiv2][body] POST https://iam.googleapis.com/v1/projects/campus-27dd9/serviceAccounts/campus-27dd9@appspot.gserviceaccount.com:testIamPermissions {"permissions":["iam.serviceAccounts.actAs"]}
[debug] [2026-04-01T20:01:29.722Z] <<< [apiv2][status] POST https://iam.googleapis.com/v1/projects/campus-27dd9/serviceAccounts/campus-27dd9@appspot.gserviceaccount.com:testIamPermissions 200
[debug] [2026-04-01T20:01:29.722Z] <<< [apiv2][body] POST https://iam.googleapis.com/v1/projects/campus-27dd9/serviceAccounts/campus-27dd9@appspot.gserviceaccount.com:testIamPermissions {"permissions":["iam.serviceAccounts.actAs"]}
[info] 
[info] === Deploying to 'campus-27dd9'...
[info] 
[info] i  deploying functions 
[debug] [2026-04-01T20:01:29.724Z] Checked if tokens are valid: true, expires at: 1775076260943
[debug] [2026-04-01T20:01:29.724Z] Checked if tokens are valid: true, expires at: 1775076260943
[debug] [2026-04-01T20:01:29.724Z] >>> [apiv2][query] GET https://cloudresourcemanager.googleapis.com/v1/projects/campus-27dd9 [none]
[debug] [2026-04-01T20:01:29.949Z] <<< [apiv2][status] GET https://cloudresourcemanager.googleapis.com/v1/projects/campus-27dd9 200
[debug] [2026-04-01T20:01:29.949Z] <<< [apiv2][body] GET https://cloudresourcemanager.googleapis.com/v1/projects/campus-27dd9 {"projectNumber":"824074040304","projectId":"campus-27dd9","lifecycleState":"ACTIVE","name":"CAMPUS","labels":{"firebase":"enabled","firebase-core":"disabled"},"createTime":"2026-02-06T14:12:33.966915Z"}
[info] i  functions: preparing codebase portable-device for deployment 
[info] i  functions: ensuring required API cloudfunctions.googleapis.com is enabled... 
[info] i  functions: ensuring required API cloudbuild.googleapis.com is enabled... 
[info] i  artifactregistry: ensuring required API artifactregistry.googleapis.com is enabled... 
[debug] [2026-04-01T20:01:29.951Z] Checked if tokens are valid: true, expires at: 1775076260943
[debug] [2026-04-01T20:01:29.951Z] Checked if tokens are valid: true, expires at: 1775076260943
[debug] [2026-04-01T20:01:29.951Z] >>> [apiv2][query] GET https://firebase.googleapis.com/v1beta1/projects/campus-27dd9/adminSdkConfig [none]
[debug] [2026-04-01T20:01:30.943Z] <<< [apiv2][status] GET https://firebase.googleapis.com/v1beta1/projects/campus-27dd9/adminSdkConfig 200
[debug] [2026-04-01T20:01:30.943Z] <<< [apiv2][body] GET https://firebase.googleapis.com/v1beta1/projects/campus-27dd9/adminSdkConfig {"projectId":"campus-27dd9","storageBucket":"campus-27dd9.firebasestorage.app"}
[debug] [2026-04-01T20:01:30.944Z] Validating nodejs source
[warn] !  functions: Runtime Node.js 20 will be deprecated on 2026-04-30 and will be decommissioned on 2026-10-30, after which you will not be able to deploy without upgrading. Consider upgrading now to avoid disruption. See https://cloud.google.com/functions/docs/runtime-support for full details on the lifecycle policy 
[warn] !  functions: package.json indicates an outdated version of firebase-functions. Please upgrade using npm install --save firebase-functions@latest in your functions directory. 
[debug] [2026-04-01T20:01:31.696Z] > [functions] package.json contents: {
  "name": "portable-device-functions",
  "scripts": {
    "build": "tsc"
  },
  "engines": {
    "node": "20"
  },
  "main": "lib/index.js",
  "dependencies": {
    "firebase-admin": "^13.6.0",
    "firebase-functions": "^7.0.0"
  },
  "devDependencies": {
    "typescript": "^5.7.3"
  },
  "private": true
}
[debug] [2026-04-01T20:01:31.696Z] Building nodejs source
[info] i  functions: Loading and analyzing source code for codebase portable-device to determine what to deploy 
[debug] [2026-04-01T20:01:31.697Z] Could not find functions.yaml. Must use http discovery
[debug] [2026-04-01T20:01:31.702Z] Found firebase-functions binary at 'F:\campus-management-system\campus-management-system\node_modules\.bin\firebase-functions'
[info] Serving at port 8484

[error] (node:18808) [DEP0040] DeprecationWarning: The `punycode` module is deprecated. Please use a userland alternative instead.
(Use `node --trace-deprecation ...` to show where the warning was created)

[debug] [2026-04-01T20:01:32.055Z] Got response from /__/functions.yaml {"endpoints":{"campusDeviceLatestEvent":{"platform":"gcfv1","availableMemoryMb":null,"timeoutSeconds":null,"minInstances":null,"maxInstances":null,"ingressSettings":null,"serviceAccountEmail":null,"vpc":null,"region":["asia-southeast1"],"httpsTrigger":{},"entryPoint":"campusDeviceLatestEvent"},"campusDeviceConfirmPairing":{"platform":"gcfv1","availableMemoryMb":null,"timeoutSeconds":null,"minInstances":null,"maxInstances":null,"ingressSettings":null,"serviceAccountEmail":null,"vpc":null,"region":["asia-southeast1"],"httpsTrigger":{},"entryPoint":"campusDeviceConfirmPairing"},"campusDevicePendingEnrollments":{"platform":"gcfv1","availableMemoryMb":null,"timeoutSeconds":null,"minInstances":null,"maxInstances":null,"ingressSettings":null,"serviceAccountEmail":null,"vpc":null,"region":["asia-southeast1"],"httpsTrigger":{},"entryPoint":"campusDevicePendingEnrollments"},"campusDeviceSubmitEnrollment":{"platform":"gcfv1","availableMemoryMb":null,"timeoutSeconds":null,"minInstances":null,"maxInstances":null,"ingressSettings":null,"serviceAccountEmail":null,"vpc":null,"region":["asia-southeast1"],"httpsTrigger":{},"entryPoint":"campusDeviceSubmitEnrollment"},"campusDeviceSyncAttendance":{"platform":"gcfv1","availableMemoryMb":null,"timeoutSeconds":null,"minInstances":null,"maxInstances":null,"ingressSettings":null,"serviceAccountEmail":null,"vpc":null,"region":["asia-southeast1"],"httpsTrigger":{},"entryPoint":"campusDeviceSyncAttendance"}},"specVersion":"v1alpha1","requiredAPIs":[],"extensions":{}}
[info] i  extensions: ensuring required API firebaseextensions.googleapis.com is enabled... 
[debug] [2026-04-01T20:01:36.083Z] > command requires scopes: ["email","openid","https://www.googleapis.com/auth/cloudplatformprojects.readonly","https://www.googleapis.com/auth/firebase","https://www.googleapis.com/auth/cloud-platform"]
[debug] [2026-04-01T20:01:36.083Z] > authorizing via signed-in user (skeeterdamian@gmail.com)
[debug] [2026-04-01T20:01:36.083Z] [iam] checking project campus-27dd9 for permissions ["firebase.projects.get","firebaseextensions.instances.list"]
[debug] [2026-04-01T20:01:36.083Z] Checked if tokens are valid: true, expires at: 1775076260943
[debug] [2026-04-01T20:01:36.083Z] Checked if tokens are valid: true, expires at: 1775076260943
[debug] [2026-04-01T20:01:36.084Z] >>> [apiv2][query] POST https://cloudresourcemanager.googleapis.com/v1/projects/campus-27dd9:testIamPermissions [none]
[debug] [2026-04-01T20:01:36.084Z] >>> [apiv2][(partial)header] POST https://cloudresourcemanager.googleapis.com/v1/projects/campus-27dd9:testIamPermissions  x-goog-user-project=campus-27dd9
[debug] [2026-04-01T20:01:36.084Z] >>> [apiv2][body] POST https://cloudresourcemanager.googleapis.com/v1/projects/campus-27dd9:testIamPermissions {"permissions":["firebase.projects.get","firebaseextensions.instances.list"]}
[debug] [2026-04-01T20:01:37.031Z] <<< [apiv2][status] POST https://cloudresourcemanager.googleapis.com/v1/projects/campus-27dd9:testIamPermissions 200
[debug] [2026-04-01T20:01:37.031Z] <<< [apiv2][body] POST https://cloudresourcemanager.googleapis.com/v1/projects/campus-27dd9:testIamPermissions {"permissions":["firebase.projects.get","firebaseextensions.instances.list"]}
[debug] [2026-04-01T20:01:37.032Z] Checked if tokens are valid: true, expires at: 1775076260943
[debug] [2026-04-01T20:01:37.032Z] Checked if tokens are valid: true, expires at: 1775076260943
[debug] [2026-04-01T20:01:37.032Z] >>> [apiv2][query] GET https://firebaseextensions.googleapis.com/v1beta/projects/campus-27dd9/instances pageSize=100&pageToken=
[debug] [2026-04-01T20:01:38.253Z] <<< [apiv2][status] GET https://firebaseextensions.googleapis.com/v1beta/projects/campus-27dd9/instances 200
[debug] [2026-04-01T20:01:38.253Z] <<< [apiv2][body] GET https://firebaseextensions.googleapis.com/v1beta/projects/campus-27dd9/instances {}
[info] i  functions: preparing portable-device-functions directory for uploading... 
[info] i  functions: packaged F:\campus-management-system\campus-management-system\portable-device-functions (11.76 KB) for uploading 
[debug] [2026-04-01T20:01:38.272Z] Checked if tokens are valid: true, expires at: 1775076260943
[debug] [2026-04-01T20:01:38.272Z] Checked if tokens are valid: true, expires at: 1775076260943
[debug] [2026-04-01T20:01:38.272Z] >>> [apiv2][query] GET https://cloudfunctions.googleapis.com/v1/projects/campus-27dd9/locations/-/functions [none]
[debug] [2026-04-01T20:01:39.285Z] <<< [apiv2][status] GET https://cloudfunctions.googleapis.com/v1/projects/campus-27dd9/locations/-/functions 200
[debug] [2026-04-01T20:01:39.285Z] <<< [apiv2][body] GET https://cloudfunctions.googleapis.com/v1/projects/campus-27dd9/locations/-/functions {}
[debug] [2026-04-01T20:01:39.286Z] Checked if tokens are valid: true, expires at: 1775076260943
[debug] [2026-04-01T20:01:39.286Z] Checked if tokens are valid: true, expires at: 1775076260943
[debug] [2026-04-01T20:01:39.286Z] >>> [apiv2][query] GET https://cloudfunctions.googleapis.com/v2/projects/campus-27dd9/locations/-/functions filter=environment%3D%22GEN_2%22
[debug] [2026-04-01T20:01:40.875Z] <<< [apiv2][status] GET https://cloudfunctions.googleapis.com/v2/projects/campus-27dd9/locations/-/functions 200
[debug] [2026-04-01T20:01:40.875Z] <<< [apiv2][body] GET https://cloudfunctions.googleapis.com/v2/projects/campus-27dd9/locations/-/functions {"functions":[{"name":"projects/campus-27dd9/locations/asia-southeast1/functions/adminCreateUser","buildConfig":{"build":"projects/824074040304/locations/asia-southeast1/builds/4c22e624-ce02-489e-85f0-573083ea3805","runtime":"nodejs24","entryPoint":"adminCreateUser","source":{"storageSource":{"bucket":"gcf-v2-sources-824074040304-asia-southeast1","object":"adminCreateUser/function-source.zip","generation":"1771449401422626"}},"environmentVariables":{"GOOGLE_NODE_RUN_SCRIPTS":""},"dockerRepository":"projects/campus-27dd9/locations/asia-southeast1/repositories/gcf-artifacts","sourceProvenance":{"resolvedStorageSource":{"bucket":"gcf-v2-sources-824074040304-asia-southeast1","object":"adminCreateUser/function-source.zip","generation":"1771449401422626"}},"dockerRegistry":"ARTIFACT_REGISTRY","serviceAccount":"projects/campus-27dd9/serviceAccounts/824074040304-compute@developer.gserviceaccount.com","automaticUpdatePolicy":{}},"serviceConfig":{"service":"projects/campus-27dd9/locations/asia-southeast1/services/admincreateuser","timeoutSeconds":60,"environmentVariables":{"FIREBASE_CONFIG":"{\"projectId\":\"campus-27dd9\",\"storageBucket\":\"campus-27dd9.firebasestorage.app\"}","GCLOUD_PROJECT":"campus-27dd9","EVENTARC_CLOUD_EVENT_SOURCE":"projects/campus-27dd9/locations/asia-southeast1/services/adminCreateUser","FUNCTION_TARGET":"adminCreateUser","LOG_EXECUTION_ID":"true","FUNCTION_SIGNATURE_TYPE":"http"},"maxInstanceCount":20,"ingressSettings":"ALLOW_ALL","uri":"https://admincreateuser-7jan6jhp2q-as.a.run.app","serviceAccountEmail":"824074040304-compute@developer.gserviceaccount.com","availableMemory":"256Mi","allTrafficOnLatestRevision":true,"revision":"admincreateuser-00003-ciq","maxInstanceRequestConcurrency":80,"availableCpu":"1"},"state":"ACTIVE","updateTime":"2026-02-18T21:16:48.908788228Z","labels":{"deployment-tool":"cli-firebase","deployment-callable":"true","firebase-functions-hash":"f2ce15fb4dad2140ab29a943073c57da1cd8293a"},"environment":"GEN_2","url":"https://asia-southeast1-campus-27dd9.cloudfunctions.net/adminCreateUser","satisfiesPzs":true,"createTime":"2026-02-17T21:05:11.774743039Z","satisfiesPzi":true},{"name":"projects/campus-27dd9/locations/asia-southeast1/functions/adminDeleteUser","buildConfig":{"build":"projects/824074040304/locations/asia-southeast1/builds/4c22e624-ce02-489e-85f0-573083ea3805","runtime":"nodejs24","entryPoint":"adminDeleteUser","source":{"storageSource":{"bucket":"gcf-v2-sources-824074040304-asia-southeast1","object":"adminDeleteUser/function-source.zip","generation":"1771449401691916"}},"environmentVariables":{"GOOGLE_NODE_RUN_SCRIPTS":""},"dockerRepository":"projects/campus-27dd9/locations/asia-southeast1/repositories/gcf-artifacts","sourceProvenance":{"resolvedStorageSource":{"bucket":"gcf-v2-sources-824074040304-asia-southeast1","object":"adminDeleteUser/function-source.zip","generation":"1771449401691916"}},"dockerRegistry":"ARTIFACT_REGISTRY","serviceAccount":"projects/campus-27dd9/serviceAccounts/824074040304-compute@developer.gserviceaccount.com","automaticUpdatePolicy":{}},"serviceConfig":{"service":"projects/campus-27dd9/locations/asia-southeast1/services/admindeleteuser","timeoutSeconds":60,"environmentVariables":{"FIREBASE_CONFIG":"{\"projectId\":\"campus-27dd9\",\"storageBucket\":\"campus-27dd9.firebasestorage.app\"}","GCLOUD_PROJECT":"campus-27dd9","EVENTARC_CLOUD_EVENT_SOURCE":"projects/campus-27dd9/locations/asia-southeast1/services/adminDeleteUser","FUNCTION_TARGET":"adminDeleteUser","LOG_EXECUTION_ID":"true","FUNCTION_SIGNATURE_TYPE":"http"},"maxInstanceCount":20,"ingressSettings":"ALLOW_ALL","uri":"https://admindeleteuser-7jan6jhp2q-as.a.run.app","serviceAccountEmail":"824074040304-compute@developer.gserviceaccount.com","availableMemory":"256Mi","allTrafficOnLatestRevision":true,"revision":"admindeleteuser-00003-tip","maxInstanceRequestConcurrency":80,"availableCpu":"1"},"state":"ACTIVE","updateTime":"2026-02-18T21:16:48.603799121Z","labels":{"deployment-tool":"cli-firebase","deployment-callable":"true","firebase-functions-hash":"f2ce15fb4dad2140ab29a943073c57da1cd8293a"},"environment":"GEN_2","url":"https://asia-southeast1-campus-27dd9.cloudfunctions.net/adminDeleteUser","satisfiesPzs":true,"createTime":"2026-02-17T21:06:23.194704999Z","satisfiesPzi":true},{"name":"projects/campus-27dd9/locations/asia-southeast1/functions/ecListStudents","buildConfig":{"build":"projects/824074040304/locations/asia-southeast1/builds/4c22e624-ce02-489e-85f0-573083ea3805","runtime":"nodejs24","entryPoint":"ecListStudents","source":{"storageSource":{"bucket":"gcf-v2-sources-824074040304-asia-southeast1","object":"ecListStudents/function-source.zip","generation":"1771449350421579"}},"environmentVariables":{"GOOGLE_NODE_RUN_SCRIPTS":""},"dockerRepository":"projects/campus-27dd9/locations/asia-southeast1/repositories/gcf-artifacts","sourceProvenance":{"resolvedStorageSource":{"bucket":"gcf-v2-sources-824074040304-asia-southeast1","object":"ecListStudents/function-source.zip","generation":"1771449350421579"}},"dockerRegistry":"ARTIFACT_REGISTRY","serviceAccount":"projects/campus-27dd9/serviceAccounts/824074040304-compute@developer.gserviceaccount.com","automaticUpdatePolicy":{}},"serviceConfig":{"service":"projects/campus-27dd9/locations/asia-southeast1/services/ecliststudents","timeoutSeconds":60,"environmentVariables":{"FIREBASE_CONFIG":"{\"projectId\":\"campus-27dd9\",\"storageBucket\":\"campus-27dd9.firebasestorage.app\"}","GCLOUD_PROJECT":"campus-27dd9","EVENTARC_CLOUD_EVENT_SOURCE":"projects/campus-27dd9/locations/asia-southeast1/services/ecListStudents","FUNCTION_TARGET":"ecListStudents","LOG_EXECUTION_ID":"true"},"ingressSettings":"ALLOW_ALL","uri":"https://ecliststudents-7jan6jhp2q-as.a.run.app","serviceAccountEmail":"824074040304-compute@developer.gserviceaccount.com","availableMemory":"256Mi","allTrafficOnLatestRevision":true,"revision":"ecliststudents-00001-rer","maxInstanceRequestConcurrency":80,"availableCpu":"1"},"state":"ACTIVE","updateTime":"2026-02-18T21:16:44.279534892Z","labels":{"deployment-tool":"cli-firebase","deployment-callable":"true","firebase-functions-hash":"f2ce15fb4dad2140ab29a943073c57da1cd8293a"},"environment":"GEN_2","url":"https://asia-southeast1-campus-27dd9.cloudfunctions.net/ecListStudents","satisfiesPzs":true,"createTime":"2026-02-18T21:15:50.951395003Z","satisfiesPzi":true},{"name":"projects/campus-27dd9/locations/asia-southeast1/functions/ecCreateStudent","buildConfig":{"build":"projects/824074040304/locations/asia-southeast1/builds/4c22e624-ce02-489e-85f0-573083ea3805","runtime":"nodejs24","entryPoint":"ecCreateStudent","source":{"storageSource":{"bucket":"gcf-v2-sources-824074040304-asia-southeast1","object":"ecCreateStudent/function-source.zip","generation":"1771449401506843"}},"environmentVariables":{"GOOGLE_NODE_RUN_SCRIPTS":""},"dockerRepository":"projects/campus-27dd9/locations/asia-southeast1/repositories/gcf-artifacts","sourceProvenance":{"resolvedStorageSource":{"bucket":"gcf-v2-sources-824074040304-asia-southeast1","object":"ecCreateStudent/function-source.zip","generation":"1771449401506843"}},"dockerRegistry":"ARTIFACT_REGISTRY","serviceAccount":"projects/campus-27dd9/serviceAccounts/824074040304-compute@developer.gserviceaccount.com","automaticUpdatePolicy":{}},"serviceConfig":{"service":"projects/campus-27dd9/locations/asia-southeast1/services/eccreatestudent","timeoutSeconds":60,"environmentVariables":{"FIREBASE_CONFIG":"{\"projectId\":\"campus-27dd9\",\"storageBucket\":\"campus-27dd9.firebasestorage.app\"}","GCLOUD_PROJECT":"campus-27dd9","EVENTARC_CLOUD_EVENT_SOURCE":"projects/campus-27dd9/locations/asia-southeast1/services/ecCreateStudent","FUNCTION_TARGET":"ecCreateStudent","LOG_EXECUTION_ID":"true","FUNCTION_SIGNATURE_TYPE":"http"},"maxInstanceCount":20,"ingressSettings":"ALLOW_ALL","uri":"https://eccreatestudent-7jan6jhp2q-as.a.run.app","serviceAccountEmail":"824074040304-compute@developer.gserviceaccount.com","availableMemory":"256Mi","allTrafficOnLatestRevision":true,"revision":"eccreatestudent-00002-wev","maxInstanceRequestConcurrency":80,"availableCpu":"1"},"state":"ACTIVE","updateTime":"2026-02-18T21:16:50.287403764Z","labels":{"deployment-tool":"cli-firebase","deployment-callable":"true","firebase-functions-hash":"f2ce15fb4dad2140ab29a943073c57da1cd8293a"},"environment":"GEN_2","url":"https://asia-southeast1-campus-27dd9.cloudfunctions.net/ecCreateStudent","satisfiesPzs":true,"createTime":"2026-02-18T21:03:04.710511950Z","satisfiesPzi":true}]}
[debug] [2026-04-01T20:01:40.878Z] Checked if tokens are valid: true, expires at: 1775076260943
[debug] [2026-04-01T20:01:40.878Z] Checked if tokens are valid: true, expires at: 1775076260943
[debug] [2026-04-01T20:01:40.878Z] >>> [apiv2][query] GET https://cloudresourcemanager.googleapis.com/v1/projects/campus-27dd9 [none]
[debug] [2026-04-01T20:01:41.113Z] <<< [apiv2][status] GET https://cloudresourcemanager.googleapis.com/v1/projects/campus-27dd9 200
[debug] [2026-04-01T20:01:41.113Z] <<< [apiv2][body] GET https://cloudresourcemanager.googleapis.com/v1/projects/campus-27dd9 {"projectNumber":"824074040304","projectId":"campus-27dd9","lifecycleState":"ACTIVE","name":"CAMPUS","labels":{"firebase":"enabled","firebase-core":"disabled"},"createTime":"2026-02-06T14:12:33.966915Z"}
[debug] [2026-04-01T20:01:41.114Z] Checked if tokens are valid: true, expires at: 1775076260943
[debug] [2026-04-01T20:01:41.114Z] Checked if tokens are valid: true, expires at: 1775076260943
[debug] [2026-04-01T20:01:41.114Z] >>> [apiv2][query] GET https://cloudbilling.googleapis.com/v1/projects/campus-27dd9/billingInfo [none]
[debug] [2026-04-01T20:01:42.489Z] <<< [apiv2][status] GET https://cloudbilling.googleapis.com/v1/projects/campus-27dd9/billingInfo 200
[debug] [2026-04-01T20:01:42.489Z] <<< [apiv2][body] GET https://cloudbilling.googleapis.com/v1/projects/campus-27dd9/billingInfo {"name":"projects/campus-27dd9/billingInfo","projectId":"campus-27dd9","billingAccountName":"billingAccounts/013848-B2F4A0-B23F76","billingEnabled":true}
[debug] [2026-04-01T20:01:42.489Z] [functions] found 5 new HTTP functions, testing setIamPolicy permission...
[debug] [2026-04-01T20:01:42.489Z] Checked if tokens are valid: true, expires at: 1775076260943
[debug] [2026-04-01T20:01:42.489Z] Checked if tokens are valid: true, expires at: 1775076260943
[debug] [2026-04-01T20:01:42.490Z] >>> [apiv2][query] POST https://cloudresourcemanager.googleapis.com/v1/projects/campus-27dd9:testIamPermissions [none]
[debug] [2026-04-01T20:01:42.490Z] >>> [apiv2][(partial)header] POST https://cloudresourcemanager.googleapis.com/v1/projects/campus-27dd9:testIamPermissions  x-goog-user-project=campus-27dd9
[debug] [2026-04-01T20:01:42.490Z] >>> [apiv2][body] POST https://cloudresourcemanager.googleapis.com/v1/projects/campus-27dd9:testIamPermissions {"permissions":["cloudfunctions.functions.setIamPolicy"]}
[debug] [2026-04-01T20:01:42.674Z] <<< [apiv2][status] POST https://cloudresourcemanager.googleapis.com/v1/projects/campus-27dd9:testIamPermissions 200
[debug] [2026-04-01T20:01:42.675Z] <<< [apiv2][body] POST https://cloudresourcemanager.googleapis.com/v1/projects/campus-27dd9:testIamPermissions {"permissions":["cloudfunctions.functions.setIamPolicy"]}
[debug] [2026-04-01T20:01:42.675Z] [functions] found setIamPolicy permission, proceeding with deploy
[debug] [2026-04-01T20:01:42.675Z] Checked if tokens are valid: true, expires at: 1775076260943
[debug] [2026-04-01T20:01:42.675Z] Checked if tokens are valid: true, expires at: 1775076260943
[debug] [2026-04-01T20:01:42.675Z] >>> [apiv2][query] POST https://cloudfunctions.googleapis.com/v1/projects/campus-27dd9/locations/asia-southeast1/functions:generateUploadUrl [none]
[debug] [2026-04-01T20:01:42.675Z] >>> [apiv2][body] POST https://cloudfunctions.googleapis.com/v1/projects/campus-27dd9/locations/asia-southeast1/functions:generateUploadUrl {}
[debug] [2026-04-01T20:02:17.341Z] <<< [apiv2][status] POST https://cloudfunctions.googleapis.com/v1/projects/campus-27dd9/locations/asia-southeast1/functions:generateUploadUrl 200
[debug] [2026-04-01T20:02:17.341Z] <<< [apiv2][body] POST https://cloudfunctions.googleapis.com/v1/projects/campus-27dd9/locations/asia-southeast1/functions:generateUploadUrl {"uploadUrl":"https://storage.googleapis.com/uploads-1047370624808.asia-southeast1.cloudfunctions.appspot.com/94aefe91-e047-4dea-a70e-97a34cd6a861.zip?GoogleAccessId=service-824074040304@gcf-admin-robot.iam.gserviceaccount.com&Expires=1775075537&Signature=jeY3zlB92JgbOa7viJaWcmPbLSHz%2FmrE99QryZyY9ymN5%2FBiwI5E2m9BiwSMBMKWH527Ag3z3zxmUSlQGZEP4Xsb8%2Fmr2HdwZSAkksAPV0ILZT7QNRigYmQ2YA7I3ZyL2Vm5b6%2By%2BEWsga8QTgCRFfhe1fItsmQsM1t5aMALMkTIrb0hl7RWEm4T2VvX5iw7baBmBCt7tA51L3reyx5SIG3Mq5Hj75V9n619HZQAyaugrNmhJqKpfbfOyryjS4n92oZgUhKiJ5cbZ80zqYPtTTDnJnKTkQelRBn8I7RR5shyKoFIjZMLusqlp95JYofNc1emBATJrPblx3HG5A%2BaNQ%3D%3D"}
[debug] [2026-04-01T20:02:17.342Z] >>> [apiv2][query] PUT https://storage.googleapis.com/uploads-1047370624808.asia-southeast1.cloudfunctions.appspot.com/94aefe91-e047-4dea-a70e-97a34cd6a861.zip GoogleAccessId=service-824074040304%40gcf-admin-robot.iam.gserviceaccount.com&Expires=1775075537&Signature=jeY3zlB92JgbOa7viJaWcmPbLSHz%2FmrE99QryZyY9ymN5%2FBiwI5E2m9BiwSMBMKWH527Ag3z3zxmUSlQGZEP4Xsb8%2Fmr2HdwZSAkksAPV0ILZT7QNRigYmQ2YA7I3ZyL2Vm5b6%2By%2BEWsga8QTgCRFfhe1fItsmQsM1t5aMALMkTIrb0hl7RWEm4T2VvX5iw7baBmBCt7tA51L3reyx5SIG3Mq5Hj75V9n619HZQAyaugrNmhJqKpfbfOyryjS4n92oZgUhKiJ5cbZ80zqYPtTTDnJnKTkQelRBn8I7RR5shyKoFIjZMLusqlp95JYofNc1emBATJrPblx3HG5A%2BaNQ%3D%3D
[debug] [2026-04-01T20:02:17.342Z] >>> [apiv2][body] PUT https://storage.googleapis.com/uploads-1047370624808.asia-southeast1.cloudfunctions.appspot.com/94aefe91-e047-4dea-a70e-97a34cd6a861.zip [stream]
[debug] [2026-04-01T20:02:18.528Z] <<< [apiv2][status] PUT https://storage.googleapis.com/uploads-1047370624808.asia-southeast1.cloudfunctions.appspot.com/94aefe91-e047-4dea-a70e-97a34cd6a861.zip 200
[debug] [2026-04-01T20:02:18.528Z] <<< [apiv2][body] PUT https://storage.googleapis.com/uploads-1047370624808.asia-southeast1.cloudfunctions.appspot.com/94aefe91-e047-4dea-a70e-97a34cd6a861.zip [omitted]
[info] +  functions: portable-device-functions source uploaded successfully 
[info] i  functions: creating Node.js 20 (1st Gen) function portable-device:campusDeviceLatestEvent(asia-southeast1)... 
[info] i  functions: creating Node.js 20 (1st Gen) function portable-device:campusDeviceConfirmPairing(asia-southeast1)... 
[info] i  functions: creating Node.js 20 (1st Gen) function portable-device:campusDevicePendingEnrollments(asia-southeast1)... 
[info] i  functions: creating Node.js 20 (1st Gen) function portable-device:campusDeviceSubmitEnrollment(asia-southeast1)... 
[info] i  functions: creating Node.js 20 (1st Gen) function portable-device:campusDeviceSyncAttendance(asia-southeast1)... 
[debug] [2026-04-01T20:02:18.530Z] Checked if tokens are valid: true, expires at: 1775076260943
[debug] [2026-04-01T20:02:18.530Z] Checked if tokens are valid: true, expires at: 1775076260943
[debug] [2026-04-01T20:02:18.531Z] >>> [apiv2][query] POST https://cloudfunctions.googleapis.com/v1/projects/campus-27dd9/locations/asia-southeast1/functions [none]
[debug] [2026-04-01T20:02:18.531Z] >>> [apiv2][body] POST https://cloudfunctions.googleapis.com/v1/projects/campus-27dd9/locations/asia-southeast1/functions {"name":"projects/campus-27dd9/locations/asia-southeast1/functions/campusDeviceLatestEvent","sourceUploadUrl":"https://storage.googleapis.com/uploads-1047370624808.asia-southeast1.cloudfunctions.appspot.com/94aefe91-e047-4dea-a70e-97a34cd6a861.zip?GoogleAccessId=service-824074040304@gcf-admin-robot.iam.gserviceaccount.com&Expires=1775075537&Signature=jeY3zlB92JgbOa7viJaWcmPbLSHz%2FmrE99QryZyY9ymN5%2FBiwI5E2m9BiwSMBMKWH527Ag3z3zxmUSlQGZEP4Xsb8%2Fmr2HdwZSAkksAPV0ILZT7QNRigYmQ2YA7I3ZyL2Vm5b6%2By%2BEWsga8QTgCRFfhe1fItsmQsM1t5aMALMkTIrb0hl7RWEm4T2VvX5iw7baBmBCt7tA51L3reyx5SIG3Mq5Hj75V9n619HZQAyaugrNmhJqKpfbfOyryjS4n92oZgUhKiJ5cbZ80zqYPtTTDnJnKTkQelRBn8I7RR5shyKoFIjZMLusqlp95JYofNc1emBATJrPblx3HG5A%2BaNQ%3D%3D","entryPoint":"campusDeviceLatestEvent","runtime":"nodejs20","dockerRegistry":"ARTIFACT_REGISTRY","labels":{"deployment-tool":"cli-firebase","firebase-functions-codebase":"portable-device","firebase-functions-hash":"bb3755a4cdd460bb9cb3b79b7efde5e0203a1bf7"},"httpsTrigger":{"securityLevel":"SECURE_ALWAYS"},"minInstances":null,"maxInstances":null,"ingressSettings":null,"environmentVariables":{"FIREBASE_CONFIG":"{\"projectId\":\"campus-27dd9\",\"storageBucket\":\"campus-27dd9.firebasestorage.app\"}","GCLOUD_PROJECT":"campus-27dd9","EVENTARC_CLOUD_EVENT_SOURCE":"projects/campus-27dd9/locations/asia-southeast1/functions/campusDeviceLatestEvent"},"serviceAccountEmail":null,"availableMemoryMb":null,"timeout":null,"vpcConnector":null,"vpcConnectorEgressSettings":null,"buildEnvironmentVariables":{"GOOGLE_NODE_RUN_SCRIPTS":""}}
[debug] [2026-04-01T20:02:19.591Z] <<< [apiv2][status] POST https://cloudfunctions.googleapis.com/v1/projects/campus-27dd9/locations/asia-southeast1/functions 200
[debug] [2026-04-01T20:02:19.591Z] <<< [apiv2][body] POST https://cloudfunctions.googleapis.com/v1/projects/campus-27dd9/locations/asia-southeast1/functions {"name":"operations/cHJvamVjdHMvY2FtcHVzLTI3ZGQ5L2xvY2F0aW9ucy9hc2lhLXNvdXRoZWFzdDEvb3BlcmF0aW9ucy9vcGVyYXRpb24tMTc3NTA3MzczODk4NS02NGU2YjhmYTk5MWZjLWRjN2Y5MjM2LWZkNGI5ZjQw","metadata":{"@type":"type.googleapis.com/google.cloud.functions.v1.OperationMetadataV1","target":"projects/campus-27dd9/locations/asia-southeast1/functions/campusDeviceLatestEvent","updateTime":"2026-04-01T20:02:19.575751026Z"}}
[debug] [2026-04-01T20:02:19.591Z] Checked if tokens are valid: true, expires at: 1775076260943
[debug] [2026-04-01T20:02:19.591Z] Checked if tokens are valid: true, expires at: 1775076260943
[debug] [2026-04-01T20:02:19.592Z] >>> [apiv2][query] GET https://cloudfunctions.googleapis.com/v1/operations/cHJvamVjdHMvY2FtcHVzLTI3ZGQ5L2xvY2F0aW9ucy9hc2lhLXNvdXRoZWFzdDEvb3BlcmF0aW9ucy9vcGVyYXRpb24tMTc3NTA3MzczODk4NS02NGU2YjhmYTk5MWZjLWRjN2Y5MjM2LWZkNGI5ZjQw [none]
[debug] [2026-04-01T20:02:20.156Z] <<< [apiv2][status] GET https://cloudfunctions.googleapis.com/v1/operations/cHJvamVjdHMvY2FtcHVzLTI3ZGQ5L2xvY2F0aW9ucy9hc2lhLXNvdXRoZWFzdDEvb3BlcmF0aW9ucy9vcGVyYXRpb24tMTc3NTA3MzczODk4NS02NGU2YjhmYTk5MWZjLWRjN2Y5MjM2LWZkNGI5ZjQw 200
[debug] [2026-04-01T20:02:20.156Z] <<< [apiv2][body] GET https://cloudfunctions.googleapis.com/v1/operations/cHJvamVjdHMvY2FtcHVzLTI3ZGQ5L2xvY2F0aW9ucy9hc2lhLXNvdXRoZWFzdDEvb3BlcmF0aW9ucy9vcGVyYXRpb24tMTc3NTA3MzczODk4NS02NGU2YjhmYTk5MWZjLWRjN2Y5MjM2LWZkNGI5ZjQw {"name":"operations/cHJvamVjdHMvY2FtcHVzLTI3ZGQ5L2xvY2F0aW9ucy9hc2lhLXNvdXRoZWFzdDEvb3BlcmF0aW9ucy9vcGVyYXRpb24tMTc3NTA3MzczODk4NS02NGU2YjhmYTk5MWZjLWRjN2Y5MjM2LWZkNGI5ZjQw","metadata":{"@type":"type.googleapis.com/google.cloud.functions.v1.OperationMetadataV1","target":"projects/campus-27dd9/locations/asia-southeast1/functions/campusDeviceLatestEvent","updateTime":"2026-04-01T20:02:19.575751026Z"}}
[debug] [2026-04-01T20:02:20.669Z] [create-portable-device-asia-southeast1-campusDeviceLatestEvent] Retrying task index 0
[debug] [2026-04-01T20:02:20.670Z] Checked if tokens are valid: true, expires at: 1775076260943
[debug] [2026-04-01T20:02:20.670Z] Checked if tokens are valid: true, expires at: 1775076260943
[debug] [2026-04-01T20:02:20.670Z] >>> [apiv2][query] GET https://cloudfunctions.googleapis.com/v1/operations/cHJvamVjdHMvY2FtcHVzLTI3ZGQ5L2xvY2F0aW9ucy9hc2lhLXNvdXRoZWFzdDEvb3BlcmF0aW9ucy9vcGVyYXRpb24tMTc3NTA3MzczODk4NS02NGU2YjhmYTk5MWZjLWRjN2Y5MjM2LWZkNGI5ZjQw [none]
[debug] [2026-04-01T20:02:21.114Z] <<< [apiv2][status] GET https://cloudfunctions.googleapis.com/v1/operations/cHJvamVjdHMvY2FtcHVzLTI3ZGQ5L2xvY2F0aW9ucy9hc2lhLXNvdXRoZWFzdDEvb3BlcmF0aW9ucy9vcGVyYXRpb24tMTc3NTA3MzczODk4NS02NGU2YjhmYTk5MWZjLWRjN2Y5MjM2LWZkNGI5ZjQw 200
[debug] [2026-04-01T20:02:21.114Z] <<< [apiv2][body] GET https://cloudfunctions.googleapis.com/v1/operations/cHJvamVjdHMvY2FtcHVzLTI3ZGQ5L2xvY2F0aW9ucy9hc2lhLXNvdXRoZWFzdDEvb3BlcmF0aW9ucy9vcGVyYXRpb24tMTc3NTA3MzczODk4NS02NGU2YjhmYTk5MWZjLWRjN2Y5MjM2LWZkNGI5ZjQw {"name":"operations/cHJvamVjdHMvY2FtcHVzLTI3ZGQ5L2xvY2F0aW9ucy9hc2lhLXNvdXRoZWFzdDEvb3BlcmF0aW9ucy9vcGVyYXRpb24tMTc3NTA3MzczODk4NS02NGU2YjhmYTk5MWZjLWRjN2Y5MjM2LWZkNGI5ZjQw","metadata":{"@type":"type.googleapis.com/google.cloud.functions.v1.OperationMetadataV1","target":"projects/campus-27dd9/locations/asia-southeast1/functions/campusDeviceLatestEvent","type":"CREATE_FUNCTION","request":{"@type":"type.googleapis.com/google.cloud.functions.v1.CloudFunction","name":"projects/campus-27dd9/locations/asia-southeast1/functions/campusDeviceLatestEvent","httpsTrigger":{"securityLevel":"SECURE_ALWAYS"},"entryPoint":"campusDeviceLatestEvent","updateTime":"1970-01-01T00:00:00Z","labels":{"deployment-tool":"cli-firebase","firebase-functions-codebase":"portable-device","firebase-functions-hash":"bb3755a4cdd460bb9cb3b79b7efde5e0203a1bf7"},"sourceUploadUrl":"https://storage.googleapis.com/uploads-1047370624808.asia-southeast1.cloudfunctions.appspot.com/94aefe91-e047-4dea-a70e-97a34cd6a861.zip?GoogleAccessId=service-824074040304@gcf-admin-robot.iam.gserviceaccount.com&Expires=1775075537&Signature=jeY3zlB92JgbOa7viJaWcmPbLSHz%2FmrE99QryZyY9ymN5%2FBiwI5E2m9BiwSMBMKWH527Ag3z3zxmUSlQGZEP4Xsb8%2Fmr2HdwZSAkksAPV0ILZT7QNRigYmQ2YA7I3ZyL2Vm5b6%2By%2BEWsga8QTgCRFfhe1fItsmQsM1t5aMALMkTIrb0hl7RWEm4T2VvX5iw7baBmBCt7tA51L3reyx5SIG3Mq5Hj75V9n619HZQAyaugrNmhJqKpfbfOyryjS4n92oZgUhKiJ5cbZ80zqYPtTTDnJnKTkQelRBn8I7RR5shyKoFIjZMLusqlp95JYofNc1emBATJrPblx3HG5A%2BaNQ%3D%3D","environmentVariables":{"FIREBASE_CONFIG":"{\"projectId\":\"campus-27dd9\",\"storageBucket\":\"campus-27dd9.firebasestorage.app\"}","GCLOUD_PROJECT":"campus-27dd9","EVENTARC_CLOUD_EVENT_SOURCE":"projects/campus-27dd9/locations/asia-southeast1/functions/campusDeviceLatestEvent"},"runtime":"nodejs20","buildEnvironmentVariables":{"GOOGLE_NODE_RUN_SCRIPTS":""},"dockerRegistry":"ARTIFACT_REGISTRY"},"versionId":"1","updateTime":"2026-04-01T20:02:19.575751026Z"}}
[debug] [2026-04-01T20:02:22.120Z] [create-portable-device-asia-southeast1-campusDeviceLatestEvent] Retrying task index 0
[debug] [2026-04-01T20:02:22.120Z] Checked if tokens are valid: true, expires at: 1775076260943
[debug] [2026-04-01T20:02:22.120Z] Checked if tokens are valid: true, expires at: 1775076260943
[debug] [2026-04-01T20:02:22.120Z] >>> [apiv2][query] GET https://cloudfunctions.googleapis.com/v1/operations/cHJvamVjdHMvY2FtcHVzLTI3ZGQ5L2xvY2F0aW9ucy9hc2lhLXNvdXRoZWFzdDEvb3BlcmF0aW9ucy9vcGVyYXRpb24tMTc3NTA3MzczODk4NS02NGU2YjhmYTk5MWZjLWRjN2Y5MjM2LWZkNGI5ZjQw [none]
[debug] [2026-04-01T20:02:22.526Z] <<< [apiv2][status] GET https://cloudfunctions.googleapis.com/v1/operations/cHJvamVjdHMvY2FtcHVzLTI3ZGQ5L2xvY2F0aW9ucy9hc2lhLXNvdXRoZWFzdDEvb3BlcmF0aW9ucy9vcGVyYXRpb24tMTc3NTA3MzczODk4NS02NGU2YjhmYTk5MWZjLWRjN2Y5MjM2LWZkNGI5ZjQw 200
[debug] [2026-04-01T20:02:22.526Z] <<< [apiv2][body] GET https://cloudfunctions.googleapis.com/v1/operations/cHJvamVjdHMvY2FtcHVzLTI3ZGQ5L2xvY2F0aW9ucy9hc2lhLXNvdXRoZWFzdDEvb3BlcmF0aW9ucy9vcGVyYXRpb24tMTc3NTA3MzczODk4NS02NGU2YjhmYTk5MWZjLWRjN2Y5MjM2LWZkNGI5ZjQw {"name":"operations/cHJvamVjdHMvY2FtcHVzLTI3ZGQ5L2xvY2F0aW9ucy9hc2lhLXNvdXRoZWFzdDEvb3BlcmF0aW9ucy9vcGVyYXRpb24tMTc3NTA3MzczODk4NS02NGU2YjhmYTk5MWZjLWRjN2Y5MjM2LWZkNGI5ZjQw","metadata":{"@type":"type.googleapis.com/google.cloud.functions.v1.OperationMetadataV1","target":"projects/campus-27dd9/locations/asia-southeast1/functions/campusDeviceLatestEvent","type":"CREATE_FUNCTION","request":{"@type":"type.googleapis.com/google.cloud.functions.v1.CloudFunction","name":"projects/campus-27dd9/locations/asia-southeast1/functions/campusDeviceLatestEvent","httpsTrigger":{"securityLevel":"SECURE_ALWAYS"},"entryPoint":"campusDeviceLatestEvent","updateTime":"1970-01-01T00:00:00Z","labels":{"deployment-tool":"cli-firebase","firebase-functions-codebase":"portable-device","firebase-functions-hash":"bb3755a4cdd460bb9cb3b79b7efde5e0203a1bf7"},"sourceUploadUrl":"https://storage.googleapis.com/uploads-1047370624808.asia-southeast1.cloudfunctions.appspot.com/94aefe91-e047-4dea-a70e-97a34cd6a861.zip?GoogleAccessId=service-824074040304@gcf-admin-robot.iam.gserviceaccount.com&Expires=1775075537&Signature=jeY3zlB92JgbOa7viJaWcmPbLSHz%2FmrE99QryZyY9ymN5%2FBiwI5E2m9BiwSMBMKWH527Ag3z3zxmUSlQGZEP4Xsb8%2Fmr2HdwZSAkksAPV0ILZT7QNRigYmQ2YA7I3ZyL2Vm5b6%2By%2BEWsga8QTgCRFfhe1fItsmQsM1t5aMALMkTIrb0hl7RWEm4T2VvX5iw7baBmBCt7tA51L3reyx5SIG3Mq5Hj75V9n619HZQAyaugrNmhJqKpfbfOyryjS4n92oZgUhKiJ5cbZ80zqYPtTTDnJnKTkQelRBn8I7RR5shyKoFIjZMLusqlp95JYofNc1emBATJrPblx3HG5A%2BaNQ%3D%3D","environmentVariables":{"FIREBASE_CONFIG":"{\"projectId\":\"campus-27dd9\",\"storageBucket\":\"campus-27dd9.firebasestorage.app\"}","GCLOUD_PROJECT":"campus-27dd9","EVENTARC_CLOUD_EVENT_SOURCE":"projects/campus-27dd9/locations/asia-southeast1/functions/campusDeviceLatestEvent"},"runtime":"nodejs20","buildEnvironmentVariables":{"GOOGLE_NODE_RUN_SCRIPTS":""},"dockerRegistry":"ARTIFACT_REGISTRY"},"versionId":"1","updateTime":"2026-04-01T20:02:19.575751026Z"}}
[debug] [2026-04-01T20:02:24.528Z] [create-portable-device-asia-southeast1-campusDeviceLatestEvent] Retrying task index 0
[debug] [2026-04-01T20:02:24.528Z] Checked if tokens are valid: true, expires at: 1775076260943
[debug] [2026-04-01T20:02:24.528Z] Checked if tokens are valid: true, expires at: 1775076260943
[debug] [2026-04-01T20:02:24.529Z] >>> [apiv2][query] GET https://cloudfunctions.googleapis.com/v1/operations/cHJvamVjdHMvY2FtcHVzLTI3ZGQ5L2xvY2F0aW9ucy9hc2lhLXNvdXRoZWFzdDEvb3BlcmF0aW9ucy9vcGVyYXRpb24tMTc3NTA3MzczODk4NS02NGU2YjhmYTk5MWZjLWRjN2Y5MjM2LWZkNGI5ZjQw [none]
[debug] [2026-04-01T20:02:24.934Z] <<< [apiv2][status] GET https://cloudfunctions.googleapis.com/v1/operations/cHJvamVjdHMvY2FtcHVzLTI3ZGQ5L2xvY2F0aW9ucy9hc2lhLXNvdXRoZWFzdDEvb3BlcmF0aW9ucy9vcGVyYXRpb24tMTc3NTA3MzczODk4NS02NGU2YjhmYTk5MWZjLWRjN2Y5MjM2LWZkNGI5ZjQw 200
[debug] [2026-04-01T20:02:24.934Z] <<< [apiv2][body] GET https://cloudfunctions.googleapis.com/v1/operations/cHJvamVjdHMvY2FtcHVzLTI3ZGQ5L2xvY2F0aW9ucy9hc2lhLXNvdXRoZWFzdDEvb3BlcmF0aW9ucy9vcGVyYXRpb24tMTc3NTA3MzczODk4NS02NGU2YjhmYTk5MWZjLWRjN2Y5MjM2LWZkNGI5ZjQw {"name":"operations/cHJvamVjdHMvY2FtcHVzLTI3ZGQ5L2xvY2F0aW9ucy9hc2lhLXNvdXRoZWFzdDEvb3BlcmF0aW9ucy9vcGVyYXRpb24tMTc3NTA3MzczODk4NS02NGU2YjhmYTk5MWZjLWRjN2Y5MjM2LWZkNGI5ZjQw","metadata":{"@type":"type.googleapis.com/google.cloud.functions.v1.OperationMetadataV1","target":"projects/campus-27dd9/locations/asia-southeast1/functions/campusDeviceLatestEvent","type":"CREATE_FUNCTION","request":{"@type":"type.googleapis.com/google.cloud.functions.v1.CloudFunction","name":"projects/campus-27dd9/locations/asia-southeast1/functions/campusDeviceLatestEvent","httpsTrigger":{"securityLevel":"SECURE_ALWAYS"},"entryPoint":"campusDeviceLatestEvent","updateTime":"1970-01-01T00:00:00Z","labels":{"deployment-tool":"cli-firebase","firebase-functions-codebase":"portable-device","firebase-functions-hash":"bb3755a4cdd460bb9cb3b79b7efde5e0203a1bf7"},"sourceUploadUrl":"https://storage.googleapis.com/uploads-1047370624808.asia-southeast1.cloudfunctions.appspot.com/94aefe91-e047-4dea-a70e-97a34cd6a861.zip?GoogleAccessId=service-824074040304@gcf-admin-robot.iam.gserviceaccount.com&Expires=1775075537&Signature=jeY3zlB92JgbOa7viJaWcmPbLSHz%2FmrE99QryZyY9ymN5%2FBiwI5E2m9BiwSMBMKWH527Ag3z3zxmUSlQGZEP4Xsb8%2Fmr2HdwZSAkksAPV0ILZT7QNRigYmQ2YA7I3ZyL2Vm5b6%2By%2BEWsga8QTgCRFfhe1fItsmQsM1t5aMALMkTIrb0hl7RWEm4T2VvX5iw7baBmBCt7tA51L3reyx5SIG3Mq5Hj75V9n619HZQAyaugrNmhJqKpfbfOyryjS4n92oZgUhKiJ5cbZ80zqYPtTTDnJnKTkQelRBn8I7RR5shyKoFIjZMLusqlp95JYofNc1emBATJrPblx3HG5A%2BaNQ%3D%3D","environmentVariables":{"FIREBASE_CONFIG":"{\"projectId\":\"campus-27dd9\",\"storageBucket\":\"campus-27dd9.firebasestorage.app\"}","GCLOUD_PROJECT":"campus-27dd9","EVENTARC_CLOUD_EVENT_SOURCE":"projects/campus-27dd9/locations/asia-southeast1/functions/campusDeviceLatestEvent"},"runtime":"nodejs20","buildEnvironmentVariables":{"GOOGLE_NODE_RUN_SCRIPTS":""},"dockerRegistry":"ARTIFACT_REGISTRY"},"versionId":"1","updateTime":"2026-04-01T20:02:19.575751026Z"}}
[debug] [2026-04-01T20:02:28.945Z] [create-portable-device-asia-southeast1-campusDeviceLatestEvent] Retrying task index 0
[debug] [2026-04-01T20:02:28.946Z] Checked if tokens are valid: true, expires at: 1775076260943
[debug] [2026-04-01T20:02:28.946Z] Checked if tokens are valid: true, expires at: 1775076260943
[debug] [2026-04-01T20:02:28.946Z] >>> [apiv2][query] GET https://cloudfunctions.googleapis.com/v1/operations/cHJvamVjdHMvY2FtcHVzLTI3ZGQ5L2xvY2F0aW9ucy9hc2lhLXNvdXRoZWFzdDEvb3BlcmF0aW9ucy9vcGVyYXRpb24tMTc3NTA3MzczODk4NS02NGU2YjhmYTk5MWZjLWRjN2Y5MjM2LWZkNGI5ZjQw [none]
[debug] [2026-04-01T20:02:29.348Z] <<< [apiv2][status] GET https://cloudfunctions.googleapis.com/v1/operations/cHJvamVjdHMvY2FtcHVzLTI3ZGQ5L2xvY2F0aW9ucy9hc2lhLXNvdXRoZWFzdDEvb3BlcmF0aW9ucy9vcGVyYXRpb24tMTc3NTA3MzczODk4NS02NGU2YjhmYTk5MWZjLWRjN2Y5MjM2LWZkNGI5ZjQw 200
[debug] [2026-04-01T20:02:29.348Z] <<< [apiv2][body] GET https://cloudfunctions.googleapis.com/v1/operations/cHJvamVjdHMvY2FtcHVzLTI3ZGQ5L2xvY2F0aW9ucy9hc2lhLXNvdXRoZWFzdDEvb3BlcmF0aW9ucy9vcGVyYXRpb24tMTc3NTA3MzczODk4NS02NGU2YjhmYTk5MWZjLWRjN2Y5MjM2LWZkNGI5ZjQw {"name":"operations/cHJvamVjdHMvY2FtcHVzLTI3ZGQ5L2xvY2F0aW9ucy9hc2lhLXNvdXRoZWFzdDEvb3BlcmF0aW9ucy9vcGVyYXRpb24tMTc3NTA3MzczODk4NS02NGU2YjhmYTk5MWZjLWRjN2Y5MjM2LWZkNGI5ZjQw","metadata":{"@type":"type.googleapis.com/google.cloud.functions.v1.OperationMetadataV1","target":"projects/campus-27dd9/locations/asia-southeast1/functions/campusDeviceLatestEvent","type":"CREATE_FUNCTION","request":{"@type":"type.googleapis.com/google.cloud.functions.v1.CloudFunction","name":"projects/campus-27dd9/locations/asia-southeast1/functions/campusDeviceLatestEvent","httpsTrigger":{"securityLevel":"SECURE_ALWAYS"},"entryPoint":"campusDeviceLatestEvent","updateTime":"1970-01-01T00:00:00Z","labels":{"deployment-tool":"cli-firebase","firebase-functions-codebase":"portable-device","firebase-functions-hash":"bb3755a4cdd460bb9cb3b79b7efde5e0203a1bf7"},"sourceUploadUrl":"https://storage.googleapis.com/uploads-1047370624808.asia-southeast1.cloudfunctions.appspot.com/94aefe91-e047-4dea-a70e-97a34cd6a861.zip?GoogleAccessId=service-824074040304@gcf-admin-robot.iam.gserviceaccount.com&Expires=1775075537&Signature=jeY3zlB92JgbOa7viJaWcmPbLSHz%2FmrE99QryZyY9ymN5%2FBiwI5E2m9BiwSMBMKWH527Ag3z3zxmUSlQGZEP4Xsb8%2Fmr2HdwZSAkksAPV0ILZT7QNRigYmQ2YA7I3ZyL2Vm5b6%2By%2BEWsga8QTgCRFfhe1fItsmQsM1t5aMALMkTIrb0hl7RWEm4T2VvX5iw7baBmBCt7tA51L3reyx5SIG3Mq5Hj75V9n619HZQAyaugrNmhJqKpfbfOyryjS4n92oZgUhKiJ5cbZ80zqYPtTTDnJnKTkQelRBn8I7RR5shyKoFIjZMLusqlp95JYofNc1emBATJrPblx3HG5A%2BaNQ%3D%3D","environmentVariables":{"FIREBASE_CONFIG":"{\"projectId\":\"campus-27dd9\",\"storageBucket\":\"campus-27dd9.firebasestorage.app\"}","GCLOUD_PROJECT":"campus-27dd9","EVENTARC_CLOUD_EVENT_SOURCE":"projects/campus-27dd9/locations/asia-southeast1/functions/campusDeviceLatestEvent"},"runtime":"nodejs20","buildEnvironmentVariables":{"GOOGLE_NODE_RUN_SCRIPTS":""},"dockerRegistry":"ARTIFACT_REGISTRY"},"versionId":"1","updateTime":"2026-04-01T20:02:19.575751026Z","buildId":"73b65b9d-28af-40ad-b03d-24b5bc4f77e2","buildName":"projects/824074040304/locations/asia-southeast1/builds/73b65b9d-28af-40ad-b03d-24b5bc4f77e2"}}
[debug] [2026-04-01T20:02:37.359Z] [create-portable-device-asia-southeast1-campusDeviceLatestEvent] Retrying task index 0
[debug] [2026-04-01T20:02:37.359Z] Checked if tokens are valid: true, expires at: 1775076260943
[debug] [2026-04-01T20:02:37.359Z] Checked if tokens are valid: true, expires at: 1775076260943
[debug] [2026-04-01T20:02:37.359Z] >>> [apiv2][query] GET https://cloudfunctions.googleapis.com/v1/operations/cHJvamVjdHMvY2FtcHVzLTI3ZGQ5L2xvY2F0aW9ucy9hc2lhLXNvdXRoZWFzdDEvb3BlcmF0aW9ucy9vcGVyYXRpb24tMTc3NTA3MzczODk4NS02NGU2YjhmYTk5MWZjLWRjN2Y5MjM2LWZkNGI5ZjQw [none]
[debug] [2026-04-01T20:02:37.863Z] <<< [apiv2][status] GET https://cloudfunctions.googleapis.com/v1/operations/cHJvamVjdHMvY2FtcHVzLTI3ZGQ5L2xvY2F0aW9ucy9hc2lhLXNvdXRoZWFzdDEvb3BlcmF0aW9ucy9vcGVyYXRpb24tMTc3NTA3MzczODk4NS02NGU2YjhmYTk5MWZjLWRjN2Y5MjM2LWZkNGI5ZjQw 200
[debug] [2026-04-01T20:02:37.863Z] <<< [apiv2][body] GET https://cloudfunctions.googleapis.com/v1/operations/cHJvamVjdHMvY2FtcHVzLTI3ZGQ5L2xvY2F0aW9ucy9hc2lhLXNvdXRoZWFzdDEvb3BlcmF0aW9ucy9vcGVyYXRpb24tMTc3NTA3MzczODk4NS02NGU2YjhmYTk5MWZjLWRjN2Y5MjM2LWZkNGI5ZjQw {"name":"operations/cHJvamVjdHMvY2FtcHVzLTI3ZGQ5L2xvY2F0aW9ucy9hc2lhLXNvdXRoZWFzdDEvb3BlcmF0aW9ucy9vcGVyYXRpb24tMTc3NTA3MzczODk4NS02NGU2YjhmYTk5MWZjLWRjN2Y5MjM2LWZkNGI5ZjQw","metadata":{"@type":"type.googleapis.com/google.cloud.functions.v1.OperationMetadataV1","target":"projects/campus-27dd9/locations/asia-southeast1/functions/campusDeviceLatestEvent","type":"CREATE_FUNCTION","request":{"@type":"type.googleapis.com/google.cloud.functions.v1.CloudFunction","name":"projects/campus-27dd9/locations/asia-southeast1/functions/campusDeviceLatestEvent","httpsTrigger":{"securityLevel":"SECURE_ALWAYS"},"entryPoint":"campusDeviceLatestEvent","updateTime":"1970-01-01T00:00:00Z","labels":{"deployment-tool":"cli-firebase","firebase-functions-codebase":"portable-device","firebase-functions-hash":"bb3755a4cdd460bb9cb3b79b7efde5e0203a1bf7"},"sourceUploadUrl":"https://storage.googleapis.com/uploads-1047370624808.asia-southeast1.cloudfunctions.appspot.com/94aefe91-e047-4dea-a70e-97a34cd6a861.zip?GoogleAccessId=service-824074040304@gcf-admin-robot.iam.gserviceaccount.com&Expires=1775075537&Signature=jeY3zlB92JgbOa7viJaWcmPbLSHz%2FmrE99QryZyY9ymN5%2FBiwI5E2m9BiwSMBMKWH527Ag3z3zxmUSlQGZEP4Xsb8%2Fmr2HdwZSAkksAPV0ILZT7QNRigYmQ2YA7I3ZyL2Vm5b6%2By%2BEWsga8QTgCRFfhe1fItsmQsM1t5aMALMkTIrb0hl7RWEm4T2VvX5iw7baBmBCt7tA51L3reyx5SIG3Mq5Hj75V9n619HZQAyaugrNmhJqKpfbfOyryjS4n92oZgUhKiJ5cbZ80zqYPtTTDnJnKTkQelRBn8I7RR5shyKoFIjZMLusqlp95JYofNc1emBATJrPblx3HG5A%2BaNQ%3D%3D","environmentVariables":{"FIREBASE_CONFIG":"{\"projectId\":\"campus-27dd9\",\"storageBucket\":\"campus-27dd9.firebasestorage.app\"}","GCLOUD_PROJECT":"campus-27dd9","EVENTARC_CLOUD_EVENT_SOURCE":"projects/campus-27dd9/locations/asia-southeast1/functions/campusDeviceLatestEvent"},"runtime":"nodejs20","buildEnvironmentVariables":{"GOOGLE_NODE_RUN_SCRIPTS":""},"dockerRegistry":"ARTIFACT_REGISTRY"},"versionId":"1","updateTime":"2026-04-01T20:02:19.575751026Z","buildId":"73b65b9d-28af-40ad-b03d-24b5bc4f77e2","buildName":"projects/824074040304/locations/asia-southeast1/builds/73b65b9d-28af-40ad-b03d-24b5bc4f77e2"}}
[debug] [2026-04-01T20:02:47.865Z] [create-portable-device-asia-southeast1-campusDeviceLatestEvent] Retrying task index 0
[debug] [2026-04-01T20:02:47.865Z] Checked if tokens are valid: true, expires at: 1775076260943
[debug] [2026-04-01T20:02:47.865Z] Checked if tokens are valid: true, expires at: 1775076260943
[debug] [2026-04-01T20:02:47.865Z] >>> [apiv2][query] GET https://cloudfunctions.googleapis.com/v1/operations/cHJvamVjdHMvY2FtcHVzLTI3ZGQ5L2xvY2F0aW9ucy9hc2lhLXNvdXRoZWFzdDEvb3BlcmF0aW9ucy9vcGVyYXRpb24tMTc3NTA3MzczODk4NS02NGU2YjhmYTk5MWZjLWRjN2Y5MjM2LWZkNGI5ZjQw [none]
[debug] [2026-04-01T20:02:48.221Z] <<< [apiv2][status] GET https://cloudfunctions.googleapis.com/v1/operations/cHJvamVjdHMvY2FtcHVzLTI3ZGQ5L2xvY2F0aW9ucy9hc2lhLXNvdXRoZWFzdDEvb3BlcmF0aW9ucy9vcGVyYXRpb24tMTc3NTA3MzczODk4NS02NGU2YjhmYTk5MWZjLWRjN2Y5MjM2LWZkNGI5ZjQw 200
[debug] [2026-04-01T20:02:48.221Z] <<< [apiv2][body] GET https://cloudfunctions.googleapis.com/v1/operations/cHJvamVjdHMvY2FtcHVzLTI3ZGQ5L2xvY2F0aW9ucy9hc2lhLXNvdXRoZWFzdDEvb3BlcmF0aW9ucy9vcGVyYXRpb24tMTc3NTA3MzczODk4NS02NGU2YjhmYTk5MWZjLWRjN2Y5MjM2LWZkNGI5ZjQw {"name":"operations/cHJvamVjdHMvY2FtcHVzLTI3ZGQ5L2xvY2F0aW9ucy9hc2lhLXNvdXRoZWFzdDEvb3BlcmF0aW9ucy9vcGVyYXRpb24tMTc3NTA3MzczODk4NS02NGU2YjhmYTk5MWZjLWRjN2Y5MjM2LWZkNGI5ZjQw","metadata":{"@type":"type.googleapis.com/google.cloud.functions.v1.OperationMetadataV1","target":"projects/campus-27dd9/locations/asia-southeast1/functions/campusDeviceLatestEvent","type":"CREATE_FUNCTION","request":{"@type":"type.googleapis.com/google.cloud.functions.v1.CloudFunction","name":"projects/campus-27dd9/locations/asia-southeast1/functions/campusDeviceLatestEvent","httpsTrigger":{"securityLevel":"SECURE_ALWAYS"},"entryPoint":"campusDeviceLatestEvent","updateTime":"1970-01-01T00:00:00Z","labels":{"deployment-tool":"cli-firebase","firebase-functions-codebase":"portable-device","firebase-functions-hash":"bb3755a4cdd460bb9cb3b79b7efde5e0203a1bf7"},"sourceUploadUrl":"https://storage.googleapis.com/uploads-1047370624808.asia-southeast1.cloudfunctions.appspot.com/94aefe91-e047-4dea-a70e-97a34cd6a861.zip?GoogleAccessId=service-824074040304@gcf-admin-robot.iam.gserviceaccount.com&Expires=1775075537&Signature=jeY3zlB92JgbOa7viJaWcmPbLSHz%2FmrE99QryZyY9ymN5%2FBiwI5E2m9BiwSMBMKWH527Ag3z3zxmUSlQGZEP4Xsb8%2Fmr2HdwZSAkksAPV0ILZT7QNRigYmQ2YA7I3ZyL2Vm5b6%2By%2BEWsga8QTgCRFfhe1fItsmQsM1t5aMALMkTIrb0hl7RWEm4T2VvX5iw7baBmBCt7tA51L3reyx5SIG3Mq5Hj75V9n619HZQAyaugrNmhJqKpfbfOyryjS4n92oZgUhKiJ5cbZ80zqYPtTTDnJnKTkQelRBn8I7RR5shyKoFIjZMLusqlp95JYofNc1emBATJrPblx3HG5A%2BaNQ%3D%3D","environmentVariables":{"FIREBASE_CONFIG":"{\"projectId\":\"campus-27dd9\",\"storageBucket\":\"campus-27dd9.firebasestorage.app\"}","GCLOUD_PROJECT":"campus-27dd9","EVENTARC_CLOUD_EVENT_SOURCE":"projects/campus-27dd9/locations/asia-southeast1/functions/campusDeviceLatestEvent"},"runtime":"nodejs20","buildEnvironmentVariables":{"GOOGLE_NODE_RUN_SCRIPTS":""},"dockerRegistry":"ARTIFACT_REGISTRY"},"versionId":"1","updateTime":"2026-04-01T20:02:19.575751026Z","buildId":"73b65b9d-28af-40ad-b03d-24b5bc4f77e2","buildName":"projects/824074040304/locations/asia-southeast1/builds/73b65b9d-28af-40ad-b03d-24b5bc4f77e2"}}
[debug] [2026-04-01T20:02:58.224Z] [create-portable-device-asia-southeast1-campusDeviceLatestEvent] Retrying task index 0
[debug] [2026-04-01T20:02:58.224Z] Checked if tokens are valid: true, expires at: 1775076260943
[debug] [2026-04-01T20:02:58.224Z] Checked if tokens are valid: true, expires at: 1775076260943
[debug] [2026-04-01T20:02:58.224Z] >>> [apiv2][query] GET https://cloudfunctions.googleapis.com/v1/operations/cHJvamVjdHMvY2FtcHVzLTI3ZGQ5L2xvY2F0aW9ucy9hc2lhLXNvdXRoZWFzdDEvb3BlcmF0aW9ucy9vcGVyYXRpb24tMTc3NTA3MzczODk4NS02NGU2YjhmYTk5MWZjLWRjN2Y5MjM2LWZkNGI5ZjQw [none]
[debug] [2026-04-01T20:02:58.767Z] <<< [apiv2][status] GET https://cloudfunctions.googleapis.com/v1/operations/cHJvamVjdHMvY2FtcHVzLTI3ZGQ5L2xvY2F0aW9ucy9hc2lhLXNvdXRoZWFzdDEvb3BlcmF0aW9ucy9vcGVyYXRpb24tMTc3NTA3MzczODk4NS02NGU2YjhmYTk5MWZjLWRjN2Y5MjM2LWZkNGI5ZjQw 200
[debug] [2026-04-01T20:02:58.767Z] <<< [apiv2][body] GET https://cloudfunctions.googleapis.com/v1/operations/cHJvamVjdHMvY2FtcHVzLTI3ZGQ5L2xvY2F0aW9ucy9hc2lhLXNvdXRoZWFzdDEvb3BlcmF0aW9ucy9vcGVyYXRpb24tMTc3NTA3MzczODk4NS02NGU2YjhmYTk5MWZjLWRjN2Y5MjM2LWZkNGI5ZjQw {"name":"operations/cHJvamVjdHMvY2FtcHVzLTI3ZGQ5L2xvY2F0aW9ucy9hc2lhLXNvdXRoZWFzdDEvb3BlcmF0aW9ucy9vcGVyYXRpb24tMTc3NTA3MzczODk4NS02NGU2YjhmYTk5MWZjLWRjN2Y5MjM2LWZkNGI5ZjQw","metadata":{"@type":"type.googleapis.com/google.cloud.functions.v1.OperationMetadataV1","target":"projects/campus-27dd9/locations/asia-southeast1/functions/campusDeviceLatestEvent","type":"CREATE_FUNCTION","request":{"@type":"type.googleapis.com/google.cloud.functions.v1.CloudFunction","name":"projects/campus-27dd9/locations/asia-southeast1/functions/campusDeviceLatestEvent","httpsTrigger":{"securityLevel":"SECURE_ALWAYS"},"entryPoint":"campusDeviceLatestEvent","updateTime":"1970-01-01T00:00:00Z","labels":{"deployment-tool":"cli-firebase","firebase-functions-codebase":"portable-device","firebase-functions-hash":"bb3755a4cdd460bb9cb3b79b7efde5e0203a1bf7"},"sourceUploadUrl":"https://storage.googleapis.com/uploads-1047370624808.asia-southeast1.cloudfunctions.appspot.com/94aefe91-e047-4dea-a70e-97a34cd6a861.zip?GoogleAccessId=service-824074040304@gcf-admin-robot.iam.gserviceaccount.com&Expires=1775075537&Signature=jeY3zlB92JgbOa7viJaWcmPbLSHz%2FmrE99QryZyY9ymN5%2FBiwI5E2m9BiwSMBMKWH527Ag3z3zxmUSlQGZEP4Xsb8%2Fmr2HdwZSAkksAPV0ILZT7QNRigYmQ2YA7I3ZyL2Vm5b6%2By%2BEWsga8QTgCRFfhe1fItsmQsM1t5aMALMkTIrb0hl7RWEm4T2VvX5iw7baBmBCt7tA51L3reyx5SIG3Mq5Hj75V9n619HZQAyaugrNmhJqKpfbfOyryjS4n92oZgUhKiJ5cbZ80zqYPtTTDnJnKTkQelRBn8I7RR5shyKoFIjZMLusqlp95JYofNc1emBATJrPblx3HG5A%2BaNQ%3D%3D","environmentVariables":{"FIREBASE_CONFIG":"{\"projectId\":\"campus-27dd9\",\"storageBucket\":\"campus-27dd9.firebasestorage.app\"}","GCLOUD_PROJECT":"campus-27dd9","EVENTARC_CLOUD_EVENT_SOURCE":"projects/campus-27dd9/locations/asia-southeast1/functions/campusDeviceLatestEvent"},"runtime":"nodejs20","buildEnvironmentVariables":{"GOOGLE_NODE_RUN_SCRIPTS":""},"dockerRegistry":"ARTIFACT_REGISTRY"},"versionId":"1","updateTime":"2026-04-01T20:02:19.575751026Z","buildId":"73b65b9d-28af-40ad-b03d-24b5bc4f77e2","buildName":"projects/824074040304/locations/asia-southeast1/builds/73b65b9d-28af-40ad-b03d-24b5bc4f77e2"}}
[debug] [2026-04-01T20:03:08.780Z] [create-portable-device-asia-southeast1-campusDeviceLatestEvent] Retrying task index 0
[debug] [2026-04-01T20:03:08.780Z] Checked if tokens are valid: true, expires at: 1775076260943
[debug] [2026-04-01T20:03:08.781Z] Checked if tokens are valid: true, expires at: 1775076260943
[debug] [2026-04-01T20:03:08.781Z] >>> [apiv2][query] GET https://cloudfunctions.googleapis.com/v1/operations/cHJvamVjdHMvY2FtcHVzLTI3ZGQ5L2xvY2F0aW9ucy9hc2lhLXNvdXRoZWFzdDEvb3BlcmF0aW9ucy9vcGVyYXRpb24tMTc3NTA3MzczODk4NS02NGU2YjhmYTk5MWZjLWRjN2Y5MjM2LWZkNGI5ZjQw [none]
[debug] [2026-04-01T20:03:09.139Z] <<< [apiv2][status] GET https://cloudfunctions.googleapis.com/v1/operations/cHJvamVjdHMvY2FtcHVzLTI3ZGQ5L2xvY2F0aW9ucy9hc2lhLXNvdXRoZWFzdDEvb3BlcmF0aW9ucy9vcGVyYXRpb24tMTc3NTA3MzczODk4NS02NGU2YjhmYTk5MWZjLWRjN2Y5MjM2LWZkNGI5ZjQw 200
[debug] [2026-04-01T20:03:09.139Z] <<< [apiv2][body] GET https://cloudfunctions.googleapis.com/v1/operations/cHJvamVjdHMvY2FtcHVzLTI3ZGQ5L2xvY2F0aW9ucy9hc2lhLXNvdXRoZWFzdDEvb3BlcmF0aW9ucy9vcGVyYXRpb24tMTc3NTA3MzczODk4NS02NGU2YjhmYTk5MWZjLWRjN2Y5MjM2LWZkNGI5ZjQw {"name":"operations/cHJvamVjdHMvY2FtcHVzLTI3ZGQ5L2xvY2F0aW9ucy9hc2lhLXNvdXRoZWFzdDEvb3BlcmF0aW9ucy9vcGVyYXRpb24tMTc3NTA3MzczODk4NS02NGU2YjhmYTk5MWZjLWRjN2Y5MjM2LWZkNGI5ZjQw","metadata":{"@type":"type.googleapis.com/google.cloud.functions.v1.OperationMetadataV1","target":"projects/campus-27dd9/locations/asia-southeast1/functions/campusDeviceLatestEvent","type":"CREATE_FUNCTION","request":{"@type":"type.googleapis.com/google.cloud.functions.v1.CloudFunction","name":"projects/campus-27dd9/locations/asia-southeast1/functions/campusDeviceLatestEvent","httpsTrigger":{"securityLevel":"SECURE_ALWAYS"},"entryPoint":"campusDeviceLatestEvent","updateTime":"1970-01-01T00:00:00Z","labels":{"deployment-tool":"cli-firebase","firebase-functions-codebase":"portable-device","firebase-functions-hash":"bb3755a4cdd460bb9cb3b79b7efde5e0203a1bf7"},"sourceUploadUrl":"https://storage.googleapis.com/uploads-1047370624808.asia-southeast1.cloudfunctions.appspot.com/94aefe91-e047-4dea-a70e-97a34cd6a861.zip?GoogleAccessId=service-824074040304@gcf-admin-robot.iam.gserviceaccount.com&Expires=1775075537&Signature=jeY3zlB92JgbOa7viJaWcmPbLSHz%2FmrE99QryZyY9ymN5%2FBiwI5E2m9BiwSMBMKWH527Ag3z3zxmUSlQGZEP4Xsb8%2Fmr2HdwZSAkksAPV0ILZT7QNRigYmQ2YA7I3ZyL2Vm5b6%2By%2BEWsga8QTgCRFfhe1fItsmQsM1t5aMALMkTIrb0hl7RWEm4T2VvX5iw7baBmBCt7tA51L3reyx5SIG3Mq5Hj75V9n619HZQAyaugrNmhJqKpfbfOyryjS4n92oZgUhKiJ5cbZ80zqYPtTTDnJnKTkQelRBn8I7RR5shyKoFIjZMLusqlp95JYofNc1emBATJrPblx3HG5A%2BaNQ%3D%3D","environmentVariables":{"FIREBASE_CONFIG":"{\"projectId\":\"campus-27dd9\",\"storageBucket\":\"campus-27dd9.firebasestorage.app\"}","GCLOUD_PROJECT":"campus-27dd9","EVENTARC_CLOUD_EVENT_SOURCE":"projects/campus-27dd9/locations/asia-southeast1/functions/campusDeviceLatestEvent"},"runtime":"nodejs20","buildEnvironmentVariables":{"GOOGLE_NODE_RUN_SCRIPTS":""},"dockerRegistry":"ARTIFACT_REGISTRY"},"versionId":"1","updateTime":"2026-04-01T20:02:19.575751026Z","buildId":"73b65b9d-28af-40ad-b03d-24b5bc4f77e2","buildName":"projects/824074040304/locations/asia-southeast1/builds/73b65b9d-28af-40ad-b03d-24b5bc4f77e2"}}
[debug] [2026-04-01T20:03:19.148Z] [create-portable-device-asia-southeast1-campusDeviceLatestEvent] Retrying task index 0
[debug] [2026-04-01T20:03:19.149Z] Checked if tokens are valid: true, expires at: 1775076260943
[debug] [2026-04-01T20:03:19.149Z] Checked if tokens are valid: true, expires at: 1775076260943
[debug] [2026-04-01T20:03:19.149Z] >>> [apiv2][query] GET https://cloudfunctions.googleapis.com/v1/operations/cHJvamVjdHMvY2FtcHVzLTI3ZGQ5L2xvY2F0aW9ucy9hc2lhLXNvdXRoZWFzdDEvb3BlcmF0aW9ucy9vcGVyYXRpb24tMTc3NTA3MzczODk4NS02NGU2YjhmYTk5MWZjLWRjN2Y5MjM2LWZkNGI5ZjQw [none]
[debug] [2026-04-01T20:03:19.664Z] <<< [apiv2][status] GET https://cloudfunctions.googleapis.com/v1/operations/cHJvamVjdHMvY2FtcHVzLTI3ZGQ5L2xvY2F0aW9ucy9hc2lhLXNvdXRoZWFzdDEvb3BlcmF0aW9ucy9vcGVyYXRpb24tMTc3NTA3MzczODk4NS02NGU2YjhmYTk5MWZjLWRjN2Y5MjM2LWZkNGI5ZjQw 200
[debug] [2026-04-01T20:03:19.664Z] <<< [apiv2][body] GET https://cloudfunctions.googleapis.com/v1/operations/cHJvamVjdHMvY2FtcHVzLTI3ZGQ5L2xvY2F0aW9ucy9hc2lhLXNvdXRoZWFzdDEvb3BlcmF0aW9ucy9vcGVyYXRpb24tMTc3NTA3MzczODk4NS02NGU2YjhmYTk5MWZjLWRjN2Y5MjM2LWZkNGI5ZjQw {"name":"operations/cHJvamVjdHMvY2FtcHVzLTI3ZGQ5L2xvY2F0aW9ucy9hc2lhLXNvdXRoZWFzdDEvb3BlcmF0aW9ucy9vcGVyYXRpb24tMTc3NTA3MzczODk4NS02NGU2YjhmYTk5MWZjLWRjN2Y5MjM2LWZkNGI5ZjQw","metadata":{"@type":"type.googleapis.com/google.cloud.functions.v1.OperationMetadataV1","target":"projects/campus-27dd9/locations/asia-southeast1/functions/campusDeviceLatestEvent","type":"CREATE_FUNCTION","request":{"@type":"type.googleapis.com/google.cloud.functions.v1.CloudFunction","name":"projects/campus-27dd9/locations/asia-southeast1/functions/campusDeviceLatestEvent","httpsTrigger":{"securityLevel":"SECURE_ALWAYS"},"entryPoint":"campusDeviceLatestEvent","updateTime":"1970-01-01T00:00:00Z","labels":{"deployment-tool":"cli-firebase","firebase-functions-codebase":"portable-device","firebase-functions-hash":"bb3755a4cdd460bb9cb3b79b7efde5e0203a1bf7"},"sourceUploadUrl":"https://storage.googleapis.com/uploads-1047370624808.asia-southeast1.cloudfunctions.appspot.com/94aefe91-e047-4dea-a70e-97a34cd6a861.zip?GoogleAccessId=service-824074040304@gcf-admin-robot.iam.gserviceaccount.com&Expires=1775075537&Signature=jeY3zlB92JgbOa7viJaWcmPbLSHz%2FmrE99QryZyY9ymN5%2FBiwI5E2m9BiwSMBMKWH527Ag3z3zxmUSlQGZEP4Xsb8%2Fmr2HdwZSAkksAPV0ILZT7QNRigYmQ2YA7I3ZyL2Vm5b6%2By%2BEWsga8QTgCRFfhe1fItsmQsM1t5aMALMkTIrb0hl7RWEm4T2VvX5iw7baBmBCt7tA51L3reyx5SIG3Mq5Hj75V9n619HZQAyaugrNmhJqKpfbfOyryjS4n92oZgUhKiJ5cbZ80zqYPtTTDnJnKTkQelRBn8I7RR5shyKoFIjZMLusqlp95JYofNc1emBATJrPblx3HG5A%2BaNQ%3D%3D","environmentVariables":{"FIREBASE_CONFIG":"{\"projectId\":\"campus-27dd9\",\"storageBucket\":\"campus-27dd9.firebasestorage.app\"}","GCLOUD_PROJECT":"campus-27dd9","EVENTARC_CLOUD_EVENT_SOURCE":"projects/campus-27dd9/locations/asia-southeast1/functions/campusDeviceLatestEvent"},"runtime":"nodejs20","buildEnvironmentVariables":{"GOOGLE_NODE_RUN_SCRIPTS":""},"dockerRegistry":"ARTIFACT_REGISTRY"},"versionId":"1","updateTime":"2026-04-01T20:02:19.575751026Z","buildId":"73b65b9d-28af-40ad-b03d-24b5bc4f77e2","buildName":"projects/824074040304/locations/asia-southeast1/builds/73b65b9d-28af-40ad-b03d-24b5bc4f77e2"}}
[debug] [2026-04-01T20:03:29.668Z] [create-portable-device-asia-southeast1-campusDeviceLatestEvent] Retrying task index 0
[debug] [2026-04-01T20:03:29.668Z] Checked if tokens are valid: true, expires at: 1775076260943
[debug] [2026-04-01T20:03:29.669Z] Checked if tokens are valid: true, expires at: 1775076260943
[debug] [2026-04-01T20:03:29.669Z] >>> [apiv2][query] GET https://cloudfunctions.googleapis.com/v1/operations/cHJvamVjdHMvY2FtcHVzLTI3ZGQ5L2xvY2F0aW9ucy9hc2lhLXNvdXRoZWFzdDEvb3BlcmF0aW9ucy9vcGVyYXRpb24tMTc3NTA3MzczODk4NS02NGU2YjhmYTk5MWZjLWRjN2Y5MjM2LWZkNGI5ZjQw [none]
[debug] [2026-04-01T20:03:30.196Z] <<< [apiv2][status] GET https://cloudfunctions.googleapis.com/v1/operations/cHJvamVjdHMvY2FtcHVzLTI3ZGQ5L2xvY2F0aW9ucy9hc2lhLXNvdXRoZWFzdDEvb3BlcmF0aW9ucy9vcGVyYXRpb24tMTc3NTA3MzczODk4NS02NGU2YjhmYTk5MWZjLWRjN2Y5MjM2LWZkNGI5ZjQw 200
[debug] [2026-04-01T20:03:30.196Z] <<< [apiv2][body] GET https://cloudfunctions.googleapis.com/v1/operations/cHJvamVjdHMvY2FtcHVzLTI3ZGQ5L2xvY2F0aW9ucy9hc2lhLXNvdXRoZWFzdDEvb3BlcmF0aW9ucy9vcGVyYXRpb24tMTc3NTA3MzczODk4NS02NGU2YjhmYTk5MWZjLWRjN2Y5MjM2LWZkNGI5ZjQw {"name":"operations/cHJvamVjdHMvY2FtcHVzLTI3ZGQ5L2xvY2F0aW9ucy9hc2lhLXNvdXRoZWFzdDEvb3BlcmF0aW9ucy9vcGVyYXRpb24tMTc3NTA3MzczODk4NS02NGU2YjhmYTk5MWZjLWRjN2Y5MjM2LWZkNGI5ZjQw","metadata":{"@type":"type.googleapis.com/google.cloud.functions.v1.OperationMetadataV1","target":"projects/campus-27dd9/locations/asia-southeast1/functions/campusDeviceLatestEvent","type":"CREATE_FUNCTION","request":{"@type":"type.googleapis.com/google.cloud.functions.v1.CloudFunction","name":"projects/campus-27dd9/locations/asia-southeast1/functions/campusDeviceLatestEvent","httpsTrigger":{"securityLevel":"SECURE_ALWAYS"},"entryPoint":"campusDeviceLatestEvent","updateTime":"1970-01-01T00:00:00Z","labels":{"deployment-tool":"cli-firebase","firebase-functions-codebase":"portable-device","firebase-functions-hash":"bb3755a4cdd460bb9cb3b79b7efde5e0203a1bf7"},"sourceUploadUrl":"https://storage.googleapis.com/uploads-1047370624808.asia-southeast1.cloudfunctions.appspot.com/94aefe91-e047-4dea-a70e-97a34cd6a861.zip?GoogleAccessId=service-824074040304@gcf-admin-robot.iam.gserviceaccount.com&Expires=1775075537&Signature=jeY3zlB92JgbOa7viJaWcmPbLSHz%2FmrE99QryZyY9ymN5%2FBiwI5E2m9BiwSMBMKWH527Ag3z3zxmUSlQGZEP4Xsb8%2Fmr2HdwZSAkksAPV0ILZT7QNRigYmQ2YA7I3ZyL2Vm5b6%2By%2BEWsga8QTgCRFfhe1fItsmQsM1t5aMALMkTIrb0hl7RWEm4T2VvX5iw7baBmBCt7tA51L3reyx5SIG3Mq5Hj75V9n619HZQAyaugrNmhJqKpfbfOyryjS4n92oZgUhKiJ5cbZ80zqYPtTTDnJnKTkQelRBn8I7RR5shyKoFIjZMLusqlp95JYofNc1emBATJrPblx3HG5A%2BaNQ%3D%3D","environmentVariables":{"FIREBASE_CONFIG":"{\"projectId\":\"campus-27dd9\",\"storageBucket\":\"campus-27dd9.firebasestorage.app\"}","GCLOUD_PROJECT":"campus-27dd9","EVENTARC_CLOUD_EVENT_SOURCE":"projects/campus-27dd9/locations/asia-southeast1/functions/campusDeviceLatestEvent"},"runtime":"nodejs20","buildEnvironmentVariables":{"GOOGLE_NODE_RUN_SCRIPTS":""},"dockerRegistry":"ARTIFACT_REGISTRY"},"versionId":"1","updateTime":"2026-04-01T20:02:19.575751026Z","buildId":"73b65b9d-28af-40ad-b03d-24b5bc4f77e2","sourceToken":"ffb9493c-fc20-4970-b078-d5a46e082ab2","buildName":"projects/824074040304/locations/asia-southeast1/builds/73b65b9d-28af-40ad-b03d-24b5bc4f77e2"}}
[debug] [2026-04-01T20:03:30.196Z] Got source token ffb9493c-fc20-4970-b078-d5a46e082ab2 for region asia-southeast1
[debug] [2026-04-01T20:03:30.196Z] Checked if tokens are valid: true, expires at: 1775076260943
[debug] [2026-04-01T20:03:30.196Z] Checked if tokens are valid: true, expires at: 1775076260943
[debug] [2026-04-01T20:03:30.196Z] Checked if tokens are valid: true, expires at: 1775076260943
[debug] [2026-04-01T20:03:30.196Z] Checked if tokens are valid: true, expires at: 1775076260943
[debug] [2026-04-01T20:03:30.196Z] Checked if tokens are valid: true, expires at: 1775076260943
[debug] [2026-04-01T20:03:30.197Z] Checked if tokens are valid: true, expires at: 1775076260943
[debug] [2026-04-01T20:03:30.197Z] Checked if tokens are valid: true, expires at: 1775076260943
[debug] [2026-04-01T20:03:30.197Z] Checked if tokens are valid: true, expires at: 1775076260943
[debug] [2026-04-01T20:03:30.197Z] >>> [apiv2][query] POST https://cloudfunctions.googleapis.com/v1/projects/campus-27dd9/locations/asia-southeast1/functions [none]
[debug] [2026-04-01T20:03:30.197Z] >>> [apiv2][body] POST https://cloudfunctions.googleapis.com/v1/projects/campus-27dd9/locations/asia-southeast1/functions {"name":"projects/campus-27dd9/locations/asia-southeast1/functions/campusDeviceConfirmPairing","sourceUploadUrl":"https://storage.googleapis.com/uploads-1047370624808.asia-southeast1.cloudfunctions.appspot.com/94aefe91-e047-4dea-a70e-97a34cd6a861.zip?GoogleAccessId=service-824074040304@gcf-admin-robot.iam.gserviceaccount.com&Expires=1775075537&Signature=jeY3zlB92JgbOa7viJaWcmPbLSHz%2FmrE99QryZyY9ymN5%2FBiwI5E2m9BiwSMBMKWH527Ag3z3zxmUSlQGZEP4Xsb8%2Fmr2HdwZSAkksAPV0ILZT7QNRigYmQ2YA7I3ZyL2Vm5b6%2By%2BEWsga8QTgCRFfhe1fItsmQsM1t5aMALMkTIrb0hl7RWEm4T2VvX5iw7baBmBCt7tA51L3reyx5SIG3Mq5Hj75V9n619HZQAyaugrNmhJqKpfbfOyryjS4n92oZgUhKiJ5cbZ80zqYPtTTDnJnKTkQelRBn8I7RR5shyKoFIjZMLusqlp95JYofNc1emBATJrPblx3HG5A%2BaNQ%3D%3D","entryPoint":"campusDeviceConfirmPairing","runtime":"nodejs20","dockerRegistry":"ARTIFACT_REGISTRY","labels":{"deployment-tool":"cli-firebase","firebase-functions-codebase":"portable-device","firebase-functions-hash":"bb3755a4cdd460bb9cb3b79b7efde5e0203a1bf7"},"httpsTrigger":{"securityLevel":"SECURE_ALWAYS"},"minInstances":null,"maxInstances":null,"ingressSettings":null,"environmentVariables":{"FIREBASE_CONFIG":"{\"projectId\":\"campus-27dd9\",\"storageBucket\":\"campus-27dd9.firebasestorage.app\"}","GCLOUD_PROJECT":"campus-27dd9","EVENTARC_CLOUD_EVENT_SOURCE":"projects/campus-27dd9/locations/asia-southeast1/functions/campusDeviceConfirmPairing"},"serviceAccountEmail":null,"availableMemoryMb":null,"timeout":null,"vpcConnector":null,"vpcConnectorEgressSettings":null,"sourceToken":"ffb9493c-fc20-4970-b078-d5a46e082ab2","buildEnvironmentVariables":{"GOOGLE_NODE_RUN_SCRIPTS":""}}
[debug] [2026-04-01T20:03:30.197Z] >>> [apiv2][query] POST https://cloudfunctions.googleapis.com/v1/projects/campus-27dd9/locations/asia-southeast1/functions [none]
[debug] [2026-04-01T20:03:30.197Z] >>> [apiv2][body] POST https://cloudfunctions.googleapis.com/v1/projects/campus-27dd9/locations/asia-southeast1/functions {"name":"projects/campus-27dd9/locations/asia-southeast1/functions/campusDevicePendingEnrollments","sourceUploadUrl":"https://storage.googleapis.com/uploads-1047370624808.asia-southeast1.cloudfunctions.appspot.com/94aefe91-e047-4dea-a70e-97a34cd6a861.zip?GoogleAccessId=service-824074040304@gcf-admin-robot.iam.gserviceaccount.com&Expires=1775075537&Signature=jeY3zlB92JgbOa7viJaWcmPbLSHz%2FmrE99QryZyY9ymN5%2FBiwI5E2m9BiwSMBMKWH527Ag3z3zxmUSlQGZEP4Xsb8%2Fmr2HdwZSAkksAPV0ILZT7QNRigYmQ2YA7I3ZyL2Vm5b6%2By%2BEWsga8QTgCRFfhe1fItsmQsM1t5aMALMkTIrb0hl7RWEm4T2VvX5iw7baBmBCt7tA51L3reyx5SIG3Mq5Hj75V9n619HZQAyaugrNmhJqKpfbfOyryjS4n92oZgUhKiJ5cbZ80zqYPtTTDnJnKTkQelRBn8I7RR5shyKoFIjZMLusqlp95JYofNc1emBATJrPblx3HG5A%2BaNQ%3D%3D","entryPoint":"campusDevicePendingEnrollments","runtime":"nodejs20","dockerRegistry":"ARTIFACT_REGISTRY","labels":{"deployment-tool":"cli-firebase","firebase-functions-codebase":"portable-device","firebase-functions-hash":"bb3755a4cdd460bb9cb3b79b7efde5e0203a1bf7"},"httpsTrigger":{"securityLevel":"SECURE_ALWAYS"},"minInstances":null,"maxInstances":null,"ingressSettings":null,"environmentVariables":{"FIREBASE_CONFIG":"{\"projectId\":\"campus-27dd9\",\"storageBucket\":\"campus-27dd9.firebasestorage.app\"}","GCLOUD_PROJECT":"campus-27dd9","EVENTARC_CLOUD_EVENT_SOURCE":"projects/campus-27dd9/locations/asia-southeast1/functions/campusDevicePendingEnrollments"},"serviceAccountEmail":null,"availableMemoryMb":null,"timeout":null,"vpcConnector":null,"vpcConnectorEgressSettings":null,"sourceToken":"ffb9493c-fc20-4970-b078-d5a46e082ab2","buildEnvironmentVariables":{"GOOGLE_NODE_RUN_SCRIPTS":""}}
[debug] [2026-04-01T20:03:30.198Z] >>> [apiv2][query] POST https://cloudfunctions.googleapis.com/v1/projects/campus-27dd9/locations/asia-southeast1/functions [none]
[debug] [2026-04-01T20:03:30.198Z] >>> [apiv2][body] POST https://cloudfunctions.googleapis.com/v1/projects/campus-27dd9/locations/asia-southeast1/functions {"name":"projects/campus-27dd9/locations/asia-southeast1/functions/campusDeviceSubmitEnrollment","sourceUploadUrl":"https://storage.googleapis.com/uploads-1047370624808.asia-southeast1.cloudfunctions.appspot.com/94aefe91-e047-4dea-a70e-97a34cd6a861.zip?GoogleAccessId=service-824074040304@gcf-admin-robot.iam.gserviceaccount.com&Expires=1775075537&Signature=jeY3zlB92JgbOa7viJaWcmPbLSHz%2FmrE99QryZyY9ymN5%2FBiwI5E2m9BiwSMBMKWH527Ag3z3zxmUSlQGZEP4Xsb8%2Fmr2HdwZSAkksAPV0ILZT7QNRigYmQ2YA7I3ZyL2Vm5b6%2By%2BEWsga8QTgCRFfhe1fItsmQsM1t5aMALMkTIrb0hl7RWEm4T2VvX5iw7baBmBCt7tA51L3reyx5SIG3Mq5Hj75V9n619HZQAyaugrNmhJqKpfbfOyryjS4n92oZgUhKiJ5cbZ80zqYPtTTDnJnKTkQelRBn8I7RR5shyKoFIjZMLusqlp95JYofNc1emBATJrPblx3HG5A%2BaNQ%3D%3D","entryPoint":"campusDeviceSubmitEnrollment","runtime":"nodejs20","dockerRegistry":"ARTIFACT_REGISTRY","labels":{"deployment-tool":"cli-firebase","firebase-functions-codebase":"portable-device","firebase-functions-hash":"bb3755a4cdd460bb9cb3b79b7efde5e0203a1bf7"},"httpsTrigger":{"securityLevel":"SECURE_ALWAYS"},"minInstances":null,"maxInstances":null,"ingressSettings":null,"environmentVariables":{"FIREBASE_CONFIG":"{\"projectId\":\"campus-27dd9\",\"storageBucket\":\"campus-27dd9.firebasestorage.app\"}","GCLOUD_PROJECT":"campus-27dd9","EVENTARC_CLOUD_EVENT_SOURCE":"projects/campus-27dd9/locations/asia-southeast1/functions/campusDeviceSubmitEnrollment"},"serviceAccountEmail":null,"availableMemoryMb":null,"timeout":null,"vpcConnector":null,"vpcConnectorEgressSettings":null,"sourceToken":"ffb9493c-fc20-4970-b078-d5a46e082ab2","buildEnvironmentVariables":{"GOOGLE_NODE_RUN_SCRIPTS":""}}
[debug] [2026-04-01T20:03:30.198Z] >>> [apiv2][query] POST https://cloudfunctions.googleapis.com/v1/projects/campus-27dd9/locations/asia-southeast1/functions [none]
[debug] [2026-04-01T20:03:30.198Z] >>> [apiv2][body] POST https://cloudfunctions.googleapis.com/v1/projects/campus-27dd9/locations/asia-southeast1/functions {"name":"projects/campus-27dd9/locations/asia-southeast1/functions/campusDeviceSyncAttendance","sourceUploadUrl":"https://storage.googleapis.com/uploads-1047370624808.asia-southeast1.cloudfunctions.appspot.com/94aefe91-e047-4dea-a70e-97a34cd6a861.zip?GoogleAccessId=service-824074040304@gcf-admin-robot.iam.gserviceaccount.com&Expires=1775075537&Signature=jeY3zlB92JgbOa7viJaWcmPbLSHz%2FmrE99QryZyY9ymN5%2FBiwI5E2m9BiwSMBMKWH527Ag3z3zxmUSlQGZEP4Xsb8%2Fmr2HdwZSAkksAPV0ILZT7QNRigYmQ2YA7I3ZyL2Vm5b6%2By%2BEWsga8QTgCRFfhe1fItsmQsM1t5aMALMkTIrb0hl7RWEm4T2VvX5iw7baBmBCt7tA51L3reyx5SIG3Mq5Hj75V9n619HZQAyaugrNmhJqKpfbfOyryjS4n92oZgUhKiJ5cbZ80zqYPtTTDnJnKTkQelRBn8I7RR5shyKoFIjZMLusqlp95JYofNc1emBATJrPblx3HG5A%2BaNQ%3D%3D","entryPoint":"campusDeviceSyncAttendance","runtime":"nodejs20","dockerRegistry":"ARTIFACT_REGISTRY","labels":{"deployment-tool":"cli-firebase","firebase-functions-codebase":"portable-device","firebase-functions-hash":"bb3755a4cdd460bb9cb3b79b7efde5e0203a1bf7"},"httpsTrigger":{"securityLevel":"SECURE_ALWAYS"},"minInstances":null,"maxInstances":null,"ingressSettings":null,"environmentVariables":{"FIREBASE_CONFIG":"{\"projectId\":\"campus-27dd9\",\"storageBucket\":\"campus-27dd9.firebasestorage.app\"}","GCLOUD_PROJECT":"campus-27dd9","EVENTARC_CLOUD_EVENT_SOURCE":"projects/campus-27dd9/locations/asia-southeast1/functions/campusDeviceSyncAttendance"},"serviceAccountEmail":null,"availableMemoryMb":null,"timeout":null,"vpcConnector":null,"vpcConnectorEgressSettings":null,"sourceToken":"ffb9493c-fc20-4970-b078-d5a46e082ab2","buildEnvironmentVariables":{"GOOGLE_NODE_RUN_SCRIPTS":""}}
[debug] [2026-04-01T20:03:30.991Z] <<< [apiv2][status] POST https://cloudfunctions.googleapis.com/v1/projects/campus-27dd9/locations/asia-southeast1/functions 200
[debug] [2026-04-01T20:03:30.991Z] <<< [apiv2][body] POST https://cloudfunctions.googleapis.com/v1/projects/campus-27dd9/locations/asia-southeast1/functions {"name":"operations/cHJvamVjdHMvY2FtcHVzLTI3ZGQ5L2xvY2F0aW9ucy9hc2lhLXNvdXRoZWFzdDEvb3BlcmF0aW9ucy9vcGVyYXRpb24tMTc3NTA3MzgxMDYyNC02NGU2YjkzZWVhZjg0LTE1MmNmMWUyLWNjNGM2ZGM4","metadata":{"@type":"type.googleapis.com/google.cloud.functions.v1.OperationMetadataV1","target":"projects/campus-27dd9/locations/asia-southeast1/functions/campusDeviceSubmitEnrollment","updateTime":"2026-04-01T20:03:30.975044699Z"}}
[debug] [2026-04-01T20:03:30.992Z] Checked if tokens are valid: true, expires at: 1775076260943
[debug] [2026-04-01T20:03:30.992Z] Checked if tokens are valid: true, expires at: 1775076260943
[debug] [2026-04-01T20:03:30.992Z] >>> [apiv2][query] GET https://cloudfunctions.googleapis.com/v1/operations/cHJvamVjdHMvY2FtcHVzLTI3ZGQ5L2xvY2F0aW9ucy9hc2lhLXNvdXRoZWFzdDEvb3BlcmF0aW9ucy9vcGVyYXRpb24tMTc3NTA3MzgxMDYyNC02NGU2YjkzZWVhZjg0LTE1MmNmMWUyLWNjNGM2ZGM4 [none]
[debug] [2026-04-01T20:03:31.165Z] <<< [apiv2][status] POST https://cloudfunctions.googleapis.com/v1/projects/campus-27dd9/locations/asia-southeast1/functions 200
[debug] [2026-04-01T20:03:31.165Z] <<< [apiv2][body] POST https://cloudfunctions.googleapis.com/v1/projects/campus-27dd9/locations/asia-southeast1/functions {"name":"operations/cHJvamVjdHMvY2FtcHVzLTI3ZGQ5L2xvY2F0aW9ucy9hc2lhLXNvdXRoZWFzdDEvb3BlcmF0aW9ucy9vcGVyYXRpb24tMTc3NTA3MzgxMDgyNy02NGU2YjkzZjFjN2NmLTA4MjkwOTM5LWQ2NTRlOTIy","metadata":{"@type":"type.googleapis.com/google.cloud.functions.v1.OperationMetadataV1","target":"projects/campus-27dd9/locations/asia-southeast1/functions/campusDeviceSyncAttendance","updateTime":"2026-04-01T20:03:31.154107054Z"}}
[debug] [2026-04-01T20:03:31.165Z] Checked if tokens are valid: true, expires at: 1775076260943
[debug] [2026-04-01T20:03:31.165Z] Checked if tokens are valid: true, expires at: 1775076260943
[debug] [2026-04-01T20:03:31.165Z] >>> [apiv2][query] GET https://cloudfunctions.googleapis.com/v1/operations/cHJvamVjdHMvY2FtcHVzLTI3ZGQ5L2xvY2F0aW9ucy9hc2lhLXNvdXRoZWFzdDEvb3BlcmF0aW9ucy9vcGVyYXRpb24tMTc3NTA3MzgxMDgyNy02NGU2YjkzZjFjN2NmLTA4MjkwOTM5LWQ2NTRlOTIy [none]
[debug] [2026-04-01T20:03:31.182Z] <<< [apiv2][status] POST https://cloudfunctions.googleapis.com/v1/projects/campus-27dd9/locations/asia-southeast1/functions 200
[debug] [2026-04-01T20:03:31.182Z] <<< [apiv2][body] POST https://cloudfunctions.googleapis.com/v1/projects/campus-27dd9/locations/asia-southeast1/functions {"name":"operations/cHJvamVjdHMvY2FtcHVzLTI3ZGQ5L2xvY2F0aW9ucy9hc2lhLXNvdXRoZWFzdDEvb3BlcmF0aW9ucy9vcGVyYXRpb24tMTc3NTA3MzgxMDgyNy02NGU2YjkzZjFjNmZjLThiMzNkZmY3LTQ1MjcyZjY2","metadata":{"@type":"type.googleapis.com/google.cloud.functions.v1.OperationMetadataV1","target":"projects/campus-27dd9/locations/asia-southeast1/functions/campusDeviceConfirmPairing","updateTime":"2026-04-01T20:03:31.171241694Z"}}
[debug] [2026-04-01T20:03:31.182Z] Checked if tokens are valid: true, expires at: 1775076260943
[debug] [2026-04-01T20:03:31.182Z] Checked if tokens are valid: true, expires at: 1775076260943
[debug] [2026-04-01T20:03:31.182Z] >>> [apiv2][query] GET https://cloudfunctions.googleapis.com/v1/operations/cHJvamVjdHMvY2FtcHVzLTI3ZGQ5L2xvY2F0aW9ucy9hc2lhLXNvdXRoZWFzdDEvb3BlcmF0aW9ucy9vcGVyYXRpb24tMTc3NTA3MzgxMDgyNy02NGU2YjkzZjFjNmZjLThiMzNkZmY3LTQ1MjcyZjY2 [none]
[debug] [2026-04-01T20:03:31.201Z] <<< [apiv2][status] POST https://cloudfunctions.googleapis.com/v1/projects/campus-27dd9/locations/asia-southeast1/functions 200
[debug] [2026-04-01T20:03:31.201Z] <<< [apiv2][body] POST https://cloudfunctions.googleapis.com/v1/projects/campus-27dd9/locations/asia-southeast1/functions {"name":"operations/cHJvamVjdHMvY2FtcHVzLTI3ZGQ5L2xvY2F0aW9ucy9hc2lhLXNvdXRoZWFzdDEvb3BlcmF0aW9ucy9vcGVyYXRpb24tMTc3NTA3MzgxMDgzMi02NGU2YjkzZjFkZDE0LTM4Mzc4NTYyLTkxYzQ0MDU4","metadata":{"@type":"type.googleapis.com/google.cloud.functions.v1.OperationMetadataV1","target":"projects/campus-27dd9/locations/asia-southeast1/functions/campusDevicePendingEnrollments","updateTime":"2026-04-01T20:03:31.190522972Z"}}
[debug] [2026-04-01T20:03:31.201Z] Checked if tokens are valid: true, expires at: 1775076260943
[debug] [2026-04-01T20:03:31.201Z] Checked if tokens are valid: true, expires at: 1775076260943
[debug] [2026-04-01T20:03:31.201Z] >>> [apiv2][query] GET https://cloudfunctions.googleapis.com/v1/operations/cHJvamVjdHMvY2FtcHVzLTI3ZGQ5L2xvY2F0aW9ucy9hc2lhLXNvdXRoZWFzdDEvb3BlcmF0aW9ucy9vcGVyYXRpb24tMTc3NTA3MzgxMDgzMi02NGU2YjkzZjFkZDE0LTM4Mzc4NTYyLTkxYzQ0MDU4 [none]
[debug] [2026-04-01T20:03:31.400Z] <<< [apiv2][status] GET https://cloudfunctions.googleapis.com/v1/operations/cHJvamVjdHMvY2FtcHVzLTI3ZGQ5L2xvY2F0aW9ucy9hc2lhLXNvdXRoZWFzdDEvb3BlcmF0aW9ucy9vcGVyYXRpb24tMTc3NTA3MzgxMDYyNC02NGU2YjkzZWVhZjg0LTE1MmNmMWUyLWNjNGM2ZGM4 200
[debug] [2026-04-01T20:03:31.400Z] <<< [apiv2][body] GET https://cloudfunctions.googleapis.com/v1/operations/cHJvamVjdHMvY2FtcHVzLTI3ZGQ5L2xvY2F0aW9ucy9hc2lhLXNvdXRoZWFzdDEvb3BlcmF0aW9ucy9vcGVyYXRpb24tMTc3NTA3MzgxMDYyNC02NGU2YjkzZWVhZjg0LTE1MmNmMWUyLWNjNGM2ZGM4 {"name":"operations/cHJvamVjdHMvY2FtcHVzLTI3ZGQ5L2xvY2F0aW9ucy9hc2lhLXNvdXRoZWFzdDEvb3BlcmF0aW9ucy9vcGVyYXRpb24tMTc3NTA3MzgxMDYyNC02NGU2YjkzZWVhZjg0LTE1MmNmMWUyLWNjNGM2ZGM4","metadata":{"@type":"type.googleapis.com/google.cloud.functions.v1.OperationMetadataV1","target":"projects/campus-27dd9/locations/asia-southeast1/functions/campusDeviceSubmitEnrollment","updateTime":"2026-04-01T20:03:30.975044699Z"}}
[debug] [2026-04-01T20:03:31.594Z] <<< [apiv2][status] GET https://cloudfunctions.googleapis.com/v1/operations/cHJvamVjdHMvY2FtcHVzLTI3ZGQ5L2xvY2F0aW9ucy9hc2lhLXNvdXRoZWFzdDEvb3BlcmF0aW9ucy9vcGVyYXRpb24tMTc3NTA3MzgxMDgyNy02NGU2YjkzZjFjN2NmLTA4MjkwOTM5LWQ2NTRlOTIy 200
[debug] [2026-04-01T20:03:31.595Z] <<< [apiv2][body] GET https://cloudfunctions.googleapis.com/v1/operations/cHJvamVjdHMvY2FtcHVzLTI3ZGQ5L2xvY2F0aW9ucy9hc2lhLXNvdXRoZWFzdDEvb3BlcmF0aW9ucy9vcGVyYXRpb24tMTc3NTA3MzgxMDgyNy02NGU2YjkzZjFjN2NmLTA4MjkwOTM5LWQ2NTRlOTIy {"name":"operations/cHJvamVjdHMvY2FtcHVzLTI3ZGQ5L2xvY2F0aW9ucy9hc2lhLXNvdXRoZWFzdDEvb3BlcmF0aW9ucy9vcGVyYXRpb24tMTc3NTA3MzgxMDgyNy02NGU2YjkzZjFjN2NmLTA4MjkwOTM5LWQ2NTRlOTIy","metadata":{"@type":"type.googleapis.com/google.cloud.functions.v1.OperationMetadataV1","target":"projects/campus-27dd9/locations/asia-southeast1/functions/campusDeviceSyncAttendance","updateTime":"2026-04-01T20:03:31.154107054Z"}}
[debug] [2026-04-01T20:03:31.609Z] <<< [apiv2][status] GET https://cloudfunctions.googleapis.com/v1/operations/cHJvamVjdHMvY2FtcHVzLTI3ZGQ5L2xvY2F0aW9ucy9hc2lhLXNvdXRoZWFzdDEvb3BlcmF0aW9ucy9vcGVyYXRpb24tMTc3NTA3MzgxMDgzMi02NGU2YjkzZjFkZDE0LTM4Mzc4NTYyLTkxYzQ0MDU4 200
[debug] [2026-04-01T20:03:31.609Z] <<< [apiv2][body] GET https://cloudfunctions.googleapis.com/v1/operations/cHJvamVjdHMvY2FtcHVzLTI3ZGQ5L2xvY2F0aW9ucy9hc2lhLXNvdXRoZWFzdDEvb3BlcmF0aW9ucy9vcGVyYXRpb24tMTc3NTA3MzgxMDgzMi02NGU2YjkzZjFkZDE0LTM4Mzc4NTYyLTkxYzQ0MDU4 {"name":"operations/cHJvamVjdHMvY2FtcHVzLTI3ZGQ5L2xvY2F0aW9ucy9hc2lhLXNvdXRoZWFzdDEvb3BlcmF0aW9ucy9vcGVyYXRpb24tMTc3NTA3MzgxMDgzMi02NGU2YjkzZjFkZDE0LTM4Mzc4NTYyLTkxYzQ0MDU4","metadata":{"@type":"type.googleapis.com/google.cloud.functions.v1.OperationMetadataV1","target":"projects/campus-27dd9/locations/asia-southeast1/functions/campusDevicePendingEnrollments","updateTime":"2026-04-01T20:03:31.190522972Z"}}
[debug] [2026-04-01T20:03:31.614Z] <<< [apiv2][status] GET https://cloudfunctions.googleapis.com/v1/operations/cHJvamVjdHMvY2FtcHVzLTI3ZGQ5L2xvY2F0aW9ucy9hc2lhLXNvdXRoZWFzdDEvb3BlcmF0aW9ucy9vcGVyYXRpb24tMTc3NTA3MzgxMDgyNy02NGU2YjkzZjFjNmZjLThiMzNkZmY3LTQ1MjcyZjY2 200
[debug] [2026-04-01T20:03:31.614Z] <<< [apiv2][body] GET https://cloudfunctions.googleapis.com/v1/operations/cHJvamVjdHMvY2FtcHVzLTI3ZGQ5L2xvY2F0aW9ucy9hc2lhLXNvdXRoZWFzdDEvb3BlcmF0aW9ucy9vcGVyYXRpb24tMTc3NTA3MzgxMDgyNy02NGU2YjkzZjFjNmZjLThiMzNkZmY3LTQ1MjcyZjY2 {"name":"operations/cHJvamVjdHMvY2FtcHVzLTI3ZGQ5L2xvY2F0aW9ucy9hc2lhLXNvdXRoZWFzdDEvb3BlcmF0aW9ucy9vcGVyYXRpb24tMTc3NTA3MzgxMDgyNy02NGU2YjkzZjFjNmZjLThiMzNkZmY3LTQ1MjcyZjY2","metadata":{"@type":"type.googleapis.com/google.cloud.functions.v1.OperationMetadataV1","target":"projects/campus-27dd9/locations/asia-southeast1/functions/campusDeviceConfirmPairing","updateTime":"2026-04-01T20:03:31.171241694Z"}}
[debug] [2026-04-01T20:03:31.908Z] [create-portable-device-asia-southeast1-campusDeviceSubmitEnrollment] Retrying task index 0
[debug] [2026-04-01T20:03:31.908Z] Checked if tokens are valid: true, expires at: 1775076260943
[debug] [2026-04-01T20:03:31.908Z] Checked if tokens are valid: true, expires at: 1775076260943
[debug] [2026-04-01T20:03:31.908Z] >>> [apiv2][query] GET https://cloudfunctions.googleapis.com/v1/operations/cHJvamVjdHMvY2FtcHVzLTI3ZGQ5L2xvY2F0aW9ucy9hc2lhLXNvdXRoZWFzdDEvb3BlcmF0aW9ucy9vcGVyYXRpb24tMTc3NTA3MzgxMDYyNC02NGU2YjkzZWVhZjg0LTE1MmNmMWUyLWNjNGM2ZGM4 [none]
[debug] [2026-04-01T20:03:32.097Z] [create-portable-device-asia-southeast1-campusDeviceSyncAttendance] Retrying task index 0
[debug] [2026-04-01T20:03:32.097Z] Checked if tokens are valid: true, expires at: 1775076260943
[debug] [2026-04-01T20:03:32.097Z] Checked if tokens are valid: true, expires at: 1775076260943
[debug] [2026-04-01T20:03:32.097Z] >>> [apiv2][query] GET https://cloudfunctions.googleapis.com/v1/operations/cHJvamVjdHMvY2FtcHVzLTI3ZGQ5L2xvY2F0aW9ucy9hc2lhLXNvdXRoZWFzdDEvb3BlcmF0aW9ucy9vcGVyYXRpb24tMTc3NTA3MzgxMDgyNy02NGU2YjkzZjFjN2NmLTA4MjkwOTM5LWQ2NTRlOTIy [none]
[debug] [2026-04-01T20:03:32.112Z] [create-portable-device-asia-southeast1-campusDevicePendingEnrollments] Retrying task index 0
[debug] [2026-04-01T20:03:32.112Z] Checked if tokens are valid: true, expires at: 1775076260943
[debug] [2026-04-01T20:03:32.112Z] Checked if tokens are valid: true, expires at: 1775076260943
[debug] [2026-04-01T20:03:32.112Z] >>> [apiv2][query] GET https://cloudfunctions.googleapis.com/v1/operations/cHJvamVjdHMvY2FtcHVzLTI3ZGQ5L2xvY2F0aW9ucy9hc2lhLXNvdXRoZWFzdDEvb3BlcmF0aW9ucy9vcGVyYXRpb24tMTc3NTA3MzgxMDgzMi02NGU2YjkzZjFkZDE0LTM4Mzc4NTYyLTkxYzQ0MDU4 [none]
[debug] [2026-04-01T20:03:32.127Z] [create-portable-device-asia-southeast1-campusDeviceConfirmPairing] Retrying task index 0
[debug] [2026-04-01T20:03:32.127Z] Checked if tokens are valid: true, expires at: 1775076260943
[debug] [2026-04-01T20:03:32.127Z] Checked if tokens are valid: true, expires at: 1775076260943
[debug] [2026-04-01T20:03:32.128Z] >>> [apiv2][query] GET https://cloudfunctions.googleapis.com/v1/operations/cHJvamVjdHMvY2FtcHVzLTI3ZGQ5L2xvY2F0aW9ucy9hc2lhLXNvdXRoZWFzdDEvb3BlcmF0aW9ucy9vcGVyYXRpb24tMTc3NTA3MzgxMDgyNy02NGU2YjkzZjFjNmZjLThiMzNkZmY3LTQ1MjcyZjY2 [none]
[debug] [2026-04-01T20:03:32.315Z] <<< [apiv2][status] GET https://cloudfunctions.googleapis.com/v1/operations/cHJvamVjdHMvY2FtcHVzLTI3ZGQ5L2xvY2F0aW9ucy9hc2lhLXNvdXRoZWFzdDEvb3BlcmF0aW9ucy9vcGVyYXRpb24tMTc3NTA3MzgxMDYyNC02NGU2YjkzZWVhZjg0LTE1MmNmMWUyLWNjNGM2ZGM4 200
[debug] [2026-04-01T20:03:32.315Z] <<< [apiv2][body] GET https://cloudfunctions.googleapis.com/v1/operations/cHJvamVjdHMvY2FtcHVzLTI3ZGQ5L2xvY2F0aW9ucy9hc2lhLXNvdXRoZWFzdDEvb3BlcmF0aW9ucy9vcGVyYXRpb24tMTc3NTA3MzgxMDYyNC02NGU2YjkzZWVhZjg0LTE1MmNmMWUyLWNjNGM2ZGM4 {"name":"operations/cHJvamVjdHMvY2FtcHVzLTI3ZGQ5L2xvY2F0aW9ucy9hc2lhLXNvdXRoZWFzdDEvb3BlcmF0aW9ucy9vcGVyYXRpb24tMTc3NTA3MzgxMDYyNC02NGU2YjkzZWVhZjg0LTE1MmNmMWUyLWNjNGM2ZGM4","metadata":{"@type":"type.googleapis.com/google.cloud.functions.v1.OperationMetadataV1","target":"projects/campus-27dd9/locations/asia-southeast1/functions/campusDeviceSubmitEnrollment","type":"CREATE_FUNCTION","request":{"@type":"type.googleapis.com/google.cloud.functions.v1.CloudFunction","name":"projects/campus-27dd9/locations/asia-southeast1/functions/campusDeviceSubmitEnrollment","httpsTrigger":{"securityLevel":"SECURE_ALWAYS"},"entryPoint":"campusDeviceSubmitEnrollment","updateTime":"1970-01-01T00:00:00Z","labels":{"deployment-tool":"cli-firebase","firebase-functions-codebase":"portable-device","firebase-functions-hash":"bb3755a4cdd460bb9cb3b79b7efde5e0203a1bf7"},"sourceUploadUrl":"https://storage.googleapis.com/uploads-1047370624808.asia-southeast1.cloudfunctions.appspot.com/94aefe91-e047-4dea-a70e-97a34cd6a861.zip?GoogleAccessId=service-824074040304@gcf-admin-robot.iam.gserviceaccount.com&Expires=1775075537&Signature=jeY3zlB92JgbOa7viJaWcmPbLSHz%2FmrE99QryZyY9ymN5%2FBiwI5E2m9BiwSMBMKWH527Ag3z3zxmUSlQGZEP4Xsb8%2Fmr2HdwZSAkksAPV0ILZT7QNRigYmQ2YA7I3ZyL2Vm5b6%2By%2BEWsga8QTgCRFfhe1fItsmQsM1t5aMALMkTIrb0hl7RWEm4T2VvX5iw7baBmBCt7tA51L3reyx5SIG3Mq5Hj75V9n619HZQAyaugrNmhJqKpfbfOyryjS4n92oZgUhKiJ5cbZ80zqYPtTTDnJnKTkQelRBn8I7RR5shyKoFIjZMLusqlp95JYofNc1emBATJrPblx3HG5A%2BaNQ%3D%3D","environmentVariables":{"FIREBASE_CONFIG":"{\"projectId\":\"campus-27dd9\",\"storageBucket\":\"campus-27dd9.firebasestorage.app\"}","GCLOUD_PROJECT":"campus-27dd9","EVENTARC_CLOUD_EVENT_SOURCE":"projects/campus-27dd9/locations/asia-southeast1/functions/campusDeviceSubmitEnrollment"},"runtime":"nodejs20","buildEnvironmentVariables":{"GOOGLE_NODE_RUN_SCRIPTS":""},"sourceToken":"ffb9493c-fc20-4970-b078-d5a46e082ab2","dockerRegistry":"ARTIFACT_REGISTRY"},"versionId":"1","updateTime":"2026-04-01T20:03:30.975044699Z","sourceToken":"ffb9493c-fc20-4970-b078-d5a46e082ab2"}}
[debug] [2026-04-01T20:03:32.315Z] Got source token ffb9493c-fc20-4970-b078-d5a46e082ab2 for region asia-southeast1
[debug] [2026-04-01T20:03:32.522Z] <<< [apiv2][status] GET https://cloudfunctions.googleapis.com/v1/operations/cHJvamVjdHMvY2FtcHVzLTI3ZGQ5L2xvY2F0aW9ucy9hc2lhLXNvdXRoZWFzdDEvb3BlcmF0aW9ucy9vcGVyYXRpb24tMTc3NTA3MzgxMDgyNy02NGU2YjkzZjFjN2NmLTA4MjkwOTM5LWQ2NTRlOTIy 200
[debug] [2026-04-01T20:03:32.522Z] <<< [apiv2][body] GET https://cloudfunctions.googleapis.com/v1/operations/cHJvamVjdHMvY2FtcHVzLTI3ZGQ5L2xvY2F0aW9ucy9hc2lhLXNvdXRoZWFzdDEvb3BlcmF0aW9ucy9vcGVyYXRpb24tMTc3NTA3MzgxMDgyNy02NGU2YjkzZjFjN2NmLTA4MjkwOTM5LWQ2NTRlOTIy {"name":"operations/cHJvamVjdHMvY2FtcHVzLTI3ZGQ5L2xvY2F0aW9ucy9hc2lhLXNvdXRoZWFzdDEvb3BlcmF0aW9ucy9vcGVyYXRpb24tMTc3NTA3MzgxMDgyNy02NGU2YjkzZjFjN2NmLTA4MjkwOTM5LWQ2NTRlOTIy","metadata":{"@type":"type.googleapis.com/google.cloud.functions.v1.OperationMetadataV1","target":"projects/campus-27dd9/locations/asia-southeast1/functions/campusDeviceSyncAttendance","type":"CREATE_FUNCTION","request":{"@type":"type.googleapis.com/google.cloud.functions.v1.CloudFunction","name":"projects/campus-27dd9/locations/asia-southeast1/functions/campusDeviceSyncAttendance","httpsTrigger":{"securityLevel":"SECURE_ALWAYS"},"entryPoint":"campusDeviceSyncAttendance","updateTime":"1970-01-01T00:00:00Z","labels":{"deployment-tool":"cli-firebase","firebase-functions-codebase":"portable-device","firebase-functions-hash":"bb3755a4cdd460bb9cb3b79b7efde5e0203a1bf7"},"sourceUploadUrl":"https://storage.googleapis.com/uploads-1047370624808.asia-southeast1.cloudfunctions.appspot.com/94aefe91-e047-4dea-a70e-97a34cd6a861.zip?GoogleAccessId=service-824074040304@gcf-admin-robot.iam.gserviceaccount.com&Expires=1775075537&Signature=jeY3zlB92JgbOa7viJaWcmPbLSHz%2FmrE99QryZyY9ymN5%2FBiwI5E2m9BiwSMBMKWH527Ag3z3zxmUSlQGZEP4Xsb8%2Fmr2HdwZSAkksAPV0ILZT7QNRigYmQ2YA7I3ZyL2Vm5b6%2By%2BEWsga8QTgCRFfhe1fItsmQsM1t5aMALMkTIrb0hl7RWEm4T2VvX5iw7baBmBCt7tA51L3reyx5SIG3Mq5Hj75V9n619HZQAyaugrNmhJqKpfbfOyryjS4n92oZgUhKiJ5cbZ80zqYPtTTDnJnKTkQelRBn8I7RR5shyKoFIjZMLusqlp95JYofNc1emBATJrPblx3HG5A%2BaNQ%3D%3D","environmentVariables":{"FIREBASE_CONFIG":"{\"projectId\":\"campus-27dd9\",\"storageBucket\":\"campus-27dd9.firebasestorage.app\"}","GCLOUD_PROJECT":"campus-27dd9","EVENTARC_CLOUD_EVENT_SOURCE":"projects/campus-27dd9/locations/asia-southeast1/functions/campusDeviceSyncAttendance"},"runtime":"nodejs20","buildEnvironmentVariables":{"GOOGLE_NODE_RUN_SCRIPTS":""},"sourceToken":"ffb9493c-fc20-4970-b078-d5a46e082ab2","dockerRegistry":"ARTIFACT_REGISTRY"},"versionId":"1","updateTime":"2026-04-01T20:03:31.154107054Z","sourceToken":"ffb9493c-fc20-4970-b078-d5a46e082ab2"}}
[debug] [2026-04-01T20:03:32.522Z] Got source token ffb9493c-fc20-4970-b078-d5a46e082ab2 for region asia-southeast1
[debug] [2026-04-01T20:03:32.523Z] <<< [apiv2][status] GET https://cloudfunctions.googleapis.com/v1/operations/cHJvamVjdHMvY2FtcHVzLTI3ZGQ5L2xvY2F0aW9ucy9hc2lhLXNvdXRoZWFzdDEvb3BlcmF0aW9ucy9vcGVyYXRpb24tMTc3NTA3MzgxMDgzMi02NGU2YjkzZjFkZDE0LTM4Mzc4NTYyLTkxYzQ0MDU4 200
[debug] [2026-04-01T20:03:32.523Z] <<< [apiv2][body] GET https://cloudfunctions.googleapis.com/v1/operations/cHJvamVjdHMvY2FtcHVzLTI3ZGQ5L2xvY2F0aW9ucy9hc2lhLXNvdXRoZWFzdDEvb3BlcmF0aW9ucy9vcGVyYXRpb24tMTc3NTA3MzgxMDgzMi02NGU2YjkzZjFkZDE0LTM4Mzc4NTYyLTkxYzQ0MDU4 {"name":"operations/cHJvamVjdHMvY2FtcHVzLTI3ZGQ5L2xvY2F0aW9ucy9hc2lhLXNvdXRoZWFzdDEvb3BlcmF0aW9ucy9vcGVyYXRpb24tMTc3NTA3MzgxMDgzMi02NGU2YjkzZjFkZDE0LTM4Mzc4NTYyLTkxYzQ0MDU4","metadata":{"@type":"type.googleapis.com/google.cloud.functions.v1.OperationMetadataV1","target":"projects/campus-27dd9/locations/asia-southeast1/functions/campusDevicePendingEnrollments","type":"CREATE_FUNCTION","request":{"@type":"type.googleapis.com/google.cloud.functions.v1.CloudFunction","name":"projects/campus-27dd9/locations/asia-southeast1/functions/campusDevicePendingEnrollments","httpsTrigger":{"securityLevel":"SECURE_ALWAYS"},"entryPoint":"campusDevicePendingEnrollments","updateTime":"1970-01-01T00:00:00Z","labels":{"deployment-tool":"cli-firebase","firebase-functions-codebase":"portable-device","firebase-functions-hash":"bb3755a4cdd460bb9cb3b79b7efde5e0203a1bf7"},"sourceUploadUrl":"https://storage.googleapis.com/uploads-1047370624808.asia-southeast1.cloudfunctions.appspot.com/94aefe91-e047-4dea-a70e-97a34cd6a861.zip?GoogleAccessId=service-824074040304@gcf-admin-robot.iam.gserviceaccount.com&Expires=1775075537&Signature=jeY3zlB92JgbOa7viJaWcmPbLSHz%2FmrE99QryZyY9ymN5%2FBiwI5E2m9BiwSMBMKWH527Ag3z3zxmUSlQGZEP4Xsb8%2Fmr2HdwZSAkksAPV0ILZT7QNRigYmQ2YA7I3ZyL2Vm5b6%2By%2BEWsga8QTgCRFfhe1fItsmQsM1t5aMALMkTIrb0hl7RWEm4T2VvX5iw7baBmBCt7tA51L3reyx5SIG3Mq5Hj75V9n619HZQAyaugrNmhJqKpfbfOyryjS4n92oZgUhKiJ5cbZ80zqYPtTTDnJnKTkQelRBn8I7RR5shyKoFIjZMLusqlp95JYofNc1emBATJrPblx3HG5A%2BaNQ%3D%3D","environmentVariables":{"FIREBASE_CONFIG":"{\"projectId\":\"campus-27dd9\",\"storageBucket\":\"campus-27dd9.firebasestorage.app\"}","GCLOUD_PROJECT":"campus-27dd9","EVENTARC_CLOUD_EVENT_SOURCE":"projects/campus-27dd9/locations/asia-southeast1/functions/campusDevicePendingEnrollments"},"runtime":"nodejs20","buildEnvironmentVariables":{"GOOGLE_NODE_RUN_SCRIPTS":""},"sourceToken":"ffb9493c-fc20-4970-b078-d5a46e082ab2","dockerRegistry":"ARTIFACT_REGISTRY"},"versionId":"1","updateTime":"2026-04-01T20:03:31.190522972Z","sourceToken":"ffb9493c-fc20-4970-b078-d5a46e082ab2"}}
[debug] [2026-04-01T20:03:32.523Z] Got source token ffb9493c-fc20-4970-b078-d5a46e082ab2 for region asia-southeast1
[debug] [2026-04-01T20:03:32.540Z] <<< [apiv2][status] GET https://cloudfunctions.googleapis.com/v1/operations/cHJvamVjdHMvY2FtcHVzLTI3ZGQ5L2xvY2F0aW9ucy9hc2lhLXNvdXRoZWFzdDEvb3BlcmF0aW9ucy9vcGVyYXRpb24tMTc3NTA3MzgxMDgyNy02NGU2YjkzZjFjNmZjLThiMzNkZmY3LTQ1MjcyZjY2 200
[debug] [2026-04-01T20:03:32.541Z] <<< [apiv2][body] GET https://cloudfunctions.googleapis.com/v1/operations/cHJvamVjdHMvY2FtcHVzLTI3ZGQ5L2xvY2F0aW9ucy9hc2lhLXNvdXRoZWFzdDEvb3BlcmF0aW9ucy9vcGVyYXRpb24tMTc3NTA3MzgxMDgyNy02NGU2YjkzZjFjNmZjLThiMzNkZmY3LTQ1MjcyZjY2 {"name":"operations/cHJvamVjdHMvY2FtcHVzLTI3ZGQ5L2xvY2F0aW9ucy9hc2lhLXNvdXRoZWFzdDEvb3BlcmF0aW9ucy9vcGVyYXRpb24tMTc3NTA3MzgxMDgyNy02NGU2YjkzZjFjNmZjLThiMzNkZmY3LTQ1MjcyZjY2","metadata":{"@type":"type.googleapis.com/google.cloud.functions.v1.OperationMetadataV1","target":"projects/campus-27dd9/locations/asia-southeast1/functions/campusDeviceConfirmPairing","type":"CREATE_FUNCTION","request":{"@type":"type.googleapis.com/google.cloud.functions.v1.CloudFunction","name":"projects/campus-27dd9/locations/asia-southeast1/functions/campusDeviceConfirmPairing","httpsTrigger":{"securityLevel":"SECURE_ALWAYS"},"entryPoint":"campusDeviceConfirmPairing","updateTime":"1970-01-01T00:00:00Z","labels":{"deployment-tool":"cli-firebase","firebase-functions-codebase":"portable-device","firebase-functions-hash":"bb3755a4cdd460bb9cb3b79b7efde5e0203a1bf7"},"sourceUploadUrl":"https://storage.googleapis.com/uploads-1047370624808.asia-southeast1.cloudfunctions.appspot.com/94aefe91-e047-4dea-a70e-97a34cd6a861.zip?GoogleAccessId=service-824074040304@gcf-admin-robot.iam.gserviceaccount.com&Expires=1775075537&Signature=jeY3zlB92JgbOa7viJaWcmPbLSHz%2FmrE99QryZyY9ymN5%2FBiwI5E2m9BiwSMBMKWH527Ag3z3zxmUSlQGZEP4Xsb8%2Fmr2HdwZSAkksAPV0ILZT7QNRigYmQ2YA7I3ZyL2Vm5b6%2By%2BEWsga8QTgCRFfhe1fItsmQsM1t5aMALMkTIrb0hl7RWEm4T2VvX5iw7baBmBCt7tA51L3reyx5SIG3Mq5Hj75V9n619HZQAyaugrNmhJqKpfbfOyryjS4n92oZgUhKiJ5cbZ80zqYPtTTDnJnKTkQelRBn8I7RR5shyKoFIjZMLusqlp95JYofNc1emBATJrPblx3HG5A%2BaNQ%3D%3D","environmentVariables":{"FIREBASE_CONFIG":"{\"projectId\":\"campus-27dd9\",\"storageBucket\":\"campus-27dd9.firebasestorage.app\"}","GCLOUD_PROJECT":"campus-27dd9","EVENTARC_CLOUD_EVENT_SOURCE":"projects/campus-27dd9/locations/asia-southeast1/functions/campusDeviceConfirmPairing"},"runtime":"nodejs20","buildEnvironmentVariables":{"GOOGLE_NODE_RUN_SCRIPTS":""},"sourceToken":"ffb9493c-fc20-4970-b078-d5a46e082ab2","dockerRegistry":"ARTIFACT_REGISTRY"},"versionId":"1","updateTime":"2026-04-01T20:03:31.171241694Z","sourceToken":"ffb9493c-fc20-4970-b078-d5a46e082ab2"}}
[debug] [2026-04-01T20:03:32.541Z] Got source token ffb9493c-fc20-4970-b078-d5a46e082ab2 for region asia-southeast1
[debug] [2026-04-01T20:03:33.317Z] [create-portable-device-asia-southeast1-campusDeviceSubmitEnrollment] Retrying task index 0
[debug] [2026-04-01T20:03:33.317Z] Checked if tokens are valid: true, expires at: 1775076260943
[debug] [2026-04-01T20:03:33.317Z] Checked if tokens are valid: true, expires at: 1775076260943
[debug] [2026-04-01T20:03:33.317Z] >>> [apiv2][query] GET https://cloudfunctions.googleapis.com/v1/operations/cHJvamVjdHMvY2FtcHVzLTI3ZGQ5L2xvY2F0aW9ucy9hc2lhLXNvdXRoZWFzdDEvb3BlcmF0aW9ucy9vcGVyYXRpb24tMTc3NTA3MzgxMDYyNC02NGU2YjkzZWVhZjg0LTE1MmNmMWUyLWNjNGM2ZGM4 [none]
[debug] [2026-04-01T20:03:33.523Z] [create-portable-device-asia-southeast1-campusDeviceSyncAttendance] Retrying task index 0
[debug] [2026-04-01T20:03:33.523Z] Checked if tokens are valid: true, expires at: 1775076260943
[debug] [2026-04-01T20:03:33.523Z] Checked if tokens are valid: true, expires at: 1775076260943
[debug] [2026-04-01T20:03:33.523Z] >>> [apiv2][query] GET https://cloudfunctions.googleapis.com/v1/operations/cHJvamVjdHMvY2FtcHVzLTI3ZGQ5L2xvY2F0aW9ucy9hc2lhLXNvdXRoZWFzdDEvb3BlcmF0aW9ucy9vcGVyYXRpb24tMTc3NTA3MzgxMDgyNy02NGU2YjkzZjFjN2NmLTA4MjkwOTM5LWQ2NTRlOTIy [none]
[debug] [2026-04-01T20:03:33.524Z] [create-portable-device-asia-southeast1-campusDevicePendingEnrollments] Retrying task index 0
[debug] [2026-04-01T20:03:33.524Z] Checked if tokens are valid: true, expires at: 1775076260943
[debug] [2026-04-01T20:03:33.524Z] Checked if tokens are valid: true, expires at: 1775076260943
[debug] [2026-04-01T20:03:33.524Z] >>> [apiv2][query] GET https://cloudfunctions.googleapis.com/v1/operations/cHJvamVjdHMvY2FtcHVzLTI3ZGQ5L2xvY2F0aW9ucy9hc2lhLXNvdXRoZWFzdDEvb3BlcmF0aW9ucy9vcGVyYXRpb24tMTc3NTA3MzgxMDgzMi02NGU2YjkzZjFkZDE0LTM4Mzc4NTYyLTkxYzQ0MDU4 [none]
[debug] [2026-04-01T20:03:33.553Z] [create-portable-device-asia-southeast1-campusDeviceConfirmPairing] Retrying task index 0
[debug] [2026-04-01T20:03:33.553Z] Checked if tokens are valid: true, expires at: 1775076260943
[debug] [2026-04-01T20:03:33.553Z] Checked if tokens are valid: true, expires at: 1775076260943
[debug] [2026-04-01T20:03:33.553Z] >>> [apiv2][query] GET https://cloudfunctions.googleapis.com/v1/operations/cHJvamVjdHMvY2FtcHVzLTI3ZGQ5L2xvY2F0aW9ucy9hc2lhLXNvdXRoZWFzdDEvb3BlcmF0aW9ucy9vcGVyYXRpb24tMTc3NTA3MzgxMDgyNy02NGU2YjkzZjFjNmZjLThiMzNkZmY3LTQ1MjcyZjY2 [none]
[debug] [2026-04-01T20:03:33.723Z] <<< [apiv2][status] GET https://cloudfunctions.googleapis.com/v1/operations/cHJvamVjdHMvY2FtcHVzLTI3ZGQ5L2xvY2F0aW9ucy9hc2lhLXNvdXRoZWFzdDEvb3BlcmF0aW9ucy9vcGVyYXRpb24tMTc3NTA3MzgxMDYyNC02NGU2YjkzZWVhZjg0LTE1MmNmMWUyLWNjNGM2ZGM4 200
[debug] [2026-04-01T20:03:33.723Z] <<< [apiv2][body] GET https://cloudfunctions.googleapis.com/v1/operations/cHJvamVjdHMvY2FtcHVzLTI3ZGQ5L2xvY2F0aW9ucy9hc2lhLXNvdXRoZWFzdDEvb3BlcmF0aW9ucy9vcGVyYXRpb24tMTc3NTA3MzgxMDYyNC02NGU2YjkzZWVhZjg0LTE1MmNmMWUyLWNjNGM2ZGM4 {"name":"operations/cHJvamVjdHMvY2FtcHVzLTI3ZGQ5L2xvY2F0aW9ucy9hc2lhLXNvdXRoZWFzdDEvb3BlcmF0aW9ucy9vcGVyYXRpb24tMTc3NTA3MzgxMDYyNC02NGU2YjkzZWVhZjg0LTE1MmNmMWUyLWNjNGM2ZGM4","metadata":{"@type":"type.googleapis.com/google.cloud.functions.v1.OperationMetadataV1","target":"projects/campus-27dd9/locations/asia-southeast1/functions/campusDeviceSubmitEnrollment","type":"CREATE_FUNCTION","request":{"@type":"type.googleapis.com/google.cloud.functions.v1.CloudFunction","name":"projects/campus-27dd9/locations/asia-southeast1/functions/campusDeviceSubmitEnrollment","httpsTrigger":{"securityLevel":"SECURE_ALWAYS"},"entryPoint":"campusDeviceSubmitEnrollment","updateTime":"1970-01-01T00:00:00Z","labels":{"deployment-tool":"cli-firebase","firebase-functions-codebase":"portable-device","firebase-functions-hash":"bb3755a4cdd460bb9cb3b79b7efde5e0203a1bf7"},"sourceUploadUrl":"https://storage.googleapis.com/uploads-1047370624808.asia-southeast1.cloudfunctions.appspot.com/94aefe91-e047-4dea-a70e-97a34cd6a861.zip?GoogleAccessId=service-824074040304@gcf-admin-robot.iam.gserviceaccount.com&Expires=1775075537&Signature=jeY3zlB92JgbOa7viJaWcmPbLSHz%2FmrE99QryZyY9ymN5%2FBiwI5E2m9BiwSMBMKWH527Ag3z3zxmUSlQGZEP4Xsb8%2Fmr2HdwZSAkksAPV0ILZT7QNRigYmQ2YA7I3ZyL2Vm5b6%2By%2BEWsga8QTgCRFfhe1fItsmQsM1t5aMALMkTIrb0hl7RWEm4T2VvX5iw7baBmBCt7tA51L3reyx5SIG3Mq5Hj75V9n619HZQAyaugrNmhJqKpfbfOyryjS4n92oZgUhKiJ5cbZ80zqYPtTTDnJnKTkQelRBn8I7RR5shyKoFIjZMLusqlp95JYofNc1emBATJrPblx3HG5A%2BaNQ%3D%3D","environmentVariables":{"FIREBASE_CONFIG":"{\"projectId\":\"campus-27dd9\",\"storageBucket\":\"campus-27dd9.firebasestorage.app\"}","GCLOUD_PROJECT":"campus-27dd9","EVENTARC_CLOUD_EVENT_SOURCE":"projects/campus-27dd9/locations/asia-southeast1/functions/campusDeviceSubmitEnrollment"},"runtime":"nodejs20","buildEnvironmentVariables":{"GOOGLE_NODE_RUN_SCRIPTS":""},"sourceToken":"ffb9493c-fc20-4970-b078-d5a46e082ab2","dockerRegistry":"ARTIFACT_REGISTRY"},"versionId":"1","updateTime":"2026-04-01T20:03:30.975044699Z","sourceToken":"ffb9493c-fc20-4970-b078-d5a46e082ab2"}}
[debug] [2026-04-01T20:03:33.723Z] Got source token ffb9493c-fc20-4970-b078-d5a46e082ab2 for region asia-southeast1
[debug] [2026-04-01T20:03:33.764Z] <<< [apiv2][status] GET https://cloudfunctions.googleapis.com/v1/operations/cHJvamVjdHMvY2FtcHVzLTI3ZGQ5L2xvY2F0aW9ucy9hc2lhLXNvdXRoZWFzdDEvb3BlcmF0aW9ucy9vcGVyYXRpb24tMTc3NTA3MzgxMDgyNy02NGU2YjkzZjFjN2NmLTA4MjkwOTM5LWQ2NTRlOTIy 200
[debug] [2026-04-01T20:03:33.764Z] <<< [apiv2][body] GET https://cloudfunctions.googleapis.com/v1/operations/cHJvamVjdHMvY2FtcHVzLTI3ZGQ5L2xvY2F0aW9ucy9hc2lhLXNvdXRoZWFzdDEvb3BlcmF0aW9ucy9vcGVyYXRpb24tMTc3NTA3MzgxMDgyNy02NGU2YjkzZjFjN2NmLTA4MjkwOTM5LWQ2NTRlOTIy {"name":"operations/cHJvamVjdHMvY2FtcHVzLTI3ZGQ5L2xvY2F0aW9ucy9hc2lhLXNvdXRoZWFzdDEvb3BlcmF0aW9ucy9vcGVyYXRpb24tMTc3NTA3MzgxMDgyNy02NGU2YjkzZjFjN2NmLTA4MjkwOTM5LWQ2NTRlOTIy","metadata":{"@type":"type.googleapis.com/google.cloud.functions.v1.OperationMetadataV1","target":"projects/campus-27dd9/locations/asia-southeast1/functions/campusDeviceSyncAttendance","type":"CREATE_FUNCTION","request":{"@type":"type.googleapis.com/google.cloud.functions.v1.CloudFunction","name":"projects/campus-27dd9/locations/asia-southeast1/functions/campusDeviceSyncAttendance","httpsTrigger":{"securityLevel":"SECURE_ALWAYS"},"entryPoint":"campusDeviceSyncAttendance","updateTime":"1970-01-01T00:00:00Z","labels":{"deployment-tool":"cli-firebase","firebase-functions-codebase":"portable-device","firebase-functions-hash":"bb3755a4cdd460bb9cb3b79b7efde5e0203a1bf7"},"sourceUploadUrl":"https://storage.googleapis.com/uploads-1047370624808.asia-southeast1.cloudfunctions.appspot.com/94aefe91-e047-4dea-a70e-97a34cd6a861.zip?GoogleAccessId=service-824074040304@gcf-admin-robot.iam.gserviceaccount.com&Expires=1775075537&Signature=jeY3zlB92JgbOa7viJaWcmPbLSHz%2FmrE99QryZyY9ymN5%2FBiwI5E2m9BiwSMBMKWH527Ag3z3zxmUSlQGZEP4Xsb8%2Fmr2HdwZSAkksAPV0ILZT7QNRigYmQ2YA7I3ZyL2Vm5b6%2By%2BEWsga8QTgCRFfhe1fItsmQsM1t5aMALMkTIrb0hl7RWEm4T2VvX5iw7baBmBCt7tA51L3reyx5SIG3Mq5Hj75V9n619HZQAyaugrNmhJqKpfbfOyryjS4n92oZgUhKiJ5cbZ80zqYPtTTDnJnKTkQelRBn8I7RR5shyKoFIjZMLusqlp95JYofNc1emBATJrPblx3HG5A%2BaNQ%3D%3D","environmentVariables":{"FIREBASE_CONFIG":"{\"projectId\":\"campus-27dd9\",\"storageBucket\":\"campus-27dd9.firebasestorage.app\"}","GCLOUD_PROJECT":"campus-27dd9","EVENTARC_CLOUD_EVENT_SOURCE":"projects/campus-27dd9/locations/asia-southeast1/functions/campusDeviceSyncAttendance"},"runtime":"nodejs20","buildEnvironmentVariables":{"GOOGLE_NODE_RUN_SCRIPTS":""},"sourceToken":"ffb9493c-fc20-4970-b078-d5a46e082ab2","dockerRegistry":"ARTIFACT_REGISTRY"},"versionId":"1","updateTime":"2026-04-01T20:03:31.154107054Z","sourceToken":"ffb9493c-fc20-4970-b078-d5a46e082ab2"}}
[debug] [2026-04-01T20:03:33.765Z] Got source token ffb9493c-fc20-4970-b078-d5a46e082ab2 for region asia-southeast1
[debug] [2026-04-01T20:03:33.925Z] <<< [apiv2][status] GET https://cloudfunctions.googleapis.com/v1/operations/cHJvamVjdHMvY2FtcHVzLTI3ZGQ5L2xvY2F0aW9ucy9hc2lhLXNvdXRoZWFzdDEvb3BlcmF0aW9ucy9vcGVyYXRpb24tMTc3NTA3MzgxMDgzMi02NGU2YjkzZjFkZDE0LTM4Mzc4NTYyLTkxYzQ0MDU4 200
[debug] [2026-04-01T20:03:33.926Z] <<< [apiv2][body] GET https://cloudfunctions.googleapis.com/v1/operations/cHJvamVjdHMvY2FtcHVzLTI3ZGQ5L2xvY2F0aW9ucy9hc2lhLXNvdXRoZWFzdDEvb3BlcmF0aW9ucy9vcGVyYXRpb24tMTc3NTA3MzgxMDgzMi02NGU2YjkzZjFkZDE0LTM4Mzc4NTYyLTkxYzQ0MDU4 {"name":"operations/cHJvamVjdHMvY2FtcHVzLTI3ZGQ5L2xvY2F0aW9ucy9hc2lhLXNvdXRoZWFzdDEvb3BlcmF0aW9ucy9vcGVyYXRpb24tMTc3NTA3MzgxMDgzMi02NGU2YjkzZjFkZDE0LTM4Mzc4NTYyLTkxYzQ0MDU4","metadata":{"@type":"type.googleapis.com/google.cloud.functions.v1.OperationMetadataV1","target":"projects/campus-27dd9/locations/asia-southeast1/functions/campusDevicePendingEnrollments","type":"CREATE_FUNCTION","request":{"@type":"type.googleapis.com/google.cloud.functions.v1.CloudFunction","name":"projects/campus-27dd9/locations/asia-southeast1/functions/campusDevicePendingEnrollments","httpsTrigger":{"securityLevel":"SECURE_ALWAYS"},"entryPoint":"campusDevicePendingEnrollments","updateTime":"1970-01-01T00:00:00Z","labels":{"deployment-tool":"cli-firebase","firebase-functions-codebase":"portable-device","firebase-functions-hash":"bb3755a4cdd460bb9cb3b79b7efde5e0203a1bf7"},"sourceUploadUrl":"https://storage.googleapis.com/uploads-1047370624808.asia-southeast1.cloudfunctions.appspot.com/94aefe91-e047-4dea-a70e-97a34cd6a861.zip?GoogleAccessId=service-824074040304@gcf-admin-robot.iam.gserviceaccount.com&Expires=1775075537&Signature=jeY3zlB92JgbOa7viJaWcmPbLSHz%2FmrE99QryZyY9ymN5%2FBiwI5E2m9BiwSMBMKWH527Ag3z3zxmUSlQGZEP4Xsb8%2Fmr2HdwZSAkksAPV0ILZT7QNRigYmQ2YA7I3ZyL2Vm5b6%2By%2BEWsga8QTgCRFfhe1fItsmQsM1t5aMALMkTIrb0hl7RWEm4T2VvX5iw7baBmBCt7tA51L3reyx5SIG3Mq5Hj75V9n619HZQAyaugrNmhJqKpfbfOyryjS4n92oZgUhKiJ5cbZ80zqYPtTTDnJnKTkQelRBn8I7RR5shyKoFIjZMLusqlp95JYofNc1emBATJrPblx3HG5A%2BaNQ%3D%3D","environmentVariables":{"FIREBASE_CONFIG":"{\"projectId\":\"campus-27dd9\",\"storageBucket\":\"campus-27dd9.firebasestorage.app\"}","GCLOUD_PROJECT":"campus-27dd9","EVENTARC_CLOUD_EVENT_SOURCE":"projects/campus-27dd9/locations/asia-southeast1/functions/campusDevicePendingEnrollments"},"runtime":"nodejs20","buildEnvironmentVariables":{"GOOGLE_NODE_RUN_SCRIPTS":""},"sourceToken":"ffb9493c-fc20-4970-b078-d5a46e082ab2","dockerRegistry":"ARTIFACT_REGISTRY"},"versionId":"1","updateTime":"2026-04-01T20:03:31.190522972Z","sourceToken":"ffb9493c-fc20-4970-b078-d5a46e082ab2"}}
[debug] [2026-04-01T20:03:33.926Z] Got source token ffb9493c-fc20-4970-b078-d5a46e082ab2 for region asia-southeast1
[debug] [2026-04-01T20:03:33.961Z] <<< [apiv2][status] GET https://cloudfunctions.googleapis.com/v1/operations/cHJvamVjdHMvY2FtcHVzLTI3ZGQ5L2xvY2F0aW9ucy9hc2lhLXNvdXRoZWFzdDEvb3BlcmF0aW9ucy9vcGVyYXRpb24tMTc3NTA3MzgxMDgyNy02NGU2YjkzZjFjNmZjLThiMzNkZmY3LTQ1MjcyZjY2 200
[debug] [2026-04-01T20:03:33.961Z] <<< [apiv2][body] GET https://cloudfunctions.googleapis.com/v1/operations/cHJvamVjdHMvY2FtcHVzLTI3ZGQ5L2xvY2F0aW9ucy9hc2lhLXNvdXRoZWFzdDEvb3BlcmF0aW9ucy9vcGVyYXRpb24tMTc3NTA3MzgxMDgyNy02NGU2YjkzZjFjNmZjLThiMzNkZmY3LTQ1MjcyZjY2 {"name":"operations/cHJvamVjdHMvY2FtcHVzLTI3ZGQ5L2xvY2F0aW9ucy9hc2lhLXNvdXRoZWFzdDEvb3BlcmF0aW9ucy9vcGVyYXRpb24tMTc3NTA3MzgxMDgyNy02NGU2YjkzZjFjNmZjLThiMzNkZmY3LTQ1MjcyZjY2","metadata":{"@type":"type.googleapis.com/google.cloud.functions.v1.OperationMetadataV1","target":"projects/campus-27dd9/locations/asia-southeast1/functions/campusDeviceConfirmPairing","type":"CREATE_FUNCTION","request":{"@type":"type.googleapis.com/google.cloud.functions.v1.CloudFunction","name":"projects/campus-27dd9/locations/asia-southeast1/functions/campusDeviceConfirmPairing","httpsTrigger":{"securityLevel":"SECURE_ALWAYS"},"entryPoint":"campusDeviceConfirmPairing","updateTime":"1970-01-01T00:00:00Z","labels":{"deployment-tool":"cli-firebase","firebase-functions-codebase":"portable-device","firebase-functions-hash":"bb3755a4cdd460bb9cb3b79b7efde5e0203a1bf7"},"sourceUploadUrl":"https://storage.googleapis.com/uploads-1047370624808.asia-southeast1.cloudfunctions.appspot.com/94aefe91-e047-4dea-a70e-97a34cd6a861.zip?GoogleAccessId=service-824074040304@gcf-admin-robot.iam.gserviceaccount.com&Expires=1775075537&Signature=jeY3zlB92JgbOa7viJaWcmPbLSHz%2FmrE99QryZyY9ymN5%2FBiwI5E2m9BiwSMBMKWH527Ag3z3zxmUSlQGZEP4Xsb8%2Fmr2HdwZSAkksAPV0ILZT7QNRigYmQ2YA7I3ZyL2Vm5b6%2By%2BEWsga8QTgCRFfhe1fItsmQsM1t5aMALMkTIrb0hl7RWEm4T2VvX5iw7baBmBCt7tA51L3reyx5SIG3Mq5Hj75V9n619HZQAyaugrNmhJqKpfbfOyryjS4n92oZgUhKiJ5cbZ80zqYPtTTDnJnKTkQelRBn8I7RR5shyKoFIjZMLusqlp95JYofNc1emBATJrPblx3HG5A%2BaNQ%3D%3D","environmentVariables":{"FIREBASE_CONFIG":"{\"projectId\":\"campus-27dd9\",\"storageBucket\":\"campus-27dd9.firebasestorage.app\"}","GCLOUD_PROJECT":"campus-27dd9","EVENTARC_CLOUD_EVENT_SOURCE":"projects/campus-27dd9/locations/asia-southeast1/functions/campusDeviceConfirmPairing"},"runtime":"nodejs20","buildEnvironmentVariables":{"GOOGLE_NODE_RUN_SCRIPTS":""},"sourceToken":"ffb9493c-fc20-4970-b078-d5a46e082ab2","dockerRegistry":"ARTIFACT_REGISTRY"},"versionId":"1","updateTime":"2026-04-01T20:03:31.171241694Z","sourceToken":"ffb9493c-fc20-4970-b078-d5a46e082ab2"}}
[debug] [2026-04-01T20:03:33.961Z] Got source token ffb9493c-fc20-4970-b078-d5a46e082ab2 for region asia-southeast1
[debug] [2026-04-01T20:03:35.729Z] [create-portable-device-asia-southeast1-campusDeviceSubmitEnrollment] Retrying task index 0
[debug] [2026-04-01T20:03:35.729Z] Checked if tokens are valid: true, expires at: 1775076260943
[debug] [2026-04-01T20:03:35.729Z] Checked if tokens are valid: true, expires at: 1775076260943
[debug] [2026-04-01T20:03:35.729Z] >>> [apiv2][query] GET https://cloudfunctions.googleapis.com/v1/operations/cHJvamVjdHMvY2FtcHVzLTI3ZGQ5L2xvY2F0aW9ucy9hc2lhLXNvdXRoZWFzdDEvb3BlcmF0aW9ucy9vcGVyYXRpb24tMTc3NTA3MzgxMDYyNC02NGU2YjkzZWVhZjg0LTE1MmNmMWUyLWNjNGM2ZGM4 [none]
[debug] [2026-04-01T20:03:35.776Z] [create-portable-device-asia-southeast1-campusDeviceSyncAttendance] Retrying task index 0
[debug] [2026-04-01T20:03:35.776Z] Checked if tokens are valid: true, expires at: 1775076260943
[debug] [2026-04-01T20:03:35.776Z] Checked if tokens are valid: true, expires at: 1775076260943
[debug] [2026-04-01T20:03:35.776Z] >>> [apiv2][query] GET https://cloudfunctions.googleapis.com/v1/operations/cHJvamVjdHMvY2FtcHVzLTI3ZGQ5L2xvY2F0aW9ucy9hc2lhLXNvdXRoZWFzdDEvb3BlcmF0aW9ucy9vcGVyYXRpb24tMTc3NTA3MzgxMDgyNy02NGU2YjkzZjFjN2NmLTA4MjkwOTM5LWQ2NTRlOTIy [none]
[debug] [2026-04-01T20:03:35.930Z] [create-portable-device-asia-southeast1-campusDevicePendingEnrollments] Retrying task index 0
[debug] [2026-04-01T20:03:35.931Z] Checked if tokens are valid: true, expires at: 1775076260943
[debug] [2026-04-01T20:03:35.931Z] Checked if tokens are valid: true, expires at: 1775076260943
[debug] [2026-04-01T20:03:35.931Z] >>> [apiv2][query] GET https://cloudfunctions.googleapis.com/v1/operations/cHJvamVjdHMvY2FtcHVzLTI3ZGQ5L2xvY2F0aW9ucy9hc2lhLXNvdXRoZWFzdDEvb3BlcmF0aW9ucy9vcGVyYXRpb24tMTc3NTA3MzgxMDgzMi02NGU2YjkzZjFkZDE0LTM4Mzc4NTYyLTkxYzQ0MDU4 [none]
[debug] [2026-04-01T20:03:35.962Z] [create-portable-device-asia-southeast1-campusDeviceConfirmPairing] Retrying task index 0
[debug] [2026-04-01T20:03:35.962Z] Checked if tokens are valid: true, expires at: 1775076260943
[debug] [2026-04-01T20:03:35.962Z] Checked if tokens are valid: true, expires at: 1775076260943
[debug] [2026-04-01T20:03:35.962Z] >>> [apiv2][query] GET https://cloudfunctions.googleapis.com/v1/operations/cHJvamVjdHMvY2FtcHVzLTI3ZGQ5L2xvY2F0aW9ucy9hc2lhLXNvdXRoZWFzdDEvb3BlcmF0aW9ucy9vcGVyYXRpb24tMTc3NTA3MzgxMDgyNy02NGU2YjkzZjFjNmZjLThiMzNkZmY3LTQ1MjcyZjY2 [none]
[debug] [2026-04-01T20:03:36.138Z] <<< [apiv2][status] GET https://cloudfunctions.googleapis.com/v1/operations/cHJvamVjdHMvY2FtcHVzLTI3ZGQ5L2xvY2F0aW9ucy9hc2lhLXNvdXRoZWFzdDEvb3BlcmF0aW9ucy9vcGVyYXRpb24tMTc3NTA3MzgxMDYyNC02NGU2YjkzZWVhZjg0LTE1MmNmMWUyLWNjNGM2ZGM4 200
[debug] [2026-04-01T20:03:36.138Z] <<< [apiv2][body] GET https://cloudfunctions.googleapis.com/v1/operations/cHJvamVjdHMvY2FtcHVzLTI3ZGQ5L2xvY2F0aW9ucy9hc2lhLXNvdXRoZWFzdDEvb3BlcmF0aW9ucy9vcGVyYXRpb24tMTc3NTA3MzgxMDYyNC02NGU2YjkzZWVhZjg0LTE1MmNmMWUyLWNjNGM2ZGM4 {"name":"operations/cHJvamVjdHMvY2FtcHVzLTI3ZGQ5L2xvY2F0aW9ucy9hc2lhLXNvdXRoZWFzdDEvb3BlcmF0aW9ucy9vcGVyYXRpb24tMTc3NTA3MzgxMDYyNC02NGU2YjkzZWVhZjg0LTE1MmNmMWUyLWNjNGM2ZGM4","metadata":{"@type":"type.googleapis.com/google.cloud.functions.v1.OperationMetadataV1","target":"projects/campus-27dd9/locations/asia-southeast1/functions/campusDeviceSubmitEnrollment","type":"CREATE_FUNCTION","request":{"@type":"type.googleapis.com/google.cloud.functions.v1.CloudFunction","name":"projects/campus-27dd9/locations/asia-southeast1/functions/campusDeviceSubmitEnrollment","httpsTrigger":{"securityLevel":"SECURE_ALWAYS"},"entryPoint":"campusDeviceSubmitEnrollment","updateTime":"1970-01-01T00:00:00Z","labels":{"deployment-tool":"cli-firebase","firebase-functions-codebase":"portable-device","firebase-functions-hash":"bb3755a4cdd460bb9cb3b79b7efde5e0203a1bf7"},"sourceUploadUrl":"https://storage.googleapis.com/uploads-1047370624808.asia-southeast1.cloudfunctions.appspot.com/94aefe91-e047-4dea-a70e-97a34cd6a861.zip?GoogleAccessId=service-824074040304@gcf-admin-robot.iam.gserviceaccount.com&Expires=1775075537&Signature=jeY3zlB92JgbOa7viJaWcmPbLSHz%2FmrE99QryZyY9ymN5%2FBiwI5E2m9BiwSMBMKWH527Ag3z3zxmUSlQGZEP4Xsb8%2Fmr2HdwZSAkksAPV0ILZT7QNRigYmQ2YA7I3ZyL2Vm5b6%2By%2BEWsga8QTgCRFfhe1fItsmQsM1t5aMALMkTIrb0hl7RWEm4T2VvX5iw7baBmBCt7tA51L3reyx5SIG3Mq5Hj75V9n619HZQAyaugrNmhJqKpfbfOyryjS4n92oZgUhKiJ5cbZ80zqYPtTTDnJnKTkQelRBn8I7RR5shyKoFIjZMLusqlp95JYofNc1emBATJrPblx3HG5A%2BaNQ%3D%3D","environmentVariables":{"FIREBASE_CONFIG":"{\"projectId\":\"campus-27dd9\",\"storageBucket\":\"campus-27dd9.firebasestorage.app\"}","GCLOUD_PROJECT":"campus-27dd9","EVENTARC_CLOUD_EVENT_SOURCE":"projects/campus-27dd9/locations/asia-southeast1/functions/campusDeviceSubmitEnrollment"},"runtime":"nodejs20","buildEnvironmentVariables":{"GOOGLE_NODE_RUN_SCRIPTS":""},"sourceToken":"ffb9493c-fc20-4970-b078-d5a46e082ab2","dockerRegistry":"ARTIFACT_REGISTRY"},"versionId":"1","updateTime":"2026-04-01T20:03:30.975044699Z","buildId":"73b65b9d-28af-40ad-b03d-24b5bc4f77e2","sourceToken":"ffb9493c-fc20-4970-b078-d5a46e082ab2","buildName":"projects/824074040304/locations/asia-southeast1/builds/73b65b9d-28af-40ad-b03d-24b5bc4f77e2"}}
[debug] [2026-04-01T20:03:36.138Z] Got source token ffb9493c-fc20-4970-b078-d5a46e082ab2 for region asia-southeast1
[debug] [2026-04-01T20:03:36.173Z] <<< [apiv2][status] GET https://cloudfunctions.googleapis.com/v1/operations/cHJvamVjdHMvY2FtcHVzLTI3ZGQ5L2xvY2F0aW9ucy9hc2lhLXNvdXRoZWFzdDEvb3BlcmF0aW9ucy9vcGVyYXRpb24tMTc3NTA3MzgxMDgyNy02NGU2YjkzZjFjN2NmLTA4MjkwOTM5LWQ2NTRlOTIy 200
[debug] [2026-04-01T20:03:36.173Z] <<< [apiv2][body] GET https://cloudfunctions.googleapis.com/v1/operations/cHJvamVjdHMvY2FtcHVzLTI3ZGQ5L2xvY2F0aW9ucy9hc2lhLXNvdXRoZWFzdDEvb3BlcmF0aW9ucy9vcGVyYXRpb24tMTc3NTA3MzgxMDgyNy02NGU2YjkzZjFjN2NmLTA4MjkwOTM5LWQ2NTRlOTIy {"name":"operations/cHJvamVjdHMvY2FtcHVzLTI3ZGQ5L2xvY2F0aW9ucy9hc2lhLXNvdXRoZWFzdDEvb3BlcmF0aW9ucy9vcGVyYXRpb24tMTc3NTA3MzgxMDgyNy02NGU2YjkzZjFjN2NmLTA4MjkwOTM5LWQ2NTRlOTIy","metadata":{"@type":"type.googleapis.com/google.cloud.functions.v1.OperationMetadataV1","target":"projects/campus-27dd9/locations/asia-southeast1/functions/campusDeviceSyncAttendance","type":"CREATE_FUNCTION","request":{"@type":"type.googleapis.com/google.cloud.functions.v1.CloudFunction","name":"projects/campus-27dd9/locations/asia-southeast1/functions/campusDeviceSyncAttendance","httpsTrigger":{"securityLevel":"SECURE_ALWAYS"},"entryPoint":"campusDeviceSyncAttendance","updateTime":"1970-01-01T00:00:00Z","labels":{"deployment-tool":"cli-firebase","firebase-functions-codebase":"portable-device","firebase-functions-hash":"bb3755a4cdd460bb9cb3b79b7efde5e0203a1bf7"},"sourceUploadUrl":"https://storage.googleapis.com/uploads-1047370624808.asia-southeast1.cloudfunctions.appspot.com/94aefe91-e047-4dea-a70e-97a34cd6a861.zip?GoogleAccessId=service-824074040304@gcf-admin-robot.iam.gserviceaccount.com&Expires=1775075537&Signature=jeY3zlB92JgbOa7viJaWcmPbLSHz%2FmrE99QryZyY9ymN5%2FBiwI5E2m9BiwSMBMKWH527Ag3z3zxmUSlQGZEP4Xsb8%2Fmr2HdwZSAkksAPV0ILZT7QNRigYmQ2YA7I3ZyL2Vm5b6%2By%2BEWsga8QTgCRFfhe1fItsmQsM1t5aMALMkTIrb0hl7RWEm4T2VvX5iw7baBmBCt7tA51L3reyx5SIG3Mq5Hj75V9n619HZQAyaugrNmhJqKpfbfOyryjS4n92oZgUhKiJ5cbZ80zqYPtTTDnJnKTkQelRBn8I7RR5shyKoFIjZMLusqlp95JYofNc1emBATJrPblx3HG5A%2BaNQ%3D%3D","environmentVariables":{"FIREBASE_CONFIG":"{\"projectId\":\"campus-27dd9\",\"storageBucket\":\"campus-27dd9.firebasestorage.app\"}","GCLOUD_PROJECT":"campus-27dd9","EVENTARC_CLOUD_EVENT_SOURCE":"projects/campus-27dd9/locations/asia-southeast1/functions/campusDeviceSyncAttendance"},"runtime":"nodejs20","buildEnvironmentVariables":{"GOOGLE_NODE_RUN_SCRIPTS":""},"sourceToken":"ffb9493c-fc20-4970-b078-d5a46e082ab2","dockerRegistry":"ARTIFACT_REGISTRY"},"versionId":"1","updateTime":"2026-04-01T20:03:31.154107054Z","buildId":"73b65b9d-28af-40ad-b03d-24b5bc4f77e2","sourceToken":"ffb9493c-fc20-4970-b078-d5a46e082ab2","buildName":"projects/824074040304/locations/asia-southeast1/builds/73b65b9d-28af-40ad-b03d-24b5bc4f77e2"}}
[debug] [2026-04-01T20:03:36.173Z] Got source token ffb9493c-fc20-4970-b078-d5a46e082ab2 for region asia-southeast1
[debug] [2026-04-01T20:03:36.203Z] <<< [apiv2][status] GET https://cloudfunctions.googleapis.com/v1/operations/cHJvamVjdHMvY2FtcHVzLTI3ZGQ5L2xvY2F0aW9ucy9hc2lhLXNvdXRoZWFzdDEvb3BlcmF0aW9ucy9vcGVyYXRpb24tMTc3NTA3MzgxMDgyNy02NGU2YjkzZjFjNmZjLThiMzNkZmY3LTQ1MjcyZjY2 200
[debug] [2026-04-01T20:03:36.203Z] <<< [apiv2][body] GET https://cloudfunctions.googleapis.com/v1/operations/cHJvamVjdHMvY2FtcHVzLTI3ZGQ5L2xvY2F0aW9ucy9hc2lhLXNvdXRoZWFzdDEvb3BlcmF0aW9ucy9vcGVyYXRpb24tMTc3NTA3MzgxMDgyNy02NGU2YjkzZjFjNmZjLThiMzNkZmY3LTQ1MjcyZjY2 {"name":"operations/cHJvamVjdHMvY2FtcHVzLTI3ZGQ5L2xvY2F0aW9ucy9hc2lhLXNvdXRoZWFzdDEvb3BlcmF0aW9ucy9vcGVyYXRpb24tMTc3NTA3MzgxMDgyNy02NGU2YjkzZjFjNmZjLThiMzNkZmY3LTQ1MjcyZjY2","metadata":{"@type":"type.googleapis.com/google.cloud.functions.v1.OperationMetadataV1","target":"projects/campus-27dd9/locations/asia-southeast1/functions/campusDeviceConfirmPairing","type":"CREATE_FUNCTION","request":{"@type":"type.googleapis.com/google.cloud.functions.v1.CloudFunction","name":"projects/campus-27dd9/locations/asia-southeast1/functions/campusDeviceConfirmPairing","httpsTrigger":{"securityLevel":"SECURE_ALWAYS"},"entryPoint":"campusDeviceConfirmPairing","updateTime":"1970-01-01T00:00:00Z","labels":{"deployment-tool":"cli-firebase","firebase-functions-codebase":"portable-device","firebase-functions-hash":"bb3755a4cdd460bb9cb3b79b7efde5e0203a1bf7"},"sourceUploadUrl":"https://storage.googleapis.com/uploads-1047370624808.asia-southeast1.cloudfunctions.appspot.com/94aefe91-e047-4dea-a70e-97a34cd6a861.zip?GoogleAccessId=service-824074040304@gcf-admin-robot.iam.gserviceaccount.com&Expires=1775075537&Signature=jeY3zlB92JgbOa7viJaWcmPbLSHz%2FmrE99QryZyY9ymN5%2FBiwI5E2m9BiwSMBMKWH527Ag3z3zxmUSlQGZEP4Xsb8%2Fmr2HdwZSAkksAPV0ILZT7QNRigYmQ2YA7I3ZyL2Vm5b6%2By%2BEWsga8QTgCRFfhe1fItsmQsM1t5aMALMkTIrb0hl7RWEm4T2VvX5iw7baBmBCt7tA51L3reyx5SIG3Mq5Hj75V9n619HZQAyaugrNmhJqKpfbfOyryjS4n92oZgUhKiJ5cbZ80zqYPtTTDnJnKTkQelRBn8I7RR5shyKoFIjZMLusqlp95JYofNc1emBATJrPblx3HG5A%2BaNQ%3D%3D","environmentVariables":{"FIREBASE_CONFIG":"{\"projectId\":\"campus-27dd9\",\"storageBucket\":\"campus-27dd9.firebasestorage.app\"}","GCLOUD_PROJECT":"campus-27dd9","EVENTARC_CLOUD_EVENT_SOURCE":"projects/campus-27dd9/locations/asia-southeast1/functions/campusDeviceConfirmPairing"},"runtime":"nodejs20","buildEnvironmentVariables":{"GOOGLE_NODE_RUN_SCRIPTS":""},"sourceToken":"ffb9493c-fc20-4970-b078-d5a46e082ab2","dockerRegistry":"ARTIFACT_REGISTRY"},"versionId":"1","updateTime":"2026-04-01T20:03:31.171241694Z","buildId":"73b65b9d-28af-40ad-b03d-24b5bc4f77e2","sourceToken":"ffb9493c-fc20-4970-b078-d5a46e082ab2","buildName":"projects/824074040304/locations/asia-southeast1/builds/73b65b9d-28af-40ad-b03d-24b5bc4f77e2"}}
[debug] [2026-04-01T20:03:36.203Z] Got source token ffb9493c-fc20-4970-b078-d5a46e082ab2 for region asia-southeast1
[debug] [2026-04-01T20:03:36.332Z] <<< [apiv2][status] GET https://cloudfunctions.googleapis.com/v1/operations/cHJvamVjdHMvY2FtcHVzLTI3ZGQ5L2xvY2F0aW9ucy9hc2lhLXNvdXRoZWFzdDEvb3BlcmF0aW9ucy9vcGVyYXRpb24tMTc3NTA3MzgxMDgzMi02NGU2YjkzZjFkZDE0LTM4Mzc4NTYyLTkxYzQ0MDU4 200
[debug] [2026-04-01T20:03:36.332Z] <<< [apiv2][body] GET https://cloudfunctions.googleapis.com/v1/operations/cHJvamVjdHMvY2FtcHVzLTI3ZGQ5L2xvY2F0aW9ucy9hc2lhLXNvdXRoZWFzdDEvb3BlcmF0aW9ucy9vcGVyYXRpb24tMTc3NTA3MzgxMDgzMi02NGU2YjkzZjFkZDE0LTM4Mzc4NTYyLTkxYzQ0MDU4 {"name":"operations/cHJvamVjdHMvY2FtcHVzLTI3ZGQ5L2xvY2F0aW9ucy9hc2lhLXNvdXRoZWFzdDEvb3BlcmF0aW9ucy9vcGVyYXRpb24tMTc3NTA3MzgxMDgzMi02NGU2YjkzZjFkZDE0LTM4Mzc4NTYyLTkxYzQ0MDU4","metadata":{"@type":"type.googleapis.com/google.cloud.functions.v1.OperationMetadataV1","target":"projects/campus-27dd9/locations/asia-southeast1/functions/campusDevicePendingEnrollments","type":"CREATE_FUNCTION","request":{"@type":"type.googleapis.com/google.cloud.functions.v1.CloudFunction","name":"projects/campus-27dd9/locations/asia-southeast1/functions/campusDevicePendingEnrollments","httpsTrigger":{"securityLevel":"SECURE_ALWAYS"},"entryPoint":"campusDevicePendingEnrollments","updateTime":"1970-01-01T00:00:00Z","labels":{"deployment-tool":"cli-firebase","firebase-functions-codebase":"portable-device","firebase-functions-hash":"bb3755a4cdd460bb9cb3b79b7efde5e0203a1bf7"},"sourceUploadUrl":"https://storage.googleapis.com/uploads-1047370624808.asia-southeast1.cloudfunctions.appspot.com/94aefe91-e047-4dea-a70e-97a34cd6a861.zip?GoogleAccessId=service-824074040304@gcf-admin-robot.iam.gserviceaccount.com&Expires=1775075537&Signature=jeY3zlB92JgbOa7viJaWcmPbLSHz%2FmrE99QryZyY9ymN5%2FBiwI5E2m9BiwSMBMKWH527Ag3z3zxmUSlQGZEP4Xsb8%2Fmr2HdwZSAkksAPV0ILZT7QNRigYmQ2YA7I3ZyL2Vm5b6%2By%2BEWsga8QTgCRFfhe1fItsmQsM1t5aMALMkTIrb0hl7RWEm4T2VvX5iw7baBmBCt7tA51L3reyx5SIG3Mq5Hj75V9n619HZQAyaugrNmhJqKpfbfOyryjS4n92oZgUhKiJ5cbZ80zqYPtTTDnJnKTkQelRBn8I7RR5shyKoFIjZMLusqlp95JYofNc1emBATJrPblx3HG5A%2BaNQ%3D%3D","environmentVariables":{"FIREBASE_CONFIG":"{\"projectId\":\"campus-27dd9\",\"storageBucket\":\"campus-27dd9.firebasestorage.app\"}","GCLOUD_PROJECT":"campus-27dd9","EVENTARC_CLOUD_EVENT_SOURCE":"projects/campus-27dd9/locations/asia-southeast1/functions/campusDevicePendingEnrollments"},"runtime":"nodejs20","buildEnvironmentVariables":{"GOOGLE_NODE_RUN_SCRIPTS":""},"sourceToken":"ffb9493c-fc20-4970-b078-d5a46e082ab2","dockerRegistry":"ARTIFACT_REGISTRY"},"versionId":"1","updateTime":"2026-04-01T20:03:31.190522972Z","buildId":"73b65b9d-28af-40ad-b03d-24b5bc4f77e2","sourceToken":"ffb9493c-fc20-4970-b078-d5a46e082ab2","buildName":"projects/824074040304/locations/asia-southeast1/builds/73b65b9d-28af-40ad-b03d-24b5bc4f77e2"}}
[debug] [2026-04-01T20:03:36.332Z] Got source token ffb9493c-fc20-4970-b078-d5a46e082ab2 for region asia-southeast1
[debug] [2026-04-01T20:03:40.144Z] [create-portable-device-asia-southeast1-campusDeviceSubmitEnrollment] Retrying task index 0
[debug] [2026-04-01T20:03:40.144Z] Checked if tokens are valid: true, expires at: 1775076260943
[debug] [2026-04-01T20:03:40.144Z] Checked if tokens are valid: true, expires at: 1775076260943
[debug] [2026-04-01T20:03:40.144Z] >>> [apiv2][query] GET https://cloudfunctions.googleapis.com/v1/operations/cHJvamVjdHMvY2FtcHVzLTI3ZGQ5L2xvY2F0aW9ucy9hc2lhLXNvdXRoZWFzdDEvb3BlcmF0aW9ucy9vcGVyYXRpb24tMTc3NTA3MzgxMDYyNC02NGU2YjkzZWVhZjg0LTE1MmNmMWUyLWNjNGM2ZGM4 [none]
[debug] [2026-04-01T20:03:40.174Z] [create-portable-device-asia-southeast1-campusDeviceSyncAttendance] Retrying task index 0
[debug] [2026-04-01T20:03:40.175Z] Checked if tokens are valid: true, expires at: 1775076260943
[debug] [2026-04-01T20:03:40.175Z] Checked if tokens are valid: true, expires at: 1775076260943
[debug] [2026-04-01T20:03:40.175Z] >>> [apiv2][query] GET https://cloudfunctions.googleapis.com/v1/operations/cHJvamVjdHMvY2FtcHVzLTI3ZGQ5L2xvY2F0aW9ucy9hc2lhLXNvdXRoZWFzdDEvb3BlcmF0aW9ucy9vcGVyYXRpb24tMTc3NTA3MzgxMDgyNy02NGU2YjkzZjFjN2NmLTA4MjkwOTM5LWQ2NTRlOTIy [none]
[debug] [2026-04-01T20:03:40.206Z] [create-portable-device-asia-southeast1-campusDeviceLatestEvent] Retrying task index 0
[debug] [2026-04-01T20:03:40.206Z] Checked if tokens are valid: true, expires at: 1775076260943
[debug] [2026-04-01T20:03:40.206Z] Checked if tokens are valid: true, expires at: 1775076260943
[debug] [2026-04-01T20:03:40.206Z] >>> [apiv2][query] GET https://cloudfunctions.googleapis.com/v1/operations/cHJvamVjdHMvY2FtcHVzLTI3ZGQ5L2xvY2F0aW9ucy9hc2lhLXNvdXRoZWFzdDEvb3BlcmF0aW9ucy9vcGVyYXRpb24tMTc3NTA3MzczODk4NS02NGU2YjhmYTk5MWZjLWRjN2Y5MjM2LWZkNGI5ZjQw [none]
[debug] [2026-04-01T20:03:40.206Z] [create-portable-device-asia-southeast1-campusDeviceConfirmPairing] Retrying task index 0
[debug] [2026-04-01T20:03:40.206Z] Checked if tokens are valid: true, expires at: 1775076260943
[debug] [2026-04-01T20:03:40.207Z] Checked if tokens are valid: true, expires at: 1775076260943
[debug] [2026-04-01T20:03:40.207Z] >>> [apiv2][query] GET https://cloudfunctions.googleapis.com/v1/operations/cHJvamVjdHMvY2FtcHVzLTI3ZGQ5L2xvY2F0aW9ucy9hc2lhLXNvdXRoZWFzdDEvb3BlcmF0aW9ucy9vcGVyYXRpb24tMTc3NTA3MzgxMDgyNy02NGU2YjkzZjFjNmZjLThiMzNkZmY3LTQ1MjcyZjY2 [none]
[debug] [2026-04-01T20:03:40.345Z] [create-portable-device-asia-southeast1-campusDevicePendingEnrollments] Retrying task index 0
[debug] [2026-04-01T20:03:40.345Z] Checked if tokens are valid: true, expires at: 1775076260943
[debug] [2026-04-01T20:03:40.345Z] Checked if tokens are valid: true, expires at: 1775076260943
[debug] [2026-04-01T20:03:40.346Z] >>> [apiv2][query] GET https://cloudfunctions.googleapis.com/v1/operations/cHJvamVjdHMvY2FtcHVzLTI3ZGQ5L2xvY2F0aW9ucy9hc2lhLXNvdXRoZWFzdDEvb3BlcmF0aW9ucy9vcGVyYXRpb24tMTc3NTA3MzgxMDgzMi02NGU2YjkzZjFkZDE0LTM4Mzc4NTYyLTkxYzQ0MDU4 [none]
[debug] [2026-04-01T20:03:40.544Z] <<< [apiv2][status] GET https://cloudfunctions.googleapis.com/v1/operations/cHJvamVjdHMvY2FtcHVzLTI3ZGQ5L2xvY2F0aW9ucy9hc2lhLXNvdXRoZWFzdDEvb3BlcmF0aW9ucy9vcGVyYXRpb24tMTc3NTA3MzgxMDYyNC02NGU2YjkzZWVhZjg0LTE1MmNmMWUyLWNjNGM2ZGM4 200
[debug] [2026-04-01T20:03:40.544Z] <<< [apiv2][body] GET https://cloudfunctions.googleapis.com/v1/operations/cHJvamVjdHMvY2FtcHVzLTI3ZGQ5L2xvY2F0aW9ucy9hc2lhLXNvdXRoZWFzdDEvb3BlcmF0aW9ucy9vcGVyYXRpb24tMTc3NTA3MzgxMDYyNC02NGU2YjkzZWVhZjg0LTE1MmNmMWUyLWNjNGM2ZGM4 {"name":"operations/cHJvamVjdHMvY2FtcHVzLTI3ZGQ5L2xvY2F0aW9ucy9hc2lhLXNvdXRoZWFzdDEvb3BlcmF0aW9ucy9vcGVyYXRpb24tMTc3NTA3MzgxMDYyNC02NGU2YjkzZWVhZjg0LTE1MmNmMWUyLWNjNGM2ZGM4","metadata":{"@type":"type.googleapis.com/google.cloud.functions.v1.OperationMetadataV1","target":"projects/campus-27dd9/locations/asia-southeast1/functions/campusDeviceSubmitEnrollment","type":"CREATE_FUNCTION","request":{"@type":"type.googleapis.com/google.cloud.functions.v1.CloudFunction","name":"projects/campus-27dd9/locations/asia-southeast1/functions/campusDeviceSubmitEnrollment","httpsTrigger":{"securityLevel":"SECURE_ALWAYS"},"entryPoint":"campusDeviceSubmitEnrollment","updateTime":"1970-01-01T00:00:00Z","labels":{"deployment-tool":"cli-firebase","firebase-functions-codebase":"portable-device","firebase-functions-hash":"bb3755a4cdd460bb9cb3b79b7efde5e0203a1bf7"},"sourceUploadUrl":"https://storage.googleapis.com/uploads-1047370624808.asia-southeast1.cloudfunctions.appspot.com/94aefe91-e047-4dea-a70e-97a34cd6a861.zip?GoogleAccessId=service-824074040304@gcf-admin-robot.iam.gserviceaccount.com&Expires=1775075537&Signature=jeY3zlB92JgbOa7viJaWcmPbLSHz%2FmrE99QryZyY9ymN5%2FBiwI5E2m9BiwSMBMKWH527Ag3z3zxmUSlQGZEP4Xsb8%2Fmr2HdwZSAkksAPV0ILZT7QNRigYmQ2YA7I3ZyL2Vm5b6%2By%2BEWsga8QTgCRFfhe1fItsmQsM1t5aMALMkTIrb0hl7RWEm4T2VvX5iw7baBmBCt7tA51L3reyx5SIG3Mq5Hj75V9n619HZQAyaugrNmhJqKpfbfOyryjS4n92oZgUhKiJ5cbZ80zqYPtTTDnJnKTkQelRBn8I7RR5shyKoFIjZMLusqlp95JYofNc1emBATJrPblx3HG5A%2BaNQ%3D%3D","environmentVariables":{"FIREBASE_CONFIG":"{\"projectId\":\"campus-27dd9\",\"storageBucket\":\"campus-27dd9.firebasestorage.app\"}","GCLOUD_PROJECT":"campus-27dd9","EVENTARC_CLOUD_EVENT_SOURCE":"projects/campus-27dd9/locations/asia-southeast1/functions/campusDeviceSubmitEnrollment"},"runtime":"nodejs20","buildEnvironmentVariables":{"GOOGLE_NODE_RUN_SCRIPTS":""},"sourceToken":"ffb9493c-fc20-4970-b078-d5a46e082ab2","dockerRegistry":"ARTIFACT_REGISTRY"},"versionId":"1","updateTime":"2026-04-01T20:03:30.975044699Z","buildId":"73b65b9d-28af-40ad-b03d-24b5bc4f77e2","sourceToken":"ffb9493c-fc20-4970-b078-d5a46e082ab2","buildName":"projects/824074040304/locations/asia-southeast1/builds/73b65b9d-28af-40ad-b03d-24b5bc4f77e2"}}
[debug] [2026-04-01T20:03:40.544Z] Got source token ffb9493c-fc20-4970-b078-d5a46e082ab2 for region asia-southeast1
[debug] [2026-04-01T20:03:40.569Z] <<< [apiv2][status] GET https://cloudfunctions.googleapis.com/v1/operations/cHJvamVjdHMvY2FtcHVzLTI3ZGQ5L2xvY2F0aW9ucy9hc2lhLXNvdXRoZWFzdDEvb3BlcmF0aW9ucy9vcGVyYXRpb24tMTc3NTA3MzgxMDgyNy02NGU2YjkzZjFjN2NmLTA4MjkwOTM5LWQ2NTRlOTIy 200
[debug] [2026-04-01T20:03:40.569Z] <<< [apiv2][body] GET https://cloudfunctions.googleapis.com/v1/operations/cHJvamVjdHMvY2FtcHVzLTI3ZGQ5L2xvY2F0aW9ucy9hc2lhLXNvdXRoZWFzdDEvb3BlcmF0aW9ucy9vcGVyYXRpb24tMTc3NTA3MzgxMDgyNy02NGU2YjkzZjFjN2NmLTA4MjkwOTM5LWQ2NTRlOTIy {"name":"operations/cHJvamVjdHMvY2FtcHVzLTI3ZGQ5L2xvY2F0aW9ucy9hc2lhLXNvdXRoZWFzdDEvb3BlcmF0aW9ucy9vcGVyYXRpb24tMTc3NTA3MzgxMDgyNy02NGU2YjkzZjFjN2NmLTA4MjkwOTM5LWQ2NTRlOTIy","metadata":{"@type":"type.googleapis.com/google.cloud.functions.v1.OperationMetadataV1","target":"projects/campus-27dd9/locations/asia-southeast1/functions/campusDeviceSyncAttendance","type":"CREATE_FUNCTION","request":{"@type":"type.googleapis.com/google.cloud.functions.v1.CloudFunction","name":"projects/campus-27dd9/locations/asia-southeast1/functions/campusDeviceSyncAttendance","httpsTrigger":{"securityLevel":"SECURE_ALWAYS"},"entryPoint":"campusDeviceSyncAttendance","updateTime":"1970-01-01T00:00:00Z","labels":{"deployment-tool":"cli-firebase","firebase-functions-codebase":"portable-device","firebase-functions-hash":"bb3755a4cdd460bb9cb3b79b7efde5e0203a1bf7"},"sourceUploadUrl":"https://storage.googleapis.com/uploads-1047370624808.asia-southeast1.cloudfunctions.appspot.com/94aefe91-e047-4dea-a70e-97a34cd6a861.zip?GoogleAccessId=service-824074040304@gcf-admin-robot.iam.gserviceaccount.com&Expires=1775075537&Signature=jeY3zlB92JgbOa7viJaWcmPbLSHz%2FmrE99QryZyY9ymN5%2FBiwI5E2m9BiwSMBMKWH527Ag3z3zxmUSlQGZEP4Xsb8%2Fmr2HdwZSAkksAPV0ILZT7QNRigYmQ2YA7I3ZyL2Vm5b6%2By%2BEWsga8QTgCRFfhe1fItsmQsM1t5aMALMkTIrb0hl7RWEm4T2VvX5iw7baBmBCt7tA51L3reyx5SIG3Mq5Hj75V9n619HZQAyaugrNmhJqKpfbfOyryjS4n92oZgUhKiJ5cbZ80zqYPtTTDnJnKTkQelRBn8I7RR5shyKoFIjZMLusqlp95JYofNc1emBATJrPblx3HG5A%2BaNQ%3D%3D","environmentVariables":{"FIREBASE_CONFIG":"{\"projectId\":\"campus-27dd9\",\"storageBucket\":\"campus-27dd9.firebasestorage.app\"}","GCLOUD_PROJECT":"campus-27dd9","EVENTARC_CLOUD_EVENT_SOURCE":"projects/campus-27dd9/locations/asia-southeast1/functions/campusDeviceSyncAttendance"},"runtime":"nodejs20","buildEnvironmentVariables":{"GOOGLE_NODE_RUN_SCRIPTS":""},"sourceToken":"ffb9493c-fc20-4970-b078-d5a46e082ab2","dockerRegistry":"ARTIFACT_REGISTRY"},"versionId":"1","updateTime":"2026-04-01T20:03:31.154107054Z","buildId":"73b65b9d-28af-40ad-b03d-24b5bc4f77e2","sourceToken":"ffb9493c-fc20-4970-b078-d5a46e082ab2","buildName":"projects/824074040304/locations/asia-southeast1/builds/73b65b9d-28af-40ad-b03d-24b5bc4f77e2"}}
[debug] [2026-04-01T20:03:40.569Z] Got source token ffb9493c-fc20-4970-b078-d5a46e082ab2 for region asia-southeast1
[debug] [2026-04-01T20:03:40.599Z] <<< [apiv2][status] GET https://cloudfunctions.googleapis.com/v1/operations/cHJvamVjdHMvY2FtcHVzLTI3ZGQ5L2xvY2F0aW9ucy9hc2lhLXNvdXRoZWFzdDEvb3BlcmF0aW9ucy9vcGVyYXRpb24tMTc3NTA3MzczODk4NS02NGU2YjhmYTk5MWZjLWRjN2Y5MjM2LWZkNGI5ZjQw 200
[debug] [2026-04-01T20:03:40.599Z] <<< [apiv2][body] GET https://cloudfunctions.googleapis.com/v1/operations/cHJvamVjdHMvY2FtcHVzLTI3ZGQ5L2xvY2F0aW9ucy9hc2lhLXNvdXRoZWFzdDEvb3BlcmF0aW9ucy9vcGVyYXRpb24tMTc3NTA3MzczODk4NS02NGU2YjhmYTk5MWZjLWRjN2Y5MjM2LWZkNGI5ZjQw {"name":"operations/cHJvamVjdHMvY2FtcHVzLTI3ZGQ5L2xvY2F0aW9ucy9hc2lhLXNvdXRoZWFzdDEvb3BlcmF0aW9ucy9vcGVyYXRpb24tMTc3NTA3MzczODk4NS02NGU2YjhmYTk5MWZjLWRjN2Y5MjM2LWZkNGI5ZjQw","metadata":{"@type":"type.googleapis.com/google.cloud.functions.v1.OperationMetadataV1","target":"projects/campus-27dd9/locations/asia-southeast1/functions/campusDeviceLatestEvent","type":"CREATE_FUNCTION","request":{"@type":"type.googleapis.com/google.cloud.functions.v1.CloudFunction","name":"projects/campus-27dd9/locations/asia-southeast1/functions/campusDeviceLatestEvent","httpsTrigger":{"securityLevel":"SECURE_ALWAYS"},"entryPoint":"campusDeviceLatestEvent","updateTime":"1970-01-01T00:00:00Z","labels":{"deployment-tool":"cli-firebase","firebase-functions-codebase":"portable-device","firebase-functions-hash":"bb3755a4cdd460bb9cb3b79b7efde5e0203a1bf7"},"sourceUploadUrl":"https://storage.googleapis.com/uploads-1047370624808.asia-southeast1.cloudfunctions.appspot.com/94aefe91-e047-4dea-a70e-97a34cd6a861.zip?GoogleAccessId=service-824074040304@gcf-admin-robot.iam.gserviceaccount.com&Expires=1775075537&Signature=jeY3zlB92JgbOa7viJaWcmPbLSHz%2FmrE99QryZyY9ymN5%2FBiwI5E2m9BiwSMBMKWH527Ag3z3zxmUSlQGZEP4Xsb8%2Fmr2HdwZSAkksAPV0ILZT7QNRigYmQ2YA7I3ZyL2Vm5b6%2By%2BEWsga8QTgCRFfhe1fItsmQsM1t5aMALMkTIrb0hl7RWEm4T2VvX5iw7baBmBCt7tA51L3reyx5SIG3Mq5Hj75V9n619HZQAyaugrNmhJqKpfbfOyryjS4n92oZgUhKiJ5cbZ80zqYPtTTDnJnKTkQelRBn8I7RR5shyKoFIjZMLusqlp95JYofNc1emBATJrPblx3HG5A%2BaNQ%3D%3D","environmentVariables":{"FIREBASE_CONFIG":"{\"projectId\":\"campus-27dd9\",\"storageBucket\":\"campus-27dd9.firebasestorage.app\"}","GCLOUD_PROJECT":"campus-27dd9","EVENTARC_CLOUD_EVENT_SOURCE":"projects/campus-27dd9/locations/asia-southeast1/functions/campusDeviceLatestEvent"},"runtime":"nodejs20","buildEnvironmentVariables":{"GOOGLE_NODE_RUN_SCRIPTS":""},"dockerRegistry":"ARTIFACT_REGISTRY"},"versionId":"1","updateTime":"2026-04-01T20:02:19.575751026Z","buildId":"73b65b9d-28af-40ad-b03d-24b5bc4f77e2","sourceToken":"ffb9493c-fc20-4970-b078-d5a46e082ab2","buildName":"projects/824074040304/locations/asia-southeast1/builds/73b65b9d-28af-40ad-b03d-24b5bc4f77e2"}}
[debug] [2026-04-01T20:03:40.599Z] Got source token ffb9493c-fc20-4970-b078-d5a46e082ab2 for region asia-southeast1
[debug] [2026-04-01T20:03:40.621Z] <<< [apiv2][status] GET https://cloudfunctions.googleapis.com/v1/operations/cHJvamVjdHMvY2FtcHVzLTI3ZGQ5L2xvY2F0aW9ucy9hc2lhLXNvdXRoZWFzdDEvb3BlcmF0aW9ucy9vcGVyYXRpb24tMTc3NTA3MzgxMDgyNy02NGU2YjkzZjFjNmZjLThiMzNkZmY3LTQ1MjcyZjY2 200
[debug] [2026-04-01T20:03:40.621Z] <<< [apiv2][body] GET https://cloudfunctions.googleapis.com/v1/operations/cHJvamVjdHMvY2FtcHVzLTI3ZGQ5L2xvY2F0aW9ucy9hc2lhLXNvdXRoZWFzdDEvb3BlcmF0aW9ucy9vcGVyYXRpb24tMTc3NTA3MzgxMDgyNy02NGU2YjkzZjFjNmZjLThiMzNkZmY3LTQ1MjcyZjY2 {"name":"operations/cHJvamVjdHMvY2FtcHVzLTI3ZGQ5L2xvY2F0aW9ucy9hc2lhLXNvdXRoZWFzdDEvb3BlcmF0aW9ucy9vcGVyYXRpb24tMTc3NTA3MzgxMDgyNy02NGU2YjkzZjFjNmZjLThiMzNkZmY3LTQ1MjcyZjY2","metadata":{"@type":"type.googleapis.com/google.cloud.functions.v1.OperationMetadataV1","target":"projects/campus-27dd9/locations/asia-southeast1/functions/campusDeviceConfirmPairing","type":"CREATE_FUNCTION","request":{"@type":"type.googleapis.com/google.cloud.functions.v1.CloudFunction","name":"projects/campus-27dd9/locations/asia-southeast1/functions/campusDeviceConfirmPairing","httpsTrigger":{"securityLevel":"SECURE_ALWAYS"},"entryPoint":"campusDeviceConfirmPairing","updateTime":"1970-01-01T00:00:00Z","labels":{"deployment-tool":"cli-firebase","firebase-functions-codebase":"portable-device","firebase-functions-hash":"bb3755a4cdd460bb9cb3b79b7efde5e0203a1bf7"},"sourceUploadUrl":"https://storage.googleapis.com/uploads-1047370624808.asia-southeast1.cloudfunctions.appspot.com/94aefe91-e047-4dea-a70e-97a34cd6a861.zip?GoogleAccessId=service-824074040304@gcf-admin-robot.iam.gserviceaccount.com&Expires=1775075537&Signature=jeY3zlB92JgbOa7viJaWcmPbLSHz%2FmrE99QryZyY9ymN5%2FBiwI5E2m9BiwSMBMKWH527Ag3z3zxmUSlQGZEP4Xsb8%2Fmr2HdwZSAkksAPV0ILZT7QNRigYmQ2YA7I3ZyL2Vm5b6%2By%2BEWsga8QTgCRFfhe1fItsmQsM1t5aMALMkTIrb0hl7RWEm4T2VvX5iw7baBmBCt7tA51L3reyx5SIG3Mq5Hj75V9n619HZQAyaugrNmhJqKpfbfOyryjS4n92oZgUhKiJ5cbZ80zqYPtTTDnJnKTkQelRBn8I7RR5shyKoFIjZMLusqlp95JYofNc1emBATJrPblx3HG5A%2BaNQ%3D%3D","environmentVariables":{"FIREBASE_CONFIG":"{\"projectId\":\"campus-27dd9\",\"storageBucket\":\"campus-27dd9.firebasestorage.app\"}","GCLOUD_PROJECT":"campus-27dd9","EVENTARC_CLOUD_EVENT_SOURCE":"projects/campus-27dd9/locations/asia-southeast1/functions/campusDeviceConfirmPairing"},"runtime":"nodejs20","buildEnvironmentVariables":{"GOOGLE_NODE_RUN_SCRIPTS":""},"sourceToken":"ffb9493c-fc20-4970-b078-d5a46e082ab2","dockerRegistry":"ARTIFACT_REGISTRY"},"versionId":"1","updateTime":"2026-04-01T20:03:31.171241694Z","buildId":"73b65b9d-28af-40ad-b03d-24b5bc4f77e2","sourceToken":"ffb9493c-fc20-4970-b078-d5a46e082ab2","buildName":"projects/824074040304/locations/asia-southeast1/builds/73b65b9d-28af-40ad-b03d-24b5bc4f77e2"}}
[debug] [2026-04-01T20:03:40.621Z] Got source token ffb9493c-fc20-4970-b078-d5a46e082ab2 for region asia-southeast1
[debug] [2026-04-01T20:03:40.732Z] <<< [apiv2][status] GET https://cloudfunctions.googleapis.com/v1/operations/cHJvamVjdHMvY2FtcHVzLTI3ZGQ5L2xvY2F0aW9ucy9hc2lhLXNvdXRoZWFzdDEvb3BlcmF0aW9ucy9vcGVyYXRpb24tMTc3NTA3MzgxMDgzMi02NGU2YjkzZjFkZDE0LTM4Mzc4NTYyLTkxYzQ0MDU4 200
[debug] [2026-04-01T20:03:40.732Z] <<< [apiv2][body] GET https://cloudfunctions.googleapis.com/v1/operations/cHJvamVjdHMvY2FtcHVzLTI3ZGQ5L2xvY2F0aW9ucy9hc2lhLXNvdXRoZWFzdDEvb3BlcmF0aW9ucy9vcGVyYXRpb24tMTc3NTA3MzgxMDgzMi02NGU2YjkzZjFkZDE0LTM4Mzc4NTYyLTkxYzQ0MDU4 {"name":"operations/cHJvamVjdHMvY2FtcHVzLTI3ZGQ5L2xvY2F0aW9ucy9hc2lhLXNvdXRoZWFzdDEvb3BlcmF0aW9ucy9vcGVyYXRpb24tMTc3NTA3MzgxMDgzMi02NGU2YjkzZjFkZDE0LTM4Mzc4NTYyLTkxYzQ0MDU4","metadata":{"@type":"type.googleapis.com/google.cloud.functions.v1.OperationMetadataV1","target":"projects/campus-27dd9/locations/asia-southeast1/functions/campusDevicePendingEnrollments","type":"CREATE_FUNCTION","request":{"@type":"type.googleapis.com/google.cloud.functions.v1.CloudFunction","name":"projects/campus-27dd9/locations/asia-southeast1/functions/campusDevicePendingEnrollments","httpsTrigger":{"securityLevel":"SECURE_ALWAYS"},"entryPoint":"campusDevicePendingEnrollments","updateTime":"1970-01-01T00:00:00Z","labels":{"deployment-tool":"cli-firebase","firebase-functions-codebase":"portable-device","firebase-functions-hash":"bb3755a4cdd460bb9cb3b79b7efde5e0203a1bf7"},"sourceUploadUrl":"https://storage.googleapis.com/uploads-1047370624808.asia-southeast1.cloudfunctions.appspot.com/94aefe91-e047-4dea-a70e-97a34cd6a861.zip?GoogleAccessId=service-824074040304@gcf-admin-robot.iam.gserviceaccount.com&Expires=1775075537&Signature=jeY3zlB92JgbOa7viJaWcmPbLSHz%2FmrE99QryZyY9ymN5%2FBiwI5E2m9BiwSMBMKWH527Ag3z3zxmUSlQGZEP4Xsb8%2Fmr2HdwZSAkksAPV0ILZT7QNRigYmQ2YA7I3ZyL2Vm5b6%2By%2BEWsga8QTgCRFfhe1fItsmQsM1t5aMALMkTIrb0hl7RWEm4T2VvX5iw7baBmBCt7tA51L3reyx5SIG3Mq5Hj75V9n619HZQAyaugrNmhJqKpfbfOyryjS4n92oZgUhKiJ5cbZ80zqYPtTTDnJnKTkQelRBn8I7RR5shyKoFIjZMLusqlp95JYofNc1emBATJrPblx3HG5A%2BaNQ%3D%3D","environmentVariables":{"FIREBASE_CONFIG":"{\"projectId\":\"campus-27dd9\",\"storageBucket\":\"campus-27dd9.firebasestorage.app\"}","GCLOUD_PROJECT":"campus-27dd9","EVENTARC_CLOUD_EVENT_SOURCE":"projects/campus-27dd9/locations/asia-southeast1/functions/campusDevicePendingEnrollments"},"runtime":"nodejs20","buildEnvironmentVariables":{"GOOGLE_NODE_RUN_SCRIPTS":""},"sourceToken":"ffb9493c-fc20-4970-b078-d5a46e082ab2","dockerRegistry":"ARTIFACT_REGISTRY"},"versionId":"1","updateTime":"2026-04-01T20:03:31.190522972Z","buildId":"73b65b9d-28af-40ad-b03d-24b5bc4f77e2","sourceToken":"ffb9493c-fc20-4970-b078-d5a46e082ab2","buildName":"projects/824074040304/locations/asia-southeast1/builds/73b65b9d-28af-40ad-b03d-24b5bc4f77e2"}}
[debug] [2026-04-01T20:03:40.732Z] Got source token ffb9493c-fc20-4970-b078-d5a46e082ab2 for region asia-southeast1
[debug] [2026-04-01T20:03:48.556Z] [create-portable-device-asia-southeast1-campusDeviceSubmitEnrollment] Retrying task index 0
[debug] [2026-04-01T20:03:48.556Z] Checked if tokens are valid: true, expires at: 1775076260943
[debug] [2026-04-01T20:03:48.556Z] Checked if tokens are valid: true, expires at: 1775076260943
[debug] [2026-04-01T20:03:48.556Z] >>> [apiv2][query] GET https://cloudfunctions.googleapis.com/v1/operations/cHJvamVjdHMvY2FtcHVzLTI3ZGQ5L2xvY2F0aW9ucy9hc2lhLXNvdXRoZWFzdDEvb3BlcmF0aW9ucy9vcGVyYXRpb24tMTc3NTA3MzgxMDYyNC02NGU2YjkzZWVhZjg0LTE1MmNmMWUyLWNjNGM2ZGM4 [none]
[debug] [2026-04-01T20:03:48.571Z] [create-portable-device-asia-southeast1-campusDeviceSyncAttendance] Retrying task index 0
[debug] [2026-04-01T20:03:48.571Z] Checked if tokens are valid: true, expires at: 1775076260943
[debug] [2026-04-01T20:03:48.571Z] Checked if tokens are valid: true, expires at: 1775076260943
[debug] [2026-04-01T20:03:48.571Z] >>> [apiv2][query] GET https://cloudfunctions.googleapis.com/v1/operations/cHJvamVjdHMvY2FtcHVzLTI3ZGQ5L2xvY2F0aW9ucy9hc2lhLXNvdXRoZWFzdDEvb3BlcmF0aW9ucy9vcGVyYXRpb24tMTc3NTA3MzgxMDgyNy02NGU2YjkzZjFjN2NmLTA4MjkwOTM5LWQ2NTRlOTIy [none]
[debug] [2026-04-01T20:03:48.634Z] [create-portable-device-asia-southeast1-campusDeviceConfirmPairing] Retrying task index 0
[debug] [2026-04-01T20:03:48.634Z] Checked if tokens are valid: true, expires at: 1775076260943
[debug] [2026-04-01T20:03:48.634Z] Checked if tokens are valid: true, expires at: 1775076260943
[debug] [2026-04-01T20:03:48.634Z] >>> [apiv2][query] GET https://cloudfunctions.googleapis.com/v1/operations/cHJvamVjdHMvY2FtcHVzLTI3ZGQ5L2xvY2F0aW9ucy9hc2lhLXNvdXRoZWFzdDEvb3BlcmF0aW9ucy9vcGVyYXRpb24tMTc3NTA3MzgxMDgyNy02NGU2YjkzZjFjNmZjLThiMzNkZmY3LTQ1MjcyZjY2 [none]
[debug] [2026-04-01T20:03:48.740Z] [create-portable-device-asia-southeast1-campusDevicePendingEnrollments] Retrying task index 0
[debug] [2026-04-01T20:03:48.740Z] Checked if tokens are valid: true, expires at: 1775076260943
[debug] [2026-04-01T20:03:48.740Z] Checked if tokens are valid: true, expires at: 1775076260943
[debug] [2026-04-01T20:03:48.740Z] >>> [apiv2][query] GET https://cloudfunctions.googleapis.com/v1/operations/cHJvamVjdHMvY2FtcHVzLTI3ZGQ5L2xvY2F0aW9ucy9hc2lhLXNvdXRoZWFzdDEvb3BlcmF0aW9ucy9vcGVyYXRpb24tMTc3NTA3MzgxMDgzMi02NGU2YjkzZjFkZDE0LTM4Mzc4NTYyLTkxYzQ0MDU4 [none]
[debug] [2026-04-01T20:03:49.060Z] <<< [apiv2][status] GET https://cloudfunctions.googleapis.com/v1/operations/cHJvamVjdHMvY2FtcHVzLTI3ZGQ5L2xvY2F0aW9ucy9hc2lhLXNvdXRoZWFzdDEvb3BlcmF0aW9ucy9vcGVyYXRpb24tMTc3NTA3MzgxMDYyNC02NGU2YjkzZWVhZjg0LTE1MmNmMWUyLWNjNGM2ZGM4 200
[debug] [2026-04-01T20:03:49.060Z] <<< [apiv2][body] GET https://cloudfunctions.googleapis.com/v1/operations/cHJvamVjdHMvY2FtcHVzLTI3ZGQ5L2xvY2F0aW9ucy9hc2lhLXNvdXRoZWFzdDEvb3BlcmF0aW9ucy9vcGVyYXRpb24tMTc3NTA3MzgxMDYyNC02NGU2YjkzZWVhZjg0LTE1MmNmMWUyLWNjNGM2ZGM4 {"name":"operations/cHJvamVjdHMvY2FtcHVzLTI3ZGQ5L2xvY2F0aW9ucy9hc2lhLXNvdXRoZWFzdDEvb3BlcmF0aW9ucy9vcGVyYXRpb24tMTc3NTA3MzgxMDYyNC02NGU2YjkzZWVhZjg0LTE1MmNmMWUyLWNjNGM2ZGM4","metadata":{"@type":"type.googleapis.com/google.cloud.functions.v1.OperationMetadataV1","target":"projects/campus-27dd9/locations/asia-southeast1/functions/campusDeviceSubmitEnrollment","type":"CREATE_FUNCTION","request":{"@type":"type.googleapis.com/google.cloud.functions.v1.CloudFunction","name":"projects/campus-27dd9/locations/asia-southeast1/functions/campusDeviceSubmitEnrollment","httpsTrigger":{"securityLevel":"SECURE_ALWAYS"},"entryPoint":"campusDeviceSubmitEnrollment","updateTime":"1970-01-01T00:00:00Z","labels":{"deployment-tool":"cli-firebase","firebase-functions-codebase":"portable-device","firebase-functions-hash":"bb3755a4cdd460bb9cb3b79b7efde5e0203a1bf7"},"sourceUploadUrl":"https://storage.googleapis.com/uploads-1047370624808.asia-southeast1.cloudfunctions.appspot.com/94aefe91-e047-4dea-a70e-97a34cd6a861.zip?GoogleAccessId=service-824074040304@gcf-admin-robot.iam.gserviceaccount.com&Expires=1775075537&Signature=jeY3zlB92JgbOa7viJaWcmPbLSHz%2FmrE99QryZyY9ymN5%2FBiwI5E2m9BiwSMBMKWH527Ag3z3zxmUSlQGZEP4Xsb8%2Fmr2HdwZSAkksAPV0ILZT7QNRigYmQ2YA7I3ZyL2Vm5b6%2By%2BEWsga8QTgCRFfhe1fItsmQsM1t5aMALMkTIrb0hl7RWEm4T2VvX5iw7baBmBCt7tA51L3reyx5SIG3Mq5Hj75V9n619HZQAyaugrNmhJqKpfbfOyryjS4n92oZgUhKiJ5cbZ80zqYPtTTDnJnKTkQelRBn8I7RR5shyKoFIjZMLusqlp95JYofNc1emBATJrPblx3HG5A%2BaNQ%3D%3D","environmentVariables":{"FIREBASE_CONFIG":"{\"projectId\":\"campus-27dd9\",\"storageBucket\":\"campus-27dd9.firebasestorage.app\"}","GCLOUD_PROJECT":"campus-27dd9","EVENTARC_CLOUD_EVENT_SOURCE":"projects/campus-27dd9/locations/asia-southeast1/functions/campusDeviceSubmitEnrollment"},"runtime":"nodejs20","buildEnvironmentVariables":{"GOOGLE_NODE_RUN_SCRIPTS":""},"sourceToken":"ffb9493c-fc20-4970-b078-d5a46e082ab2","dockerRegistry":"ARTIFACT_REGISTRY"},"versionId":"1","updateTime":"2026-04-01T20:03:46.124432177Z","buildId":"73b65b9d-28af-40ad-b03d-24b5bc4f77e2","sourceToken":"ffb9493c-fc20-4970-b078-d5a46e082ab2","buildName":"projects/824074040304/locations/asia-southeast1/builds/73b65b9d-28af-40ad-b03d-24b5bc4f77e2"},"done":true,"response":{"@type":"type.googleapis.com/google.cloud.functions.v1.CloudFunction","name":"projects/campus-27dd9/locations/asia-southeast1/functions/campusDeviceSubmitEnrollment","httpsTrigger":{"url":"https://asia-southeast1-campus-27dd9.cloudfunctions.net/campusDeviceSubmitEnrollment","securityLevel":"SECURE_ALWAYS"},"status":"ACTIVE","entryPoint":"campusDeviceSubmitEnrollment","timeout":"60s","availableMemoryMb":256,"serviceAccountEmail":"campus-27dd9@appspot.gserviceaccount.com","updateTime":"2026-04-01T20:03:30.970947939Z","versionId":"1","labels":{"deployment-tool":"cli-firebase","firebase-functions-codebase":"portable-device","firebase-functions-hash":"bb3755a4cdd460bb9cb3b79b7efde5e0203a1bf7"},"sourceUploadUrl":"https://storage.googleapis.com/uploads-1047370624808.asia-southeast1.cloudfunctions.appspot.com/94aefe91-e047-4dea-a70e-97a34cd6a861.zip","environmentVariables":{"FIREBASE_CONFIG":"{\"projectId\":\"campus-27dd9\",\"storageBucket\":\"campus-27dd9.firebasestorage.app\"}","GCLOUD_PROJECT":"campus-27dd9","EVENTARC_CLOUD_EVENT_SOURCE":"projects/campus-27dd9/locations/asia-southeast1/functions/campusDeviceSubmitEnrollment"},"runtime":"nodejs20","ingressSettings":"ALLOW_ALL","buildId":"73b65b9d-28af-40ad-b03d-24b5bc4f77e2","buildEnvironmentVariables":{"GOOGLE_NODE_RUN_SCRIPTS":""},"buildName":"projects/824074040304/locations/asia-southeast1/builds/73b65b9d-28af-40ad-b03d-24b5bc4f77e2","dockerRegistry":"ARTIFACT_REGISTRY","automaticUpdatePolicy":{},"buildServiceAccount":"projects/campus-27dd9/serviceAccounts/824074040304-compute@developer.gserviceaccount.com","satisfiesPzs":true,"satisfiesPzi":true}}
[debug] [2026-04-01T20:03:49.060Z] Got source token ffb9493c-fc20-4970-b078-d5a46e082ab2 for region asia-southeast1
[debug] [2026-04-01T20:03:49.060Z] Checked if tokens are valid: true, expires at: 1775076260943
[debug] [2026-04-01T20:03:49.060Z] Checked if tokens are valid: true, expires at: 1775076260943
[debug] [2026-04-01T20:03:49.060Z] >>> [apiv2][query] POST https://cloudfunctions.googleapis.com/v1/projects/campus-27dd9/locations/asia-southeast1/functions/campusDeviceSubmitEnrollment:setIamPolicy [none]
[debug] [2026-04-01T20:03:49.060Z] >>> [apiv2][body] POST https://cloudfunctions.googleapis.com/v1/projects/campus-27dd9/locations/asia-southeast1/functions/campusDeviceSubmitEnrollment:setIamPolicy {"policy":{"bindings":[{"role":"roles/cloudfunctions.invoker","members":["allUsers"]}],"etag":"","version":3},"updateMask":"bindings,etag,version"}
[debug] [2026-04-01T20:03:49.078Z] <<< [apiv2][status] GET https://cloudfunctions.googleapis.com/v1/operations/cHJvamVjdHMvY2FtcHVzLTI3ZGQ5L2xvY2F0aW9ucy9hc2lhLXNvdXRoZWFzdDEvb3BlcmF0aW9ucy9vcGVyYXRpb24tMTc3NTA3MzgxMDgyNy02NGU2YjkzZjFjN2NmLTA4MjkwOTM5LWQ2NTRlOTIy 200
[debug] [2026-04-01T20:03:49.078Z] <<< [apiv2][body] GET https://cloudfunctions.googleapis.com/v1/operations/cHJvamVjdHMvY2FtcHVzLTI3ZGQ5L2xvY2F0aW9ucy9hc2lhLXNvdXRoZWFzdDEvb3BlcmF0aW9ucy9vcGVyYXRpb24tMTc3NTA3MzgxMDgyNy02NGU2YjkzZjFjN2NmLTA4MjkwOTM5LWQ2NTRlOTIy {"name":"operations/cHJvamVjdHMvY2FtcHVzLTI3ZGQ5L2xvY2F0aW9ucy9hc2lhLXNvdXRoZWFzdDEvb3BlcmF0aW9ucy9vcGVyYXRpb24tMTc3NTA3MzgxMDgyNy02NGU2YjkzZjFjN2NmLTA4MjkwOTM5LWQ2NTRlOTIy","metadata":{"@type":"type.googleapis.com/google.cloud.functions.v1.OperationMetadataV1","target":"projects/campus-27dd9/locations/asia-southeast1/functions/campusDeviceSyncAttendance","type":"CREATE_FUNCTION","request":{"@type":"type.googleapis.com/google.cloud.functions.v1.CloudFunction","name":"projects/campus-27dd9/locations/asia-southeast1/functions/campusDeviceSyncAttendance","httpsTrigger":{"securityLevel":"SECURE_ALWAYS"},"entryPoint":"campusDeviceSyncAttendance","updateTime":"1970-01-01T00:00:00Z","labels":{"deployment-tool":"cli-firebase","firebase-functions-codebase":"portable-device","firebase-functions-hash":"bb3755a4cdd460bb9cb3b79b7efde5e0203a1bf7"},"sourceUploadUrl":"https://storage.googleapis.com/uploads-1047370624808.asia-southeast1.cloudfunctions.appspot.com/94aefe91-e047-4dea-a70e-97a34cd6a861.zip?GoogleAccessId=service-824074040304@gcf-admin-robot.iam.gserviceaccount.com&Expires=1775075537&Signature=jeY3zlB92JgbOa7viJaWcmPbLSHz%2FmrE99QryZyY9ymN5%2FBiwI5E2m9BiwSMBMKWH527Ag3z3zxmUSlQGZEP4Xsb8%2Fmr2HdwZSAkksAPV0ILZT7QNRigYmQ2YA7I3ZyL2Vm5b6%2By%2BEWsga8QTgCRFfhe1fItsmQsM1t5aMALMkTIrb0hl7RWEm4T2VvX5iw7baBmBCt7tA51L3reyx5SIG3Mq5Hj75V9n619HZQAyaugrNmhJqKpfbfOyryjS4n92oZgUhKiJ5cbZ80zqYPtTTDnJnKTkQelRBn8I7RR5shyKoFIjZMLusqlp95JYofNc1emBATJrPblx3HG5A%2BaNQ%3D%3D","environmentVariables":{"FIREBASE_CONFIG":"{\"projectId\":\"campus-27dd9\",\"storageBucket\":\"campus-27dd9.firebasestorage.app\"}","GCLOUD_PROJECT":"campus-27dd9","EVENTARC_CLOUD_EVENT_SOURCE":"projects/campus-27dd9/locations/asia-southeast1/functions/campusDeviceSyncAttendance"},"runtime":"nodejs20","buildEnvironmentVariables":{"GOOGLE_NODE_RUN_SCRIPTS":""},"sourceToken":"ffb9493c-fc20-4970-b078-d5a46e082ab2","dockerRegistry":"ARTIFACT_REGISTRY"},"versionId":"1","updateTime":"2026-04-01T20:03:43.983474892Z","buildId":"73b65b9d-28af-40ad-b03d-24b5bc4f77e2","sourceToken":"ffb9493c-fc20-4970-b078-d5a46e082ab2","buildName":"projects/824074040304/locations/asia-southeast1/builds/73b65b9d-28af-40ad-b03d-24b5bc4f77e2"},"done":true,"response":{"@type":"type.googleapis.com/google.cloud.functions.v1.CloudFunction","name":"projects/campus-27dd9/locations/asia-southeast1/functions/campusDeviceSyncAttendance","httpsTrigger":{"url":"https://asia-southeast1-campus-27dd9.cloudfunctions.net/campusDeviceSyncAttendance","securityLevel":"SECURE_ALWAYS"},"status":"ACTIVE","entryPoint":"campusDeviceSyncAttendance","timeout":"60s","availableMemoryMb":256,"serviceAccountEmail":"campus-27dd9@appspot.gserviceaccount.com","updateTime":"2026-04-01T20:03:31.150052974Z","versionId":"1","labels":{"firebase-functions-hash":"bb3755a4cdd460bb9cb3b79b7efde5e0203a1bf7","deployment-tool":"cli-firebase","firebase-functions-codebase":"portable-device"},"sourceUploadUrl":"https://storage.googleapis.com/uploads-1047370624808.asia-southeast1.cloudfunctions.appspot.com/94aefe91-e047-4dea-a70e-97a34cd6a861.zip","environmentVariables":{"FIREBASE_CONFIG":"{\"projectId\":\"campus-27dd9\",\"storageBucket\":\"campus-27dd9.firebasestorage.app\"}","GCLOUD_PROJECT":"campus-27dd9","EVENTARC_CLOUD_EVENT_SOURCE":"projects/campus-27dd9/locations/asia-southeast1/functions/campusDeviceSyncAttendance"},"runtime":"nodejs20","ingressSettings":"ALLOW_ALL","buildId":"73b65b9d-28af-40ad-b03d-24b5bc4f77e2","buildEnvironmentVariables":{"GOOGLE_NODE_RUN_SCRIPTS":""},"buildName":"projects/824074040304/locations/asia-southeast1/builds/73b65b9d-28af-40ad-b03d-24b5bc4f77e2","dockerRegistry":"ARTIFACT_REGISTRY","automaticUpdatePolicy":{},"buildServiceAccount":"projects/campus-27dd9/serviceAccounts/824074040304-compute@developer.gserviceaccount.com","satisfiesPzs":true,"satisfiesPzi":true}}
[debug] [2026-04-01T20:03:49.078Z] Got source token ffb9493c-fc20-4970-b078-d5a46e082ab2 for region asia-southeast1
[debug] [2026-04-01T20:03:49.078Z] Checked if tokens are valid: true, expires at: 1775076260943
[debug] [2026-04-01T20:03:49.078Z] Checked if tokens are valid: true, expires at: 1775076260943
[debug] [2026-04-01T20:03:49.078Z] >>> [apiv2][query] POST https://cloudfunctions.googleapis.com/v1/projects/campus-27dd9/locations/asia-southeast1/functions/campusDeviceSyncAttendance:setIamPolicy [none]
[debug] [2026-04-01T20:03:49.078Z] >>> [apiv2][body] POST https://cloudfunctions.googleapis.com/v1/projects/campus-27dd9/locations/asia-southeast1/functions/campusDeviceSyncAttendance:setIamPolicy {"policy":{"bindings":[{"role":"roles/cloudfunctions.invoker","members":["allUsers"]}],"etag":"","version":3},"updateMask":"bindings,etag,version"}
[debug] [2026-04-01T20:03:49.134Z] <<< [apiv2][status] GET https://cloudfunctions.googleapis.com/v1/operations/cHJvamVjdHMvY2FtcHVzLTI3ZGQ5L2xvY2F0aW9ucy9hc2lhLXNvdXRoZWFzdDEvb3BlcmF0aW9ucy9vcGVyYXRpb24tMTc3NTA3MzgxMDgyNy02NGU2YjkzZjFjNmZjLThiMzNkZmY3LTQ1MjcyZjY2 200
[debug] [2026-04-01T20:03:49.134Z] <<< [apiv2][body] GET https://cloudfunctions.googleapis.com/v1/operations/cHJvamVjdHMvY2FtcHVzLTI3ZGQ5L2xvY2F0aW9ucy9hc2lhLXNvdXRoZWFzdDEvb3BlcmF0aW9ucy9vcGVyYXRpb24tMTc3NTA3MzgxMDgyNy02NGU2YjkzZjFjNmZjLThiMzNkZmY3LTQ1MjcyZjY2 {"name":"operations/cHJvamVjdHMvY2FtcHVzLTI3ZGQ5L2xvY2F0aW9ucy9hc2lhLXNvdXRoZWFzdDEvb3BlcmF0aW9ucy9vcGVyYXRpb24tMTc3NTA3MzgxMDgyNy02NGU2YjkzZjFjNmZjLThiMzNkZmY3LTQ1MjcyZjY2","metadata":{"@type":"type.googleapis.com/google.cloud.functions.v1.OperationMetadataV1","target":"projects/campus-27dd9/locations/asia-southeast1/functions/campusDeviceConfirmPairing","type":"CREATE_FUNCTION","request":{"@type":"type.googleapis.com/google.cloud.functions.v1.CloudFunction","name":"projects/campus-27dd9/locations/asia-southeast1/functions/campusDeviceConfirmPairing","httpsTrigger":{"securityLevel":"SECURE_ALWAYS"},"entryPoint":"campusDeviceConfirmPairing","updateTime":"1970-01-01T00:00:00Z","labels":{"deployment-tool":"cli-firebase","firebase-functions-codebase":"portable-device","firebase-functions-hash":"bb3755a4cdd460bb9cb3b79b7efde5e0203a1bf7"},"sourceUploadUrl":"https://storage.googleapis.com/uploads-1047370624808.asia-southeast1.cloudfunctions.appspot.com/94aefe91-e047-4dea-a70e-97a34cd6a861.zip?GoogleAccessId=service-824074040304@gcf-admin-robot.iam.gserviceaccount.com&Expires=1775075537&Signature=jeY3zlB92JgbOa7viJaWcmPbLSHz%2FmrE99QryZyY9ymN5%2FBiwI5E2m9BiwSMBMKWH527Ag3z3zxmUSlQGZEP4Xsb8%2Fmr2HdwZSAkksAPV0ILZT7QNRigYmQ2YA7I3ZyL2Vm5b6%2By%2BEWsga8QTgCRFfhe1fItsmQsM1t5aMALMkTIrb0hl7RWEm4T2VvX5iw7baBmBCt7tA51L3reyx5SIG3Mq5Hj75V9n619HZQAyaugrNmhJqKpfbfOyryjS4n92oZgUhKiJ5cbZ80zqYPtTTDnJnKTkQelRBn8I7RR5shyKoFIjZMLusqlp95JYofNc1emBATJrPblx3HG5A%2BaNQ%3D%3D","environmentVariables":{"FIREBASE_CONFIG":"{\"projectId\":\"campus-27dd9\",\"storageBucket\":\"campus-27dd9.firebasestorage.app\"}","GCLOUD_PROJECT":"campus-27dd9","EVENTARC_CLOUD_EVENT_SOURCE":"projects/campus-27dd9/locations/asia-southeast1/functions/campusDeviceConfirmPairing"},"runtime":"nodejs20","buildEnvironmentVariables":{"GOOGLE_NODE_RUN_SCRIPTS":""},"sourceToken":"ffb9493c-fc20-4970-b078-d5a46e082ab2","dockerRegistry":"ARTIFACT_REGISTRY"},"versionId":"1","updateTime":"2026-04-01T20:03:43.330434328Z","buildId":"73b65b9d-28af-40ad-b03d-24b5bc4f77e2","sourceToken":"ffb9493c-fc20-4970-b078-d5a46e082ab2","buildName":"projects/824074040304/locations/asia-southeast1/builds/73b65b9d-28af-40ad-b03d-24b5bc4f77e2"},"done":true,"response":{"@type":"type.googleapis.com/google.cloud.functions.v1.CloudFunction","name":"projects/campus-27dd9/locations/asia-southeast1/functions/campusDeviceConfirmPairing","httpsTrigger":{"url":"https://asia-southeast1-campus-27dd9.cloudfunctions.net/campusDeviceConfirmPairing","securityLevel":"SECURE_ALWAYS"},"status":"ACTIVE","entryPoint":"campusDeviceConfirmPairing","timeout":"60s","availableMemoryMb":256,"serviceAccountEmail":"campus-27dd9@appspot.gserviceaccount.com","updateTime":"2026-04-01T20:03:31.167409934Z","versionId":"1","labels":{"deployment-tool":"cli-firebase","firebase-functions-codebase":"portable-device","firebase-functions-hash":"bb3755a4cdd460bb9cb3b79b7efde5e0203a1bf7"},"sourceUploadUrl":"https://storage.googleapis.com/uploads-1047370624808.asia-southeast1.cloudfunctions.appspot.com/94aefe91-e047-4dea-a70e-97a34cd6a861.zip","environmentVariables":{"FIREBASE_CONFIG":"{\"projectId\":\"campus-27dd9\",\"storageBucket\":\"campus-27dd9.firebasestorage.app\"}","GCLOUD_PROJECT":"campus-27dd9","EVENTARC_CLOUD_EVENT_SOURCE":"projects/campus-27dd9/locations/asia-southeast1/functions/campusDeviceConfirmPairing"},"runtime":"nodejs20","ingressSettings":"ALLOW_ALL","buildId":"73b65b9d-28af-40ad-b03d-24b5bc4f77e2","buildEnvironmentVariables":{"GOOGLE_NODE_RUN_SCRIPTS":""},"buildName":"projects/824074040304/locations/asia-southeast1/builds/73b65b9d-28af-40ad-b03d-24b5bc4f77e2","dockerRegistry":"ARTIFACT_REGISTRY","automaticUpdatePolicy":{},"buildServiceAccount":"projects/campus-27dd9/serviceAccounts/824074040304-compute@developer.gserviceaccount.com","satisfiesPzs":true,"satisfiesPzi":true}}
[debug] [2026-04-01T20:03:49.134Z] Got source token ffb9493c-fc20-4970-b078-d5a46e082ab2 for region asia-southeast1
[debug] [2026-04-01T20:03:49.134Z] Checked if tokens are valid: true, expires at: 1775076260943
[debug] [2026-04-01T20:03:49.134Z] Checked if tokens are valid: true, expires at: 1775076260943
[debug] [2026-04-01T20:03:49.134Z] >>> [apiv2][query] POST https://cloudfunctions.googleapis.com/v1/projects/campus-27dd9/locations/asia-southeast1/functions/campusDeviceConfirmPairing:setIamPolicy [none]
[debug] [2026-04-01T20:03:49.135Z] >>> [apiv2][body] POST https://cloudfunctions.googleapis.com/v1/projects/campus-27dd9/locations/asia-southeast1/functions/campusDeviceConfirmPairing:setIamPolicy {"policy":{"bindings":[{"role":"roles/cloudfunctions.invoker","members":["allUsers"]}],"etag":"","version":3},"updateMask":"bindings,etag,version"}
[debug] [2026-04-01T20:03:49.263Z] <<< [apiv2][status] GET https://cloudfunctions.googleapis.com/v1/operations/cHJvamVjdHMvY2FtcHVzLTI3ZGQ5L2xvY2F0aW9ucy9hc2lhLXNvdXRoZWFzdDEvb3BlcmF0aW9ucy9vcGVyYXRpb24tMTc3NTA3MzgxMDgzMi02NGU2YjkzZjFkZDE0LTM4Mzc4NTYyLTkxYzQ0MDU4 200
[debug] [2026-04-01T20:03:49.263Z] <<< [apiv2][body] GET https://cloudfunctions.googleapis.com/v1/operations/cHJvamVjdHMvY2FtcHVzLTI3ZGQ5L2xvY2F0aW9ucy9hc2lhLXNvdXRoZWFzdDEvb3BlcmF0aW9ucy9vcGVyYXRpb24tMTc3NTA3MzgxMDgzMi02NGU2YjkzZjFkZDE0LTM4Mzc4NTYyLTkxYzQ0MDU4 {"name":"operations/cHJvamVjdHMvY2FtcHVzLTI3ZGQ5L2xvY2F0aW9ucy9hc2lhLXNvdXRoZWFzdDEvb3BlcmF0aW9ucy9vcGVyYXRpb24tMTc3NTA3MzgxMDgzMi02NGU2YjkzZjFkZDE0LTM4Mzc4NTYyLTkxYzQ0MDU4","metadata":{"@type":"type.googleapis.com/google.cloud.functions.v1.OperationMetadataV1","target":"projects/campus-27dd9/locations/asia-southeast1/functions/campusDevicePendingEnrollments","type":"CREATE_FUNCTION","request":{"@type":"type.googleapis.com/google.cloud.functions.v1.CloudFunction","name":"projects/campus-27dd9/locations/asia-southeast1/functions/campusDevicePendingEnrollments","httpsTrigger":{"securityLevel":"SECURE_ALWAYS"},"entryPoint":"campusDevicePendingEnrollments","updateTime":"1970-01-01T00:00:00Z","labels":{"deployment-tool":"cli-firebase","firebase-functions-codebase":"portable-device","firebase-functions-hash":"bb3755a4cdd460bb9cb3b79b7efde5e0203a1bf7"},"sourceUploadUrl":"https://storage.googleapis.com/uploads-1047370624808.asia-southeast1.cloudfunctions.appspot.com/94aefe91-e047-4dea-a70e-97a34cd6a861.zip?GoogleAccessId=service-824074040304@gcf-admin-robot.iam.gserviceaccount.com&Expires=1775075537&Signature=jeY3zlB92JgbOa7viJaWcmPbLSHz%2FmrE99QryZyY9ymN5%2FBiwI5E2m9BiwSMBMKWH527Ag3z3zxmUSlQGZEP4Xsb8%2Fmr2HdwZSAkksAPV0ILZT7QNRigYmQ2YA7I3ZyL2Vm5b6%2By%2BEWsga8QTgCRFfhe1fItsmQsM1t5aMALMkTIrb0hl7RWEm4T2VvX5iw7baBmBCt7tA51L3reyx5SIG3Mq5Hj75V9n619HZQAyaugrNmhJqKpfbfOyryjS4n92oZgUhKiJ5cbZ80zqYPtTTDnJnKTkQelRBn8I7RR5shyKoFIjZMLusqlp95JYofNc1emBATJrPblx3HG5A%2BaNQ%3D%3D","environmentVariables":{"FIREBASE_CONFIG":"{\"projectId\":\"campus-27dd9\",\"storageBucket\":\"campus-27dd9.firebasestorage.app\"}","GCLOUD_PROJECT":"campus-27dd9","EVENTARC_CLOUD_EVENT_SOURCE":"projects/campus-27dd9/locations/asia-southeast1/functions/campusDevicePendingEnrollments"},"runtime":"nodejs20","buildEnvironmentVariables":{"GOOGLE_NODE_RUN_SCRIPTS":""},"sourceToken":"ffb9493c-fc20-4970-b078-d5a46e082ab2","dockerRegistry":"ARTIFACT_REGISTRY"},"versionId":"1","updateTime":"2026-04-01T20:03:44.637384794Z","buildId":"73b65b9d-28af-40ad-b03d-24b5bc4f77e2","sourceToken":"ffb9493c-fc20-4970-b078-d5a46e082ab2","buildName":"projects/824074040304/locations/asia-southeast1/builds/73b65b9d-28af-40ad-b03d-24b5bc4f77e2"},"done":true,"response":{"@type":"type.googleapis.com/google.cloud.functions.v1.CloudFunction","name":"projects/campus-27dd9/locations/asia-southeast1/functions/campusDevicePendingEnrollments","httpsTrigger":{"url":"https://asia-southeast1-campus-27dd9.cloudfunctions.net/campusDevicePendingEnrollments","securityLevel":"SECURE_ALWAYS"},"status":"ACTIVE","entryPoint":"campusDevicePendingEnrollments","timeout":"60s","availableMemoryMb":256,"serviceAccountEmail":"campus-27dd9@appspot.gserviceaccount.com","updateTime":"2026-04-01T20:03:31.187357129Z","versionId":"1","labels":{"deployment-tool":"cli-firebase","firebase-functions-codebase":"portable-device","firebase-functions-hash":"bb3755a4cdd460bb9cb3b79b7efde5e0203a1bf7"},"sourceUploadUrl":"https://storage.googleapis.com/uploads-1047370624808.asia-southeast1.cloudfunctions.appspot.com/94aefe91-e047-4dea-a70e-97a34cd6a861.zip","environmentVariables":{"FIREBASE_CONFIG":"{\"projectId\":\"campus-27dd9\",\"storageBucket\":\"campus-27dd9.firebasestorage.app\"}","GCLOUD_PROJECT":"campus-27dd9","EVENTARC_CLOUD_EVENT_SOURCE":"projects/campus-27dd9/locations/asia-southeast1/functions/campusDevicePendingEnrollments"},"runtime":"nodejs20","ingressSettings":"ALLOW_ALL","buildId":"73b65b9d-28af-40ad-b03d-24b5bc4f77e2","buildEnvironmentVariables":{"GOOGLE_NODE_RUN_SCRIPTS":""},"buildName":"projects/824074040304/locations/asia-southeast1/builds/73b65b9d-28af-40ad-b03d-24b5bc4f77e2","dockerRegistry":"ARTIFACT_REGISTRY","automaticUpdatePolicy":{},"buildServiceAccount":"projects/campus-27dd9/serviceAccounts/824074040304-compute@developer.gserviceaccount.com","satisfiesPzs":true,"satisfiesPzi":true}}
[debug] [2026-04-01T20:03:49.263Z] Got source token ffb9493c-fc20-4970-b078-d5a46e082ab2 for region asia-southeast1
[debug] [2026-04-01T20:03:49.263Z] Checked if tokens are valid: true, expires at: 1775076260943
[debug] [2026-04-01T20:03:49.264Z] Checked if tokens are valid: true, expires at: 1775076260943
[debug] [2026-04-01T20:03:49.264Z] >>> [apiv2][query] POST https://cloudfunctions.googleapis.com/v1/projects/campus-27dd9/locations/asia-southeast1/functions/campusDevicePendingEnrollments:setIamPolicy [none]
[debug] [2026-04-01T20:03:49.264Z] >>> [apiv2][body] POST https://cloudfunctions.googleapis.com/v1/projects/campus-27dd9/locations/asia-southeast1/functions/campusDevicePendingEnrollments:setIamPolicy {"policy":{"bindings":[{"role":"roles/cloudfunctions.invoker","members":["allUsers"]}],"etag":"","version":3},"updateMask":"bindings,etag,version"}
[debug] [2026-04-01T20:03:50.507Z] <<< [apiv2][status] POST https://cloudfunctions.googleapis.com/v1/projects/campus-27dd9/locations/asia-southeast1/functions/campusDeviceSyncAttendance:setIamPolicy 200
[debug] [2026-04-01T20:03:50.507Z] <<< [apiv2][body] POST https://cloudfunctions.googleapis.com/v1/projects/campus-27dd9/locations/asia-southeast1/functions/campusDeviceSyncAttendance:setIamPolicy {"version":1,"etag":"BwZOa5UcYPw=","bindings":[{"role":"roles/cloudfunctions.invoker","members":["allUsers"]}]}
[info] +  functions[portable-device:campusDeviceSyncAttendance(asia-southeast1)] Successful create operation. 
[debug] [2026-04-01T20:03:50.531Z] <<< [apiv2][status] POST https://cloudfunctions.googleapis.com/v1/projects/campus-27dd9/locations/asia-southeast1/functions/campusDevicePendingEnrollments:setIamPolicy 200
[debug] [2026-04-01T20:03:50.531Z] <<< [apiv2][body] POST https://cloudfunctions.googleapis.com/v1/projects/campus-27dd9/locations/asia-southeast1/functions/campusDevicePendingEnrollments:setIamPolicy {"version":1,"etag":"BwZOa5UcS6s=","bindings":[{"role":"roles/cloudfunctions.invoker","members":["allUsers"]}]}
[info] +  functions[portable-device:campusDevicePendingEnrollments(asia-southeast1)] Successful create operation. 
[debug] [2026-04-01T20:03:50.537Z] <<< [apiv2][status] POST https://cloudfunctions.googleapis.com/v1/projects/campus-27dd9/locations/asia-southeast1/functions/campusDeviceSubmitEnrollment:setIamPolicy 200
[debug] [2026-04-01T20:03:50.537Z] <<< [apiv2][body] POST https://cloudfunctions.googleapis.com/v1/projects/campus-27dd9/locations/asia-southeast1/functions/campusDeviceSubmitEnrollment:setIamPolicy {"version":1,"etag":"BwZOa5UceHo=","bindings":[{"role":"roles/cloudfunctions.invoker","members":["allUsers"]}]}
[info] +  functions[portable-device:campusDeviceSubmitEnrollment(asia-southeast1)] Successful create operation. 
[debug] [2026-04-01T20:03:50.586Z] <<< [apiv2][status] POST https://cloudfunctions.googleapis.com/v1/projects/campus-27dd9/locations/asia-southeast1/functions/campusDeviceConfirmPairing:setIamPolicy 200
[debug] [2026-04-01T20:03:50.586Z] <<< [apiv2][body] POST https://cloudfunctions.googleapis.com/v1/projects/campus-27dd9/locations/asia-southeast1/functions/campusDeviceConfirmPairing:setIamPolicy {"version":1,"etag":"BwZOa5Udfqs=","bindings":[{"role":"roles/cloudfunctions.invoker","members":["allUsers"]}]}
[info] +  functions[portable-device:campusDeviceConfirmPairing(asia-southeast1)] Successful create operation. 
[debug] [2026-04-01T20:03:50.613Z] [create-portable-device-asia-southeast1-campusDeviceLatestEvent] Retrying task index 0
[debug] [2026-04-01T20:03:50.613Z] Checked if tokens are valid: true, expires at: 1775076260943
[debug] [2026-04-01T20:03:50.613Z] Checked if tokens are valid: true, expires at: 1775076260943
[debug] [2026-04-01T20:03:50.613Z] >>> [apiv2][query] GET https://cloudfunctions.googleapis.com/v1/operations/cHJvamVjdHMvY2FtcHVzLTI3ZGQ5L2xvY2F0aW9ucy9hc2lhLXNvdXRoZWFzdDEvb3BlcmF0aW9ucy9vcGVyYXRpb24tMTc3NTA3MzczODk4NS02NGU2YjhmYTk5MWZjLWRjN2Y5MjM2LWZkNGI5ZjQw [none]
[debug] [2026-04-01T20:03:51.016Z] <<< [apiv2][status] GET https://cloudfunctions.googleapis.com/v1/operations/cHJvamVjdHMvY2FtcHVzLTI3ZGQ5L2xvY2F0aW9ucy9hc2lhLXNvdXRoZWFzdDEvb3BlcmF0aW9ucy9vcGVyYXRpb24tMTc3NTA3MzczODk4NS02NGU2YjhmYTk5MWZjLWRjN2Y5MjM2LWZkNGI5ZjQw 200
[debug] [2026-04-01T20:03:51.017Z] <<< [apiv2][body] GET https://cloudfunctions.googleapis.com/v1/operations/cHJvamVjdHMvY2FtcHVzLTI3ZGQ5L2xvY2F0aW9ucy9hc2lhLXNvdXRoZWFzdDEvb3BlcmF0aW9ucy9vcGVyYXRpb24tMTc3NTA3MzczODk4NS02NGU2YjhmYTk5MWZjLWRjN2Y5MjM2LWZkNGI5ZjQw {"name":"operations/cHJvamVjdHMvY2FtcHVzLTI3ZGQ5L2xvY2F0aW9ucy9hc2lhLXNvdXRoZWFzdDEvb3BlcmF0aW9ucy9vcGVyYXRpb24tMTc3NTA3MzczODk4NS02NGU2YjhmYTk5MWZjLWRjN2Y5MjM2LWZkNGI5ZjQw","metadata":{"@type":"type.googleapis.com/google.cloud.functions.v1.OperationMetadataV1","target":"projects/campus-27dd9/locations/asia-southeast1/functions/campusDeviceLatestEvent","type":"CREATE_FUNCTION","request":{"@type":"type.googleapis.com/google.cloud.functions.v1.CloudFunction","name":"projects/campus-27dd9/locations/asia-southeast1/functions/campusDeviceLatestEvent","httpsTrigger":{"securityLevel":"SECURE_ALWAYS"},"entryPoint":"campusDeviceLatestEvent","updateTime":"1970-01-01T00:00:00Z","labels":{"deployment-tool":"cli-firebase","firebase-functions-codebase":"portable-device","firebase-functions-hash":"bb3755a4cdd460bb9cb3b79b7efde5e0203a1bf7"},"sourceUploadUrl":"https://storage.googleapis.com/uploads-1047370624808.asia-southeast1.cloudfunctions.appspot.com/94aefe91-e047-4dea-a70e-97a34cd6a861.zip?GoogleAccessId=service-824074040304@gcf-admin-robot.iam.gserviceaccount.com&Expires=1775075537&Signature=jeY3zlB92JgbOa7viJaWcmPbLSHz%2FmrE99QryZyY9ymN5%2FBiwI5E2m9BiwSMBMKWH527Ag3z3zxmUSlQGZEP4Xsb8%2Fmr2HdwZSAkksAPV0ILZT7QNRigYmQ2YA7I3ZyL2Vm5b6%2By%2BEWsga8QTgCRFfhe1fItsmQsM1t5aMALMkTIrb0hl7RWEm4T2VvX5iw7baBmBCt7tA51L3reyx5SIG3Mq5Hj75V9n619HZQAyaugrNmhJqKpfbfOyryjS4n92oZgUhKiJ5cbZ80zqYPtTTDnJnKTkQelRBn8I7RR5shyKoFIjZMLusqlp95JYofNc1emBATJrPblx3HG5A%2BaNQ%3D%3D","environmentVariables":{"FIREBASE_CONFIG":"{\"projectId\":\"campus-27dd9\",\"storageBucket\":\"campus-27dd9.firebasestorage.app\"}","GCLOUD_PROJECT":"campus-27dd9","EVENTARC_CLOUD_EVENT_SOURCE":"projects/campus-27dd9/locations/asia-southeast1/functions/campusDeviceLatestEvent"},"runtime":"nodejs20","buildEnvironmentVariables":{"GOOGLE_NODE_RUN_SCRIPTS":""},"dockerRegistry":"ARTIFACT_REGISTRY"},"versionId":"1","updateTime":"2026-04-01T20:03:43.413804969Z","buildId":"73b65b9d-28af-40ad-b03d-24b5bc4f77e2","sourceToken":"ffb9493c-fc20-4970-b078-d5a46e082ab2","buildName":"projects/824074040304/locations/asia-southeast1/builds/73b65b9d-28af-40ad-b03d-24b5bc4f77e2"},"done":true,"response":{"@type":"type.googleapis.com/google.cloud.functions.v1.CloudFunction","name":"projects/campus-27dd9/locations/asia-southeast1/functions/campusDeviceLatestEvent","httpsTrigger":{"url":"https://asia-southeast1-campus-27dd9.cloudfunctions.net/campusDeviceLatestEvent","securityLevel":"SECURE_ALWAYS"},"status":"ACTIVE","entryPoint":"campusDeviceLatestEvent","timeout":"60s","availableMemoryMb":256,"serviceAccountEmail":"campus-27dd9@appspot.gserviceaccount.com","updateTime":"2026-04-01T20:02:19.571028386Z","versionId":"1","labels":{"deployment-tool":"cli-firebase","firebase-functions-codebase":"portable-device","firebase-functions-hash":"bb3755a4cdd460bb9cb3b79b7efde5e0203a1bf7"},"sourceUploadUrl":"https://storage.googleapis.com/uploads-1047370624808.asia-southeast1.cloudfunctions.appspot.com/94aefe91-e047-4dea-a70e-97a34cd6a861.zip","environmentVariables":{"FIREBASE_CONFIG":"{\"projectId\":\"campus-27dd9\",\"storageBucket\":\"campus-27dd9.firebasestorage.app\"}","GCLOUD_PROJECT":"campus-27dd9","EVENTARC_CLOUD_EVENT_SOURCE":"projects/campus-27dd9/locations/asia-southeast1/functions/campusDeviceLatestEvent"},"runtime":"nodejs20","ingressSettings":"ALLOW_ALL","buildId":"73b65b9d-28af-40ad-b03d-24b5bc4f77e2","buildEnvironmentVariables":{"GOOGLE_NODE_RUN_SCRIPTS":""},"buildName":"projects/824074040304/locations/asia-southeast1/builds/73b65b9d-28af-40ad-b03d-24b5bc4f77e2","dockerRegistry":"ARTIFACT_REGISTRY","automaticUpdatePolicy":{},"buildServiceAccount":"projects/campus-27dd9/serviceAccounts/824074040304-compute@developer.gserviceaccount.com","satisfiesPzs":true,"satisfiesPzi":true}}
[debug] [2026-04-01T20:03:51.017Z] Got source token ffb9493c-fc20-4970-b078-d5a46e082ab2 for region asia-southeast1
[debug] [2026-04-01T20:03:51.017Z] Checked if tokens are valid: true, expires at: 1775076260943
[debug] [2026-04-01T20:03:51.017Z] Checked if tokens are valid: true, expires at: 1775076260943
[debug] [2026-04-01T20:03:51.017Z] >>> [apiv2][query] POST https://cloudfunctions.googleapis.com/v1/projects/campus-27dd9/locations/asia-southeast1/functions/campusDeviceLatestEvent:setIamPolicy [none]
[debug] [2026-04-01T20:03:51.017Z] >>> [apiv2][body] POST https://cloudfunctions.googleapis.com/v1/projects/campus-27dd9/locations/asia-southeast1/functions/campusDeviceLatestEvent:setIamPolicy {"policy":{"bindings":[{"role":"roles/cloudfunctions.invoker","members":["allUsers"]}],"etag":"","version":3},"updateMask":"bindings,etag,version"}
[debug] [2026-04-01T20:03:52.433Z] <<< [apiv2][status] POST https://cloudfunctions.googleapis.com/v1/projects/campus-27dd9/locations/asia-southeast1/functions/campusDeviceLatestEvent:setIamPolicy 200
[debug] [2026-04-01T20:03:52.433Z] <<< [apiv2][body] POST https://cloudfunctions.googleapis.com/v1/projects/campus-27dd9/locations/asia-southeast1/functions/campusDeviceLatestEvent:setIamPolicy {"version":1,"etag":"BwZOa5U5bzc=","bindings":[{"role":"roles/cloudfunctions.invoker","members":["allUsers"]}]}
[info] +  functions[portable-device:campusDeviceLatestEvent(asia-southeast1)] Successful create operation. 
[debug] [2026-04-01T20:03:52.435Z] Total Function Deployment time: 93904
[debug] [2026-04-01T20:03:52.435Z] 5 Functions Deployed
[debug] [2026-04-01T20:03:52.435Z] 0 Functions Errored
[debug] [2026-04-01T20:03:52.435Z] 0 Function Deployments Aborted
[debug] [2026-04-01T20:03:52.435Z] Average Function Deployment time: 92389
[info] Function URL (portable-device:campusDeviceLatestEvent(asia-southeast1)): https://asia-southeast1-campus-27dd9.cloudfunctions.net/campusDeviceLatestEvent
[info] Function URL (portable-device:campusDeviceConfirmPairing(asia-southeast1)): https://asia-southeast1-campus-27dd9.cloudfunctions.net/campusDeviceConfirmPairing
[info] Function URL (portable-device:campusDevicePendingEnrollments(asia-southeast1)): https://asia-southeast1-campus-27dd9.cloudfunctions.net/campusDevicePendingEnrollments
[info] Function URL (portable-device:campusDeviceSubmitEnrollment(asia-southeast1)): https://asia-southeast1-campus-27dd9.cloudfunctions.net/campusDeviceSubmitEnrollment
[info] Function URL (portable-device:campusDeviceSyncAttendance(asia-southeast1)): https://asia-southeast1-campus-27dd9.cloudfunctions.net/campusDeviceSyncAttendance
[debug] [2026-04-01T20:03:52.436Z] Checked if tokens are valid: true, expires at: 1775076260943
[debug] [2026-04-01T20:03:52.436Z] Checked if tokens are valid: true, expires at: 1775076260943
[debug] [2026-04-01T20:03:52.436Z] >>> [apiv2][query] GET https://artifactregistry.googleapis.com/v1/projects/campus-27dd9/locations/asia-southeast1/repositories/gcf-artifacts [none]
[debug] [2026-04-01T20:03:53.056Z] <<< [apiv2][status] GET https://artifactregistry.googleapis.com/v1/projects/campus-27dd9/locations/asia-southeast1/repositories/gcf-artifacts 200
[debug] [2026-04-01T20:05:07.618Z] ----------------------------------------------------------------------
[debug] [2026-04-01T20:05:07.620Z] Command:       C:\Program Files\nodejs\node.exe C:\Users\skeet\AppData\Roaming\npm\node_modules\firebase-tools\lib\bin\firebase.js deploy --only functions:portable-device
[debug] [2026-04-01T20:05:07.620Z] CLI Version:   15.6.0
[debug] [2026-04-01T20:05:07.620Z] Platform:      win32
[debug] [2026-04-01T20:05:07.620Z] Node Version:  v24.13.1
[debug] [2026-04-01T20:05:07.620Z] Time:          Thu Apr 02 2026 04:05:07 GMT+0800 (Philippine Standard Time)
[debug] [2026-04-01T20:05:07.620Z] ----------------------------------------------------------------------
[debug] 
[debug] [2026-04-01T20:05:08.560Z] > command requires scopes: ["email","openid","https://www.googleapis.com/auth/cloudplatformprojects.readonly","https://www.googleapis.com/auth/firebase","https://www.googleapis.com/auth/cloud-platform"]
[debug] [2026-04-01T20:05:08.561Z] > authorizing via signed-in user (skeeterdamian@gmail.com)
[debug] [2026-04-01T20:05:08.561Z] [iam] checking project campus-27dd9 for permissions ["cloudfunctions.functions.create","cloudfunctions.functions.delete","cloudfunctions.functions.get","cloudfunctions.functions.list","cloudfunctions.functions.update","cloudfunctions.operations.get","firebase.projects.get"]
[debug] [2026-04-01T20:05:08.562Z] Checked if tokens are valid: true, expires at: 1775076260943
[debug] [2026-04-01T20:05:08.562Z] Checked if tokens are valid: true, expires at: 1775076260943
[debug] [2026-04-01T20:05:08.563Z] >>> [apiv2][query] POST https://cloudresourcemanager.googleapis.com/v1/projects/campus-27dd9:testIamPermissions [none]
[debug] [2026-04-01T20:05:08.563Z] >>> [apiv2][(partial)header] POST https://cloudresourcemanager.googleapis.com/v1/projects/campus-27dd9:testIamPermissions  x-goog-user-project=campus-27dd9
[debug] [2026-04-01T20:05:08.563Z] >>> [apiv2][body] POST https://cloudresourcemanager.googleapis.com/v1/projects/campus-27dd9:testIamPermissions {"permissions":["cloudfunctions.functions.create","cloudfunctions.functions.delete","cloudfunctions.functions.get","cloudfunctions.functions.list","cloudfunctions.functions.update","cloudfunctions.operations.get","firebase.projects.get"]}
[debug] [2026-04-01T20:05:09.539Z] <<< [apiv2][status] POST https://cloudresourcemanager.googleapis.com/v1/projects/campus-27dd9:testIamPermissions 200
[debug] [2026-04-01T20:05:09.539Z] <<< [apiv2][body] POST https://cloudresourcemanager.googleapis.com/v1/projects/campus-27dd9:testIamPermissions {"permissions":["cloudfunctions.functions.create","cloudfunctions.functions.delete","cloudfunctions.functions.get","cloudfunctions.functions.list","cloudfunctions.functions.update","cloudfunctions.operations.get","firebase.projects.get"]}
[debug] [2026-04-01T20:05:09.539Z] Checked if tokens are valid: true, expires at: 1775076260943
[debug] [2026-04-01T20:05:09.539Z] Checked if tokens are valid: true, expires at: 1775076260943
[debug] [2026-04-01T20:05:09.540Z] >>> [apiv2][query] POST https://iam.googleapis.com/v1/projects/campus-27dd9/serviceAccounts/campus-27dd9@appspot.gserviceaccount.com:testIamPermissions [none]
[debug] [2026-04-01T20:05:09.540Z] >>> [apiv2][body] POST https://iam.googleapis.com/v1/projects/campus-27dd9/serviceAccounts/campus-27dd9@appspot.gserviceaccount.com:testIamPermissions {"permissions":["iam.serviceAccounts.actAs"]}
[debug] [2026-04-01T20:05:10.734Z] <<< [apiv2][status] POST https://iam.googleapis.com/v1/projects/campus-27dd9/serviceAccounts/campus-27dd9@appspot.gserviceaccount.com:testIamPermissions 200
[debug] [2026-04-01T20:05:10.734Z] <<< [apiv2][body] POST https://iam.googleapis.com/v1/projects/campus-27dd9/serviceAccounts/campus-27dd9@appspot.gserviceaccount.com:testIamPermissions {"permissions":["iam.serviceAccounts.actAs"]}
[info] 
[info] === Deploying to 'campus-27dd9'...
[info] 
[info] i  deploying functions 
[debug] [2026-04-01T20:05:10.736Z] Checked if tokens are valid: true, expires at: 1775076260943
[debug] [2026-04-01T20:05:10.736Z] Checked if tokens are valid: true, expires at: 1775076260943
[debug] [2026-04-01T20:05:10.736Z] >>> [apiv2][query] GET https://cloudresourcemanager.googleapis.com/v1/projects/campus-27dd9 [none]
[debug] [2026-04-01T20:05:10.970Z] <<< [apiv2][status] GET https://cloudresourcemanager.googleapis.com/v1/projects/campus-27dd9 200
[debug] [2026-04-01T20:05:10.970Z] <<< [apiv2][body] GET https://cloudresourcemanager.googleapis.com/v1/projects/campus-27dd9 {"projectNumber":"824074040304","projectId":"campus-27dd9","lifecycleState":"ACTIVE","name":"CAMPUS","labels":{"firebase":"enabled","firebase-core":"disabled"},"createTime":"2026-02-06T14:12:33.966915Z"}
[info] i  functions: preparing codebase portable-device for deployment 
[info] i  functions: ensuring required API cloudfunctions.googleapis.com is enabled... 
[info] i  functions: ensuring required API cloudbuild.googleapis.com is enabled... 
[info] i  artifactregistry: ensuring required API artifactregistry.googleapis.com is enabled... 
[debug] [2026-04-01T20:05:10.972Z] Checked if tokens are valid: true, expires at: 1775076260943
[debug] [2026-04-01T20:05:10.972Z] Checked if tokens are valid: true, expires at: 1775076260943
[debug] [2026-04-01T20:05:10.972Z] >>> [apiv2][query] GET https://firebase.googleapis.com/v1beta1/projects/campus-27dd9/adminSdkConfig [none]
[debug] [2026-04-01T20:05:12.536Z] <<< [apiv2][status] GET https://firebase.googleapis.com/v1beta1/projects/campus-27dd9/adminSdkConfig 200
[debug] [2026-04-01T20:05:12.536Z] <<< [apiv2][body] GET https://firebase.googleapis.com/v1beta1/projects/campus-27dd9/adminSdkConfig {"projectId":"campus-27dd9","storageBucket":"campus-27dd9.firebasestorage.app"}
[debug] [2026-04-01T20:05:12.537Z] Validating nodejs source
[warn] !  functions: Runtime Node.js 20 will be deprecated on 2026-04-30 and will be decommissioned on 2026-10-30, after which you will not be able to deploy without upgrading. Consider upgrading now to avoid disruption. See https://cloud.google.com/functions/docs/runtime-support for full details on the lifecycle policy 
[warn] !  functions: package.json indicates an outdated version of firebase-functions. Please upgrade using npm install --save firebase-functions@latest in your functions directory. 
[debug] [2026-04-01T20:05:13.224Z] > [functions] package.json contents: {
  "name": "portable-device-functions",
  "scripts": {
    "build": "tsc"
  },
  "engines": {
    "node": "20"
  },
  "main": "lib/index.js",
  "dependencies": {
    "firebase-admin": "^13.6.0",
    "firebase-functions": "^7.0.0"
  },
  "devDependencies": {
    "typescript": "^5.7.3"
  },
  "private": true
}
[debug] [2026-04-01T20:05:13.224Z] Building nodejs source
[info] i  functions: Loading and analyzing source code for codebase portable-device to determine what to deploy 
[debug] [2026-04-01T20:05:13.225Z] Could not find functions.yaml. Must use http discovery
[debug] [2026-04-01T20:05:13.230Z] Found firebase-functions binary at 'F:\campus-management-system\campus-management-system\node_modules\.bin\firebase-functions'
[info] Serving at port 8794

[error] (node:17468) [DEP0040] DeprecationWarning: The `punycode` module is deprecated. Please use a userland alternative instead.
(Use `node --trace-deprecation ...` to show where the warning was created)

[debug] [2026-04-01T20:05:13.577Z] Got response from /__/functions.yaml {"endpoints":{"campusDeviceLatestEvent":{"platform":"gcfv1","availableMemoryMb":null,"timeoutSeconds":null,"minInstances":null,"maxInstances":null,"ingressSettings":null,"serviceAccountEmail":null,"vpc":null,"region":["asia-southeast1"],"httpsTrigger":{},"entryPoint":"campusDeviceLatestEvent"},"campusDeviceConfirmPairing":{"platform":"gcfv1","availableMemoryMb":null,"timeoutSeconds":null,"minInstances":null,"maxInstances":null,"ingressSettings":null,"serviceAccountEmail":null,"vpc":null,"region":["asia-southeast1"],"httpsTrigger":{},"entryPoint":"campusDeviceConfirmPairing"},"campusDevicePendingEnrollments":{"platform":"gcfv1","availableMemoryMb":null,"timeoutSeconds":null,"minInstances":null,"maxInstances":null,"ingressSettings":null,"serviceAccountEmail":null,"vpc":null,"region":["asia-southeast1"],"httpsTrigger":{},"entryPoint":"campusDevicePendingEnrollments"},"campusDeviceSubmitEnrollment":{"platform":"gcfv1","availableMemoryMb":null,"timeoutSeconds":null,"minInstances":null,"maxInstances":null,"ingressSettings":null,"serviceAccountEmail":null,"vpc":null,"region":["asia-southeast1"],"httpsTrigger":{},"entryPoint":"campusDeviceSubmitEnrollment"},"campusDeviceSyncAttendance":{"platform":"gcfv1","availableMemoryMb":null,"timeoutSeconds":null,"minInstances":null,"maxInstances":null,"ingressSettings":null,"serviceAccountEmail":null,"vpc":null,"region":["asia-southeast1"],"httpsTrigger":{},"entryPoint":"campusDeviceSyncAttendance"}},"specVersion":"v1alpha1","requiredAPIs":[],"extensions":{}}
[info] i  extensions: ensuring required API firebaseextensions.googleapis.com is enabled... 
[debug] [2026-04-01T20:05:17.601Z] > command requires scopes: ["email","openid","https://www.googleapis.com/auth/cloudplatformprojects.readonly","https://www.googleapis.com/auth/firebase","https://www.googleapis.com/auth/cloud-platform"]
[debug] [2026-04-01T20:05:17.601Z] > authorizing via signed-in user (skeeterdamian@gmail.com)
[debug] [2026-04-01T20:05:17.601Z] [iam] checking project campus-27dd9 for permissions ["firebase.projects.get","firebaseextensions.instances.list"]
[debug] [2026-04-01T20:05:17.602Z] Checked if tokens are valid: true, expires at: 1775076260943
[debug] [2026-04-01T20:05:17.602Z] Checked if tokens are valid: true, expires at: 1775076260943
[debug] [2026-04-01T20:05:17.602Z] >>> [apiv2][query] POST https://cloudresourcemanager.googleapis.com/v1/projects/campus-27dd9:testIamPermissions [none]
[debug] [2026-04-01T20:05:17.602Z] >>> [apiv2][(partial)header] POST https://cloudresourcemanager.googleapis.com/v1/projects/campus-27dd9:testIamPermissions  x-goog-user-project=campus-27dd9
[debug] [2026-04-01T20:05:17.602Z] >>> [apiv2][body] POST https://cloudresourcemanager.googleapis.com/v1/projects/campus-27dd9:testIamPermissions {"permissions":["firebase.projects.get","firebaseextensions.instances.list"]}
[debug] [2026-04-01T20:05:18.540Z] <<< [apiv2][status] POST https://cloudresourcemanager.googleapis.com/v1/projects/campus-27dd9:testIamPermissions 200
[debug] [2026-04-01T20:05:18.540Z] <<< [apiv2][body] POST https://cloudresourcemanager.googleapis.com/v1/projects/campus-27dd9:testIamPermissions {"permissions":["firebase.projects.get","firebaseextensions.instances.list"]}
[debug] [2026-04-01T20:05:18.540Z] Checked if tokens are valid: true, expires at: 1775076260943
[debug] [2026-04-01T20:05:18.540Z] Checked if tokens are valid: true, expires at: 1775076260943
[debug] [2026-04-01T20:05:18.540Z] >>> [apiv2][query] GET https://firebaseextensions.googleapis.com/v1beta/projects/campus-27dd9/instances pageSize=100&pageToken=
[debug] [2026-04-01T20:05:19.670Z] <<< [apiv2][status] GET https://firebaseextensions.googleapis.com/v1beta/projects/campus-27dd9/instances 200
[debug] [2026-04-01T20:05:19.670Z] <<< [apiv2][body] GET https://firebaseextensions.googleapis.com/v1beta/projects/campus-27dd9/instances {}
[info] i  functions: preparing portable-device-functions directory for uploading... 
[info] i  functions: packaged F:\campus-management-system\campus-management-system\portable-device-functions (11.76 KB) for uploading 
[debug] [2026-04-01T20:05:19.689Z] Checked if tokens are valid: true, expires at: 1775076260943
[debug] [2026-04-01T20:05:19.689Z] Checked if tokens are valid: true, expires at: 1775076260943
[debug] [2026-04-01T20:05:19.689Z] >>> [apiv2][query] GET https://cloudfunctions.googleapis.com/v1/projects/campus-27dd9/locations/-/functions [none]
[debug] [2026-04-01T20:05:20.593Z] <<< [apiv2][status] GET https://cloudfunctions.googleapis.com/v1/projects/campus-27dd9/locations/-/functions 200
[debug] [2026-04-01T20:05:20.593Z] <<< [apiv2][body] GET https://cloudfunctions.googleapis.com/v1/projects/campus-27dd9/locations/-/functions {"functions":[{"name":"projects/campus-27dd9/locations/asia-southeast1/functions/campusDevicePendingEnrollments","httpsTrigger":{"url":"https://asia-southeast1-campus-27dd9.cloudfunctions.net/campusDevicePendingEnrollments","securityLevel":"SECURE_ALWAYS"},"status":"ACTIVE","entryPoint":"campusDevicePendingEnrollments","timeout":"60s","availableMemoryMb":256,"serviceAccountEmail":"campus-27dd9@appspot.gserviceaccount.com","updateTime":"2026-04-01T20:03:44.728394147Z","versionId":"1","labels":{"firebase-functions-codebase":"portable-device","firebase-functions-hash":"bb3755a4cdd460bb9cb3b79b7efde5e0203a1bf7","deployment-tool":"cli-firebase"},"sourceUploadUrl":"https://storage.googleapis.com/uploads-1047370624808.asia-southeast1.cloudfunctions.appspot.com/94aefe91-e047-4dea-a70e-97a34cd6a861.zip","environmentVariables":{"FIREBASE_CONFIG":"{\"projectId\":\"campus-27dd9\",\"storageBucket\":\"campus-27dd9.firebasestorage.app\"}","GCLOUD_PROJECT":"campus-27dd9","EVENTARC_CLOUD_EVENT_SOURCE":"projects/campus-27dd9/locations/asia-southeast1/functions/campusDevicePendingEnrollments"},"runtime":"nodejs20","ingressSettings":"ALLOW_ALL","buildId":"73b65b9d-28af-40ad-b03d-24b5bc4f77e2","buildEnvironmentVariables":{"GOOGLE_NODE_RUN_SCRIPTS":""},"buildName":"projects/824074040304/locations/asia-southeast1/builds/73b65b9d-28af-40ad-b03d-24b5bc4f77e2","dockerRegistry":"ARTIFACT_REGISTRY","automaticUpdatePolicy":{},"buildServiceAccount":"projects/campus-27dd9/serviceAccounts/824074040304-compute@developer.gserviceaccount.com","satisfiesPzs":true,"satisfiesPzi":true},{"name":"projects/campus-27dd9/locations/asia-southeast1/functions/campusDeviceSubmitEnrollment","httpsTrigger":{"url":"https://asia-southeast1-campus-27dd9.cloudfunctions.net/campusDeviceSubmitEnrollment","securityLevel":"SECURE_ALWAYS"},"status":"ACTIVE","entryPoint":"campusDeviceSubmitEnrollment","timeout":"60s","availableMemoryMb":256,"serviceAccountEmail":"campus-27dd9@appspot.gserviceaccount.com","updateTime":"2026-04-01T20:03:46.155814657Z","versionId":"1","labels":{"deployment-tool":"cli-firebase","firebase-functions-codebase":"portable-device","firebase-functions-hash":"bb3755a4cdd460bb9cb3b79b7efde5e0203a1bf7"},"sourceUploadUrl":"https://storage.googleapis.com/uploads-1047370624808.asia-southeast1.cloudfunctions.appspot.com/94aefe91-e047-4dea-a70e-97a34cd6a861.zip","environmentVariables":{"FIREBASE_CONFIG":"{\"projectId\":\"campus-27dd9\",\"storageBucket\":\"campus-27dd9.firebasestorage.app\"}","GCLOUD_PROJECT":"campus-27dd9","EVENTARC_CLOUD_EVENT_SOURCE":"projects/campus-27dd9/locations/asia-southeast1/functions/campusDeviceSubmitEnrollment"},"runtime":"nodejs20","ingressSettings":"ALLOW_ALL","buildId":"73b65b9d-28af-40ad-b03d-24b5bc4f77e2","buildEnvironmentVariables":{"GOOGLE_NODE_RUN_SCRIPTS":""},"buildName":"projects/824074040304/locations/asia-southeast1/builds/73b65b9d-28af-40ad-b03d-24b5bc4f77e2","dockerRegistry":"ARTIFACT_REGISTRY","automaticUpdatePolicy":{},"buildServiceAccount":"projects/campus-27dd9/serviceAccounts/824074040304-compute@developer.gserviceaccount.com","satisfiesPzs":true,"satisfiesPzi":true},{"name":"projects/campus-27dd9/locations/asia-southeast1/functions/campusDeviceConfirmPairing","httpsTrigger":{"url":"https://asia-southeast1-campus-27dd9.cloudfunctions.net/campusDeviceConfirmPairing","securityLevel":"SECURE_ALWAYS"},"status":"ACTIVE","entryPoint":"campusDeviceConfirmPairing","timeout":"60s","availableMemoryMb":256,"serviceAccountEmail":"campus-27dd9@appspot.gserviceaccount.com","updateTime":"2026-04-01T20:03:43.448158329Z","versionId":"1","labels":{"firebase-functions-hash":"bb3755a4cdd460bb9cb3b79b7efde5e0203a1bf7","deployment-tool":"cli-firebase","firebase-functions-codebase":"portable-device"},"sourceUploadUrl":"https://storage.googleapis.com/uploads-1047370624808.asia-southeast1.cloudfunctions.appspot.com/94aefe91-e047-4dea-a70e-97a34cd6a861.zip","environmentVariables":{"FIREBASE_CONFIG":"{\"projectId\":\"campus-27dd9\",\"storageBucket\":\"campus-27dd9.firebasestorage.app\"}","GCLOUD_PROJECT":"campus-27dd9","EVENTARC_CLOUD_EVENT_SOURCE":"projects/campus-27dd9/locations/asia-southeast1/functions/campusDeviceConfirmPairing"},"runtime":"nodejs20","ingressSettings":"ALLOW_ALL","buildId":"73b65b9d-28af-40ad-b03d-24b5bc4f77e2","buildEnvironmentVariables":{"GOOGLE_NODE_RUN_SCRIPTS":""},"buildName":"projects/824074040304/locations/asia-southeast1/builds/73b65b9d-28af-40ad-b03d-24b5bc4f77e2","dockerRegistry":"ARTIFACT_REGISTRY","automaticUpdatePolicy":{},"buildServiceAccount":"projects/campus-27dd9/serviceAccounts/824074040304-compute@developer.gserviceaccount.com","satisfiesPzs":true,"satisfiesPzi":true},{"name":"projects/campus-27dd9/locations/asia-southeast1/functions/campusDeviceLatestEvent","httpsTrigger":{"url":"https://asia-southeast1-campus-27dd9.cloudfunctions.net/campusDeviceLatestEvent","securityLevel":"SECURE_ALWAYS"},"status":"ACTIVE","entryPoint":"campusDeviceLatestEvent","timeout":"60s","availableMemoryMb":256,"serviceAccountEmail":"campus-27dd9@appspot.gserviceaccount.com","updateTime":"2026-04-01T20:03:43.489988009Z","versionId":"1","labels":{"firebase-functions-codebase":"portable-device","firebase-functions-hash":"bb3755a4cdd460bb9cb3b79b7efde5e0203a1bf7","deployment-tool":"cli-firebase"},"sourceUploadUrl":"https://storage.googleapis.com/uploads-1047370624808.asia-southeast1.cloudfunctions.appspot.com/94aefe91-e047-4dea-a70e-97a34cd6a861.zip","environmentVariables":{"FIREBASE_CONFIG":"{\"projectId\":\"campus-27dd9\",\"storageBucket\":\"campus-27dd9.firebasestorage.app\"}","GCLOUD_PROJECT":"campus-27dd9","EVENTARC_CLOUD_EVENT_SOURCE":"projects/campus-27dd9/locations/asia-southeast1/functions/campusDeviceLatestEvent"},"runtime":"nodejs20","ingressSettings":"ALLOW_ALL","buildId":"73b65b9d-28af-40ad-b03d-24b5bc4f77e2","buildEnvironmentVariables":{"GOOGLE_NODE_RUN_SCRIPTS":""},"buildName":"projects/824074040304/locations/asia-southeast1/builds/73b65b9d-28af-40ad-b03d-24b5bc4f77e2","dockerRegistry":"ARTIFACT_REGISTRY","automaticUpdatePolicy":{},"buildServiceAccount":"projects/campus-27dd9/serviceAccounts/824074040304-compute@developer.gserviceaccount.com","satisfiesPzs":true,"satisfiesPzi":true},{"name":"projects/campus-27dd9/locations/asia-southeast1/functions/campusDeviceSyncAttendance","httpsTrigger":{"url":"https://asia-southeast1-campus-27dd9.cloudfunctions.net/campusDeviceSyncAttendance","securityLevel":"SECURE_ALWAYS"},"status":"ACTIVE","entryPoint":"campusDeviceSyncAttendance","timeout":"60s","availableMemoryMb":256,"serviceAccountEmail":"campus-27dd9@appspot.gserviceaccount.com","updateTime":"2026-04-01T20:03:44.052489612Z","versionId":"1","labels":{"deployment-tool":"cli-firebase","firebase-functions-codebase":"portable-device","firebase-functions-hash":"bb3755a4cdd460bb9cb3b79b7efde5e0203a1bf7"},"sourceUploadUrl":"https://storage.googleapis.com/uploads-1047370624808.asia-southeast1.cloudfunctions.appspot.com/94aefe91-e047-4dea-a70e-97a34cd6a861.zip","environmentVariables":{"FIREBASE_CONFIG":"{\"projectId\":\"campus-27dd9\",\"storageBucket\":\"campus-27dd9.firebasestorage.app\"}","GCLOUD_PROJECT":"campus-27dd9","EVENTARC_CLOUD_EVENT_SOURCE":"projects/campus-27dd9/locations/asia-southeast1/functions/campusDeviceSyncAttendance"},"runtime":"nodejs20","ingressSettings":"ALLOW_ALL","buildId":"73b65b9d-28af-40ad-b03d-24b5bc4f77e2","buildEnvironmentVariables":{"GOOGLE_NODE_RUN_SCRIPTS":""},"buildName":"projects/824074040304/locations/asia-southeast1/builds/73b65b9d-28af-40ad-b03d-24b5bc4f77e2","dockerRegistry":"ARTIFACT_REGISTRY","automaticUpdatePolicy":{},"buildServiceAccount":"projects/campus-27dd9/serviceAccounts/824074040304-compute@developer.gserviceaccount.com","satisfiesPzs":true,"satisfiesPzi":true}]}
[debug] [2026-04-01T20:05:20.594Z] Checked if tokens are valid: true, expires at: 1775076260943
[debug] [2026-04-01T20:05:20.594Z] Checked if tokens are valid: true, expires at: 1775076260943
[debug] [2026-04-01T20:05:20.594Z] >>> [apiv2][query] GET https://cloudfunctions.googleapis.com/v2/projects/campus-27dd9/locations/-/functions filter=environment%3D%22GEN_2%22
[debug] [2026-04-01T20:05:22.317Z] <<< [apiv2][status] GET https://cloudfunctions.googleapis.com/v2/projects/campus-27dd9/locations/-/functions 200
[debug] [2026-04-01T20:05:22.318Z] <<< [apiv2][body] GET https://cloudfunctions.googleapis.com/v2/projects/campus-27dd9/locations/-/functions {"functions":[{"name":"projects/campus-27dd9/locations/asia-southeast1/functions/adminCreateUser","buildConfig":{"build":"projects/824074040304/locations/asia-southeast1/builds/4c22e624-ce02-489e-85f0-573083ea3805","runtime":"nodejs24","entryPoint":"adminCreateUser","source":{"storageSource":{"bucket":"gcf-v2-sources-824074040304-asia-southeast1","object":"adminCreateUser/function-source.zip","generation":"1771449401422626"}},"environmentVariables":{"GOOGLE_NODE_RUN_SCRIPTS":""},"dockerRepository":"projects/campus-27dd9/locations/asia-southeast1/repositories/gcf-artifacts","sourceProvenance":{"resolvedStorageSource":{"bucket":"gcf-v2-sources-824074040304-asia-southeast1","object":"adminCreateUser/function-source.zip","generation":"1771449401422626"}},"dockerRegistry":"ARTIFACT_REGISTRY","serviceAccount":"projects/campus-27dd9/serviceAccounts/824074040304-compute@developer.gserviceaccount.com","automaticUpdatePolicy":{}},"serviceConfig":{"service":"projects/campus-27dd9/locations/asia-southeast1/services/admincreateuser","timeoutSeconds":60,"environmentVariables":{"FIREBASE_CONFIG":"{\"projectId\":\"campus-27dd9\",\"storageBucket\":\"campus-27dd9.firebasestorage.app\"}","GCLOUD_PROJECT":"campus-27dd9","EVENTARC_CLOUD_EVENT_SOURCE":"projects/campus-27dd9/locations/asia-southeast1/services/adminCreateUser","FUNCTION_TARGET":"adminCreateUser","LOG_EXECUTION_ID":"true","FUNCTION_SIGNATURE_TYPE":"http"},"maxInstanceCount":20,"ingressSettings":"ALLOW_ALL","uri":"https://admincreateuser-7jan6jhp2q-as.a.run.app","serviceAccountEmail":"824074040304-compute@developer.gserviceaccount.com","availableMemory":"256Mi","allTrafficOnLatestRevision":true,"revision":"admincreateuser-00003-ciq","maxInstanceRequestConcurrency":80,"availableCpu":"1"},"state":"ACTIVE","updateTime":"2026-02-18T21:16:48.908788228Z","labels":{"deployment-tool":"cli-firebase","deployment-callable":"true","firebase-functions-hash":"f2ce15fb4dad2140ab29a943073c57da1cd8293a"},"environment":"GEN_2","url":"https://asia-southeast1-campus-27dd9.cloudfunctions.net/adminCreateUser","satisfiesPzs":true,"createTime":"2026-02-17T21:05:11.774743039Z","satisfiesPzi":true},{"name":"projects/campus-27dd9/locations/asia-southeast1/functions/adminDeleteUser","buildConfig":{"build":"projects/824074040304/locations/asia-southeast1/builds/4c22e624-ce02-489e-85f0-573083ea3805","runtime":"nodejs24","entryPoint":"adminDeleteUser","source":{"storageSource":{"bucket":"gcf-v2-sources-824074040304-asia-southeast1","object":"adminDeleteUser/function-source.zip","generation":"1771449401691916"}},"environmentVariables":{"GOOGLE_NODE_RUN_SCRIPTS":""},"dockerRepository":"projects/campus-27dd9/locations/asia-southeast1/repositories/gcf-artifacts","sourceProvenance":{"resolvedStorageSource":{"bucket":"gcf-v2-sources-824074040304-asia-southeast1","object":"adminDeleteUser/function-source.zip","generation":"1771449401691916"}},"dockerRegistry":"ARTIFACT_REGISTRY","serviceAccount":"projects/campus-27dd9/serviceAccounts/824074040304-compute@developer.gserviceaccount.com","automaticUpdatePolicy":{}},"serviceConfig":{"service":"projects/campus-27dd9/locations/asia-southeast1/services/admindeleteuser","timeoutSeconds":60,"environmentVariables":{"FIREBASE_CONFIG":"{\"projectId\":\"campus-27dd9\",\"storageBucket\":\"campus-27dd9.firebasestorage.app\"}","GCLOUD_PROJECT":"campus-27dd9","EVENTARC_CLOUD_EVENT_SOURCE":"projects/campus-27dd9/locations/asia-southeast1/services/adminDeleteUser","FUNCTION_TARGET":"adminDeleteUser","LOG_EXECUTION_ID":"true","FUNCTION_SIGNATURE_TYPE":"http"},"maxInstanceCount":20,"ingressSettings":"ALLOW_ALL","uri":"https://admindeleteuser-7jan6jhp2q-as.a.run.app","serviceAccountEmail":"824074040304-compute@developer.gserviceaccount.com","availableMemory":"256Mi","allTrafficOnLatestRevision":true,"revision":"admindeleteuser-00003-tip","maxInstanceRequestConcurrency":80,"availableCpu":"1"},"state":"ACTIVE","updateTime":"2026-02-18T21:16:48.603799121Z","labels":{"deployment-tool":"cli-firebase","deployment-callable":"true","firebase-functions-hash":"f2ce15fb4dad2140ab29a943073c57da1cd8293a"},"environment":"GEN_2","url":"https://asia-southeast1-campus-27dd9.cloudfunctions.net/adminDeleteUser","satisfiesPzs":true,"createTime":"2026-02-17T21:06:23.194704999Z","satisfiesPzi":true},{"name":"projects/campus-27dd9/locations/asia-southeast1/functions/ecListStudents","buildConfig":{"build":"projects/824074040304/locations/asia-southeast1/builds/4c22e624-ce02-489e-85f0-573083ea3805","runtime":"nodejs24","entryPoint":"ecListStudents","source":{"storageSource":{"bucket":"gcf-v2-sources-824074040304-asia-southeast1","object":"ecListStudents/function-source.zip","generation":"1771449350421579"}},"environmentVariables":{"GOOGLE_NODE_RUN_SCRIPTS":""},"dockerRepository":"projects/campus-27dd9/locations/asia-southeast1/repositories/gcf-artifacts","sourceProvenance":{"resolvedStorageSource":{"bucket":"gcf-v2-sources-824074040304-asia-southeast1","object":"ecListStudents/function-source.zip","generation":"1771449350421579"}},"dockerRegistry":"ARTIFACT_REGISTRY","serviceAccount":"projects/campus-27dd9/serviceAccounts/824074040304-compute@developer.gserviceaccount.com","automaticUpdatePolicy":{}},"serviceConfig":{"service":"projects/campus-27dd9/locations/asia-southeast1/services/ecliststudents","timeoutSeconds":60,"environmentVariables":{"FIREBASE_CONFIG":"{\"projectId\":\"campus-27dd9\",\"storageBucket\":\"campus-27dd9.firebasestorage.app\"}","GCLOUD_PROJECT":"campus-27dd9","EVENTARC_CLOUD_EVENT_SOURCE":"projects/campus-27dd9/locations/asia-southeast1/services/ecListStudents","FUNCTION_TARGET":"ecListStudents","LOG_EXECUTION_ID":"true"},"ingressSettings":"ALLOW_ALL","uri":"https://ecliststudents-7jan6jhp2q-as.a.run.app","serviceAccountEmail":"824074040304-compute@developer.gserviceaccount.com","availableMemory":"256Mi","allTrafficOnLatestRevision":true,"revision":"ecliststudents-00001-rer","maxInstanceRequestConcurrency":80,"availableCpu":"1"},"state":"ACTIVE","updateTime":"2026-02-18T21:16:44.279534892Z","labels":{"deployment-callable":"true","firebase-functions-hash":"f2ce15fb4dad2140ab29a943073c57da1cd8293a","deployment-tool":"cli-firebase"},"environment":"GEN_2","url":"https://asia-southeast1-campus-27dd9.cloudfunctions.net/ecListStudents","satisfiesPzs":true,"createTime":"2026-02-18T21:15:50.951395003Z","satisfiesPzi":true},{"name":"projects/campus-27dd9/locations/asia-southeast1/functions/ecCreateStudent","buildConfig":{"build":"projects/824074040304/locations/asia-southeast1/builds/4c22e624-ce02-489e-85f0-573083ea3805","runtime":"nodejs24","entryPoint":"ecCreateStudent","source":{"storageSource":{"bucket":"gcf-v2-sources-824074040304-asia-southeast1","object":"ecCreateStudent/function-source.zip","generation":"1771449401506843"}},"environmentVariables":{"GOOGLE_NODE_RUN_SCRIPTS":""},"dockerRepository":"projects/campus-27dd9/locations/asia-southeast1/repositories/gcf-artifacts","sourceProvenance":{"resolvedStorageSource":{"bucket":"gcf-v2-sources-824074040304-asia-southeast1","object":"ecCreateStudent/function-source.zip","generation":"1771449401506843"}},"dockerRegistry":"ARTIFACT_REGISTRY","serviceAccount":"projects/campus-27dd9/serviceAccounts/824074040304-compute@developer.gserviceaccount.com","automaticUpdatePolicy":{}},"serviceConfig":{"service":"projects/campus-27dd9/locations/asia-southeast1/services/eccreatestudent","timeoutSeconds":60,"environmentVariables":{"FIREBASE_CONFIG":"{\"projectId\":\"campus-27dd9\",\"storageBucket\":\"campus-27dd9.firebasestorage.app\"}","GCLOUD_PROJECT":"campus-27dd9","EVENTARC_CLOUD_EVENT_SOURCE":"projects/campus-27dd9/locations/asia-southeast1/services/ecCreateStudent","FUNCTION_TARGET":"ecCreateStudent","LOG_EXECUTION_ID":"true","FUNCTION_SIGNATURE_TYPE":"http"},"maxInstanceCount":20,"ingressSettings":"ALLOW_ALL","uri":"https://eccreatestudent-7jan6jhp2q-as.a.run.app","serviceAccountEmail":"824074040304-compute@developer.gserviceaccount.com","availableMemory":"256Mi","allTrafficOnLatestRevision":true,"revision":"eccreatestudent-00002-wev","maxInstanceRequestConcurrency":80,"availableCpu":"1"},"state":"ACTIVE","updateTime":"2026-02-18T21:16:50.287403764Z","labels":{"deployment-tool":"cli-firebase","deployment-callable":"true","firebase-functions-hash":"f2ce15fb4dad2140ab29a943073c57da1cd8293a"},"environment":"GEN_2","url":"https://asia-southeast1-campus-27dd9.cloudfunctions.net/ecCreateStudent","satisfiesPzs":true,"createTime":"2026-02-18T21:03:04.710511950Z","satisfiesPzi":true}]}
[debug] [2026-04-01T20:05:22.320Z] Checked if tokens are valid: true, expires at: 1775076260943
[debug] [2026-04-01T20:05:22.321Z] Checked if tokens are valid: true, expires at: 1775076260943
[debug] [2026-04-01T20:05:22.321Z] >>> [apiv2][query] GET https://cloudresourcemanager.googleapis.com/v1/projects/campus-27dd9 [none]
[debug] [2026-04-01T20:05:22.554Z] <<< [apiv2][status] GET https://cloudresourcemanager.googleapis.com/v1/projects/campus-27dd9 200
[debug] [2026-04-01T20:05:22.554Z] <<< [apiv2][body] GET https://cloudresourcemanager.googleapis.com/v1/projects/campus-27dd9 {"projectNumber":"824074040304","projectId":"campus-27dd9","lifecycleState":"ACTIVE","name":"CAMPUS","labels":{"firebase":"enabled","firebase-core":"disabled"},"createTime":"2026-02-06T14:12:33.966915Z"}
[debug] [2026-04-01T20:05:22.555Z] Checked if tokens are valid: true, expires at: 1775076260943
[debug] [2026-04-01T20:05:22.555Z] Checked if tokens are valid: true, expires at: 1775076260943
[debug] [2026-04-01T20:05:22.555Z] >>> [apiv2][query] GET https://cloudbilling.googleapis.com/v1/projects/campus-27dd9/billingInfo [none]
[debug] [2026-04-01T20:05:23.918Z] <<< [apiv2][status] GET https://cloudbilling.googleapis.com/v1/projects/campus-27dd9/billingInfo 200
[debug] [2026-04-01T20:05:23.918Z] <<< [apiv2][body] GET https://cloudbilling.googleapis.com/v1/projects/campus-27dd9/billingInfo {"name":"projects/campus-27dd9/billingInfo","projectId":"campus-27dd9","billingAccountName":"billingAccounts/013848-B2F4A0-B23F76","billingEnabled":true}
[debug] [2026-04-01T20:05:23.919Z] Checked if tokens are valid: true, expires at: 1775076260943
[debug] [2026-04-01T20:05:23.919Z] Checked if tokens are valid: true, expires at: 1775076260943
[debug] [2026-04-01T20:05:23.919Z] >>> [apiv2][query] POST https://cloudfunctions.googleapis.com/v1/projects/campus-27dd9/locations/asia-southeast1/functions:generateUploadUrl [none]
[debug] [2026-04-01T20:05:23.919Z] >>> [apiv2][body] POST https://cloudfunctions.googleapis.com/v1/projects/campus-27dd9/locations/asia-southeast1/functions:generateUploadUrl {}
[debug] [2026-04-01T20:05:25.949Z] <<< [apiv2][status] POST https://cloudfunctions.googleapis.com/v1/projects/campus-27dd9/locations/asia-southeast1/functions:generateUploadUrl 200
[debug] [2026-04-01T20:05:25.949Z] <<< [apiv2][body] POST https://cloudfunctions.googleapis.com/v1/projects/campus-27dd9/locations/asia-southeast1/functions:generateUploadUrl {"uploadUrl":"https://storage.googleapis.com/uploads-1047370624808.asia-southeast1.cloudfunctions.appspot.com/114523c1-7a1c-4a41-9e44-ad3850135e47.zip?GoogleAccessId=service-824074040304@gcf-admin-robot.iam.gserviceaccount.com&Expires=1775075725&Signature=ut3PfPlxFmJHthp7pLRvQqXoUyfo0kHTFoJakLTlEW7A8hqome15KHZQ9lO431VTKOfCSaJKV%2BLgfLLCXSkZHYfm5txRpf5opmSjI9TdukHQJrAO6AQVbyHLm%2BpnUm8nLC3o9u%2BT%2BssQSkeVfxtda80%2FdmQ%2B3QG5PvCu8wgmeAsW6c7RnuNWjNlJnxhNSgTUt%2FAN1N%2BhQU9%2Fw42jLmzzTGuVkqpqE%2BVZo8kwqdqS7EXe0rsIELuAjJwyNE3Jzb7Qp%2FlwSBRMXUj7gMEJOKulOLPf1ODt9a5QsJNPodpTfpF6ca5BnTysYy%2F9KPaUWQmo6g57kJoFAtf1TqIDV9Kp7w%3D%3D"}
[debug] [2026-04-01T20:05:25.949Z] >>> [apiv2][query] PUT https://storage.googleapis.com/uploads-1047370624808.asia-southeast1.cloudfunctions.appspot.com/114523c1-7a1c-4a41-9e44-ad3850135e47.zip GoogleAccessId=service-824074040304%40gcf-admin-robot.iam.gserviceaccount.com&Expires=1775075725&Signature=ut3PfPlxFmJHthp7pLRvQqXoUyfo0kHTFoJakLTlEW7A8hqome15KHZQ9lO431VTKOfCSaJKV%2BLgfLLCXSkZHYfm5txRpf5opmSjI9TdukHQJrAO6AQVbyHLm%2BpnUm8nLC3o9u%2BT%2BssQSkeVfxtda80%2FdmQ%2B3QG5PvCu8wgmeAsW6c7RnuNWjNlJnxhNSgTUt%2FAN1N%2BhQU9%2Fw42jLmzzTGuVkqpqE%2BVZo8kwqdqS7EXe0rsIELuAjJwyNE3Jzb7Qp%2FlwSBRMXUj7gMEJOKulOLPf1ODt9a5QsJNPodpTfpF6ca5BnTysYy%2F9KPaUWQmo6g57kJoFAtf1TqIDV9Kp7w%3D%3D
[debug] [2026-04-01T20:05:25.949Z] >>> [apiv2][body] PUT https://storage.googleapis.com/uploads-1047370624808.asia-southeast1.cloudfunctions.appspot.com/114523c1-7a1c-4a41-9e44-ad3850135e47.zip [stream]
[debug] [2026-04-01T20:05:26.331Z] <<< [apiv2][status] PUT https://storage.googleapis.com/uploads-1047370624808.asia-southeast1.cloudfunctions.appspot.com/114523c1-7a1c-4a41-9e44-ad3850135e47.zip 200
[debug] [2026-04-01T20:05:26.331Z] <<< [apiv2][body] PUT https://storage.googleapis.com/uploads-1047370624808.asia-southeast1.cloudfunctions.appspot.com/114523c1-7a1c-4a41-9e44-ad3850135e47.zip [omitted]
[info] +  functions: portable-device-functions source uploaded successfully 
[info] i  functions: updating Node.js 20 (1st Gen) function portable-device:campusDeviceLatestEvent(asia-southeast1)... 
[info] i  functions: updating Node.js 20 (1st Gen) function portable-device:campusDeviceConfirmPairing(asia-southeast1)... 
[info] i  functions: updating Node.js 20 (1st Gen) function portable-device:campusDevicePendingEnrollments(asia-southeast1)... 
[info] i  functions: updating Node.js 20 (1st Gen) function portable-device:campusDeviceSubmitEnrollment(asia-southeast1)... 
[info] i  functions: updating Node.js 20 (1st Gen) function portable-device:campusDeviceSyncAttendance(asia-southeast1)... 
[debug] [2026-04-01T20:05:26.334Z] Checked if tokens are valid: true, expires at: 1775076260943
[debug] [2026-04-01T20:05:26.334Z] Checked if tokens are valid: true, expires at: 1775076260943
[debug] [2026-04-01T20:05:26.334Z] >>> [apiv2][query] PATCH https://cloudfunctions.googleapis.com/v1/projects/campus-27dd9/locations/asia-southeast1/functions/campusDeviceLatestEvent updateMask=name%2CsourceUploadUrl%2CentryPoint%2Cruntime%2CdockerRegistry%2Clabels%2ChttpsTrigger.securityLevel%2CminInstances%2CmaxInstances%2CingressSettings%2CenvironmentVariables%2CserviceAccountEmail%2CavailableMemoryMb%2Ctimeout%2CvpcConnector%2CvpcConnectorEgressSettings%2CsourceToken%2CbuildEnvironmentVariables
[debug] [2026-04-01T20:05:26.334Z] >>> [apiv2][body] PATCH https://cloudfunctions.googleapis.com/v1/projects/campus-27dd9/locations/asia-southeast1/functions/campusDeviceLatestEvent {"name":"projects/campus-27dd9/locations/asia-southeast1/functions/campusDeviceLatestEvent","sourceUploadUrl":"https://storage.googleapis.com/uploads-1047370624808.asia-southeast1.cloudfunctions.appspot.com/114523c1-7a1c-4a41-9e44-ad3850135e47.zip?GoogleAccessId=service-824074040304@gcf-admin-robot.iam.gserviceaccount.com&Expires=1775075725&Signature=ut3PfPlxFmJHthp7pLRvQqXoUyfo0kHTFoJakLTlEW7A8hqome15KHZQ9lO431VTKOfCSaJKV%2BLgfLLCXSkZHYfm5txRpf5opmSjI9TdukHQJrAO6AQVbyHLm%2BpnUm8nLC3o9u%2BT%2BssQSkeVfxtda80%2FdmQ%2B3QG5PvCu8wgmeAsW6c7RnuNWjNlJnxhNSgTUt%2FAN1N%2BhQU9%2Fw42jLmzzTGuVkqpqE%2BVZo8kwqdqS7EXe0rsIELuAjJwyNE3Jzb7Qp%2FlwSBRMXUj7gMEJOKulOLPf1ODt9a5QsJNPodpTfpF6ca5BnTysYy%2F9KPaUWQmo6g57kJoFAtf1TqIDV9Kp7w%3D%3D","entryPoint":"campusDeviceLatestEvent","runtime":"nodejs20","dockerRegistry":"ARTIFACT_REGISTRY","labels":{"deployment-tool":"cli-firebase","firebase-functions-codebase":"portable-device","firebase-functions-hash":"bb3755a4cdd460bb9cb3b79b7efde5e0203a1bf7"},"httpsTrigger":{"securityLevel":"SECURE_ALWAYS"},"minInstances":null,"maxInstances":null,"ingressSettings":null,"environmentVariables":{"FIREBASE_CONFIG":"{\"projectId\":\"campus-27dd9\",\"storageBucket\":\"campus-27dd9.firebasestorage.app\"}","GCLOUD_PROJECT":"campus-27dd9","EVENTARC_CLOUD_EVENT_SOURCE":"projects/campus-27dd9/locations/asia-southeast1/functions/campusDeviceLatestEvent"},"serviceAccountEmail":null,"availableMemoryMb":null,"timeout":null,"vpcConnector":null,"vpcConnectorEgressSettings":null,"buildEnvironmentVariables":{"GOOGLE_NODE_RUN_SCRIPTS":""}}
[debug] [2026-04-01T20:05:27.612Z] <<< [apiv2][status] PATCH https://cloudfunctions.googleapis.com/v1/projects/campus-27dd9/locations/asia-southeast1/functions/campusDeviceLatestEvent 200
[debug] [2026-04-01T20:05:27.612Z] <<< [apiv2][body] PATCH https://cloudfunctions.googleapis.com/v1/projects/campus-27dd9/locations/asia-southeast1/functions/campusDeviceLatestEvent {"name":"operations/Y2FtcHVzLTI3ZGQ5L2FzaWEtc291dGhlYXN0MS9jYW1wdXNEZXZpY2VMYXRlc3RFdmVudC9ERzl5b2cxSWNaQQ","metadata":{"@type":"type.googleapis.com/google.cloud.functions.v1.OperationMetadataV1","target":"projects/campus-27dd9/locations/asia-southeast1/functions/campusDeviceLatestEvent","type":"UPDATE_FUNCTION","request":{"@type":"type.googleapis.com/google.cloud.functions.v1.CloudFunction","name":"projects/campus-27dd9/locations/asia-southeast1/functions/campusDeviceLatestEvent","httpsTrigger":{"url":"https://asia-southeast1-campus-27dd9.cloudfunctions.net/campusDeviceLatestEvent","securityLevel":"SECURE_ALWAYS"},"status":"ACTIVE","entryPoint":"campusDeviceLatestEvent","updateTime":"2026-04-01T20:03:43.310Z","versionId":"1","labels":{"deployment-tool":"cli-firebase","firebase-functions-codebase":"portable-device","firebase-functions-hash":"bb3755a4cdd460bb9cb3b79b7efde5e0203a1bf7"},"sourceUploadUrl":"https://storage.googleapis.com/uploads-1047370624808.asia-southeast1.cloudfunctions.appspot.com/114523c1-7a1c-4a41-9e44-ad3850135e47.zip?GoogleAccessId=service-824074040304@gcf-admin-robot.iam.gserviceaccount.com&Expires=1775075725&Signature=ut3PfPlxFmJHthp7pLRvQqXoUyfo0kHTFoJakLTlEW7A8hqome15KHZQ9lO431VTKOfCSaJKV%2BLgfLLCXSkZHYfm5txRpf5opmSjI9TdukHQJrAO6AQVbyHLm%2BpnUm8nLC3o9u%2BT%2BssQSkeVfxtda80%2FdmQ%2B3QG5PvCu8wgmeAsW6c7RnuNWjNlJnxhNSgTUt%2FAN1N%2BhQU9%2Fw42jLmzzTGuVkqpqE%2BVZo8kwqdqS7EXe0rsIELuAjJwyNE3Jzb7Qp%2FlwSBRMXUj7gMEJOKulOLPf1ODt9a5QsJNPodpTfpF6ca5BnTysYy%2F9KPaUWQmo6g57kJoFAtf1TqIDV9Kp7w%3D%3D","environmentVariables":{"FIREBASE_CONFIG":"{\"projectId\":\"campus-27dd9\",\"storageBucket\":\"campus-27dd9.firebasestorage.app\"}","GCLOUD_PROJECT":"campus-27dd9","EVENTARC_CLOUD_EVENT_SOURCE":"projects/campus-27dd9/locations/asia-southeast1/functions/campusDeviceLatestEvent"},"runtime":"nodejs20","buildId":"73b65b9d-28af-40ad-b03d-24b5bc4f77e2","buildEnvironmentVariables":{"GOOGLE_NODE_RUN_SCRIPTS":""},"buildName":"projects/824074040304/locations/asia-southeast1/builds/73b65b9d-28af-40ad-b03d-24b5bc4f77e2","dockerRegistry":"ARTIFACT_REGISTRY","automaticUpdatePolicy":{},"buildServiceAccount":"projects/campus-27dd9/serviceAccounts/824074040304-compute@developer.gserviceaccount.com"},"versionId":"2","updateTime":"2026-04-01T20:05:27Z"}}
[debug] [2026-04-01T20:05:27.613Z] Checked if tokens are valid: true, expires at: 1775076260943
[debug] [2026-04-01T20:05:27.613Z] Checked if tokens are valid: true, expires at: 1775076260943
[debug] [2026-04-01T20:05:27.613Z] >>> [apiv2][query] GET https://cloudfunctions.googleapis.com/v1/operations/Y2FtcHVzLTI3ZGQ5L2FzaWEtc291dGhlYXN0MS9jYW1wdXNEZXZpY2VMYXRlc3RFdmVudC9ERzl5b2cxSWNaQQ [none]
[debug] [2026-04-01T20:05:28.605Z] <<< [apiv2][status] GET https://cloudfunctions.googleapis.com/v1/operations/Y2FtcHVzLTI3ZGQ5L2FzaWEtc291dGhlYXN0MS9jYW1wdXNEZXZpY2VMYXRlc3RFdmVudC9ERzl5b2cxSWNaQQ 200
[debug] [2026-04-01T20:05:28.605Z] <<< [apiv2][body] GET https://cloudfunctions.googleapis.com/v1/operations/Y2FtcHVzLTI3ZGQ5L2FzaWEtc291dGhlYXN0MS9jYW1wdXNEZXZpY2VMYXRlc3RFdmVudC9ERzl5b2cxSWNaQQ {"name":"operations/Y2FtcHVzLTI3ZGQ5L2FzaWEtc291dGhlYXN0MS9jYW1wdXNEZXZpY2VMYXRlc3RFdmVudC9ERzl5b2cxSWNaQQ","metadata":{"@type":"type.googleapis.com/google.cloud.functions.v1.OperationMetadataV1","target":"projects/campus-27dd9/locations/asia-southeast1/functions/campusDeviceLatestEvent","type":"UPDATE_FUNCTION","request":{"@type":"type.googleapis.com/google.cloud.functions.v1.CloudFunction","name":"projects/campus-27dd9/locations/asia-southeast1/functions/campusDeviceLatestEvent","httpsTrigger":{"url":"https://asia-southeast1-campus-27dd9.cloudfunctions.net/campusDeviceLatestEvent","securityLevel":"SECURE_ALWAYS"},"status":"ACTIVE","entryPoint":"campusDeviceLatestEvent","updateTime":"2026-04-01T20:03:43.310Z","versionId":"1","labels":{"deployment-tool":"cli-firebase","firebase-functions-codebase":"portable-device","firebase-functions-hash":"bb3755a4cdd460bb9cb3b79b7efde5e0203a1bf7"},"sourceUploadUrl":"https://storage.googleapis.com/uploads-1047370624808.asia-southeast1.cloudfunctions.appspot.com/114523c1-7a1c-4a41-9e44-ad3850135e47.zip?GoogleAccessId=service-824074040304@gcf-admin-robot.iam.gserviceaccount.com&Expires=1775075725&Signature=ut3PfPlxFmJHthp7pLRvQqXoUyfo0kHTFoJakLTlEW7A8hqome15KHZQ9lO431VTKOfCSaJKV%2BLgfLLCXSkZHYfm5txRpf5opmSjI9TdukHQJrAO6AQVbyHLm%2BpnUm8nLC3o9u%2BT%2BssQSkeVfxtda80%2FdmQ%2B3QG5PvCu8wgmeAsW6c7RnuNWjNlJnxhNSgTUt%2FAN1N%2BhQU9%2Fw42jLmzzTGuVkqpqE%2BVZo8kwqdqS7EXe0rsIELuAjJwyNE3Jzb7Qp%2FlwSBRMXUj7gMEJOKulOLPf1ODt9a5QsJNPodpTfpF6ca5BnTysYy%2F9KPaUWQmo6g57kJoFAtf1TqIDV9Kp7w%3D%3D","environmentVariables":{"FIREBASE_CONFIG":"{\"projectId\":\"campus-27dd9\",\"storageBucket\":\"campus-27dd9.firebasestorage.app\"}","GCLOUD_PROJECT":"campus-27dd9","EVENTARC_CLOUD_EVENT_SOURCE":"projects/campus-27dd9/locations/asia-southeast1/functions/campusDeviceLatestEvent"},"runtime":"nodejs20","buildId":"73b65b9d-28af-40ad-b03d-24b5bc4f77e2","buildEnvironmentVariables":{"GOOGLE_NODE_RUN_SCRIPTS":""},"buildName":"projects/824074040304/locations/asia-southeast1/builds/73b65b9d-28af-40ad-b03d-24b5bc4f77e2","dockerRegistry":"ARTIFACT_REGISTRY","automaticUpdatePolicy":{},"buildServiceAccount":"projects/campus-27dd9/serviceAccounts/824074040304-compute@developer.gserviceaccount.com"},"versionId":"2","updateTime":"2026-04-01T20:05:27Z"}}
[debug] [2026-04-01T20:05:29.119Z] [update-portable-device-asia-southeast1-campusDeviceLatestEvent] Retrying task index 0
[debug] [2026-04-01T20:05:29.119Z] Checked if tokens are valid: true, expires at: 1775076260943
[debug] [2026-04-01T20:05:29.119Z] Checked if tokens are valid: true, expires at: 1775076260943
[debug] [2026-04-01T20:05:29.119Z] >>> [apiv2][query] GET https://cloudfunctions.googleapis.com/v1/operations/Y2FtcHVzLTI3ZGQ5L2FzaWEtc291dGhlYXN0MS9jYW1wdXNEZXZpY2VMYXRlc3RFdmVudC9ERzl5b2cxSWNaQQ [none]
[debug] [2026-04-01T20:05:30.110Z] <<< [apiv2][status] GET https://cloudfunctions.googleapis.com/v1/operations/Y2FtcHVzLTI3ZGQ5L2FzaWEtc291dGhlYXN0MS9jYW1wdXNEZXZpY2VMYXRlc3RFdmVudC9ERzl5b2cxSWNaQQ 200
[debug] [2026-04-01T20:05:30.110Z] <<< [apiv2][body] GET https://cloudfunctions.googleapis.com/v1/operations/Y2FtcHVzLTI3ZGQ5L2FzaWEtc291dGhlYXN0MS9jYW1wdXNEZXZpY2VMYXRlc3RFdmVudC9ERzl5b2cxSWNaQQ {"name":"operations/Y2FtcHVzLTI3ZGQ5L2FzaWEtc291dGhlYXN0MS9jYW1wdXNEZXZpY2VMYXRlc3RFdmVudC9ERzl5b2cxSWNaQQ","metadata":{"@type":"type.googleapis.com/google.cloud.functions.v1.OperationMetadataV1","target":"projects/campus-27dd9/locations/asia-southeast1/functions/campusDeviceLatestEvent","type":"UPDATE_FUNCTION","request":{"@type":"type.googleapis.com/google.cloud.functions.v1.CloudFunction","name":"projects/campus-27dd9/locations/asia-southeast1/functions/campusDeviceLatestEvent","httpsTrigger":{"url":"https://asia-southeast1-campus-27dd9.cloudfunctions.net/campusDeviceLatestEvent","securityLevel":"SECURE_ALWAYS"},"status":"ACTIVE","entryPoint":"campusDeviceLatestEvent","updateTime":"2026-04-01T20:03:43.310Z","versionId":"1","labels":{"deployment-tool":"cli-firebase","firebase-functions-codebase":"portable-device","firebase-functions-hash":"bb3755a4cdd460bb9cb3b79b7efde5e0203a1bf7"},"sourceUploadUrl":"https://storage.googleapis.com/uploads-1047370624808.asia-southeast1.cloudfunctions.appspot.com/114523c1-7a1c-4a41-9e44-ad3850135e47.zip?GoogleAccessId=service-824074040304@gcf-admin-robot.iam.gserviceaccount.com&Expires=1775075725&Signature=ut3PfPlxFmJHthp7pLRvQqXoUyfo0kHTFoJakLTlEW7A8hqome15KHZQ9lO431VTKOfCSaJKV%2BLgfLLCXSkZHYfm5txRpf5opmSjI9TdukHQJrAO6AQVbyHLm%2BpnUm8nLC3o9u%2BT%2BssQSkeVfxtda80%2FdmQ%2B3QG5PvCu8wgmeAsW6c7RnuNWjNlJnxhNSgTUt%2FAN1N%2BhQU9%2Fw42jLmzzTGuVkqpqE%2BVZo8kwqdqS7EXe0rsIELuAjJwyNE3Jzb7Qp%2FlwSBRMXUj7gMEJOKulOLPf1ODt9a5QsJNPodpTfpF6ca5BnTysYy%2F9KPaUWQmo6g57kJoFAtf1TqIDV9Kp7w%3D%3D","environmentVariables":{"FIREBASE_CONFIG":"{\"projectId\":\"campus-27dd9\",\"storageBucket\":\"campus-27dd9.firebasestorage.app\"}","GCLOUD_PROJECT":"campus-27dd9","EVENTARC_CLOUD_EVENT_SOURCE":"projects/campus-27dd9/locations/asia-southeast1/functions/campusDeviceLatestEvent"},"runtime":"nodejs20","buildId":"73b65b9d-28af-40ad-b03d-24b5bc4f77e2","buildEnvironmentVariables":{"GOOGLE_NODE_RUN_SCRIPTS":""},"buildName":"projects/824074040304/locations/asia-southeast1/builds/73b65b9d-28af-40ad-b03d-24b5bc4f77e2","dockerRegistry":"ARTIFACT_REGISTRY","automaticUpdatePolicy":{},"buildServiceAccount":"projects/campus-27dd9/serviceAccounts/824074040304-compute@developer.gserviceaccount.com"},"versionId":"2","updateTime":"2026-04-01T20:05:28Z"}}
[debug] [2026-04-01T20:05:31.122Z] [update-portable-device-asia-southeast1-campusDeviceLatestEvent] Retrying task index 0
[debug] [2026-04-01T20:05:31.123Z] Checked if tokens are valid: true, expires at: 1775076260943
[debug] [2026-04-01T20:05:31.123Z] Checked if tokens are valid: true, expires at: 1775076260943
[debug] [2026-04-01T20:05:31.123Z] >>> [apiv2][query] GET https://cloudfunctions.googleapis.com/v1/operations/Y2FtcHVzLTI3ZGQ5L2FzaWEtc291dGhlYXN0MS9jYW1wdXNEZXZpY2VMYXRlc3RFdmVudC9ERzl5b2cxSWNaQQ [none]
[debug] [2026-04-01T20:05:32.096Z] <<< [apiv2][status] GET https://cloudfunctions.googleapis.com/v1/operations/Y2FtcHVzLTI3ZGQ5L2FzaWEtc291dGhlYXN0MS9jYW1wdXNEZXZpY2VMYXRlc3RFdmVudC9ERzl5b2cxSWNaQQ 200
[debug] [2026-04-01T20:05:32.096Z] <<< [apiv2][body] GET https://cloudfunctions.googleapis.com/v1/operations/Y2FtcHVzLTI3ZGQ5L2FzaWEtc291dGhlYXN0MS9jYW1wdXNEZXZpY2VMYXRlc3RFdmVudC9ERzl5b2cxSWNaQQ {"name":"operations/Y2FtcHVzLTI3ZGQ5L2FzaWEtc291dGhlYXN0MS9jYW1wdXNEZXZpY2VMYXRlc3RFdmVudC9ERzl5b2cxSWNaQQ","metadata":{"@type":"type.googleapis.com/google.cloud.functions.v1.OperationMetadataV1","target":"projects/campus-27dd9/locations/asia-southeast1/functions/campusDeviceLatestEvent","type":"UPDATE_FUNCTION","request":{"@type":"type.googleapis.com/google.cloud.functions.v1.CloudFunction","name":"projects/campus-27dd9/locations/asia-southeast1/functions/campusDeviceLatestEvent","httpsTrigger":{"url":"https://asia-southeast1-campus-27dd9.cloudfunctions.net/campusDeviceLatestEvent","securityLevel":"SECURE_ALWAYS"},"status":"ACTIVE","entryPoint":"campusDeviceLatestEvent","updateTime":"2026-04-01T20:03:43.310Z","versionId":"1","labels":{"deployment-tool":"cli-firebase","firebase-functions-codebase":"portable-device","firebase-functions-hash":"bb3755a4cdd460bb9cb3b79b7efde5e0203a1bf7"},"sourceUploadUrl":"https://storage.googleapis.com/uploads-1047370624808.asia-southeast1.cloudfunctions.appspot.com/114523c1-7a1c-4a41-9e44-ad3850135e47.zip?GoogleAccessId=service-824074040304@gcf-admin-robot.iam.gserviceaccount.com&Expires=1775075725&Signature=ut3PfPlxFmJHthp7pLRvQqXoUyfo0kHTFoJakLTlEW7A8hqome15KHZQ9lO431VTKOfCSaJKV%2BLgfLLCXSkZHYfm5txRpf5opmSjI9TdukHQJrAO6AQVbyHLm%2BpnUm8nLC3o9u%2BT%2BssQSkeVfxtda80%2FdmQ%2B3QG5PvCu8wgmeAsW6c7RnuNWjNlJnxhNSgTUt%2FAN1N%2BhQU9%2Fw42jLmzzTGuVkqpqE%2BVZo8kwqdqS7EXe0rsIELuAjJwyNE3Jzb7Qp%2FlwSBRMXUj7gMEJOKulOLPf1ODt9a5QsJNPodpTfpF6ca5BnTysYy%2F9KPaUWQmo6g57kJoFAtf1TqIDV9Kp7w%3D%3D","environmentVariables":{"FIREBASE_CONFIG":"{\"projectId\":\"campus-27dd9\",\"storageBucket\":\"campus-27dd9.firebasestorage.app\"}","GCLOUD_PROJECT":"campus-27dd9","EVENTARC_CLOUD_EVENT_SOURCE":"projects/campus-27dd9/locations/asia-southeast1/functions/campusDeviceLatestEvent"},"runtime":"nodejs20","buildId":"73b65b9d-28af-40ad-b03d-24b5bc4f77e2","buildEnvironmentVariables":{"GOOGLE_NODE_RUN_SCRIPTS":""},"buildName":"projects/824074040304/locations/asia-southeast1/builds/73b65b9d-28af-40ad-b03d-24b5bc4f77e2","dockerRegistry":"ARTIFACT_REGISTRY","automaticUpdatePolicy":{},"buildServiceAccount":"projects/campus-27dd9/serviceAccounts/824074040304-compute@developer.gserviceaccount.com"},"versionId":"2","updateTime":"2026-04-01T20:05:28Z","buildId":"8ff36d54-3de4-4d57-9b3c-abb2d6cca775","buildName":"projects/824074040304/locations/asia-southeast1/builds/8ff36d54-3de4-4d57-9b3c-abb2d6cca775"}}
[debug] [2026-04-01T20:05:34.104Z] [update-portable-device-asia-southeast1-campusDeviceLatestEvent] Retrying task index 0
[debug] [2026-04-01T20:05:34.104Z] Checked if tokens are valid: true, expires at: 1775076260943
[debug] [2026-04-01T20:05:34.104Z] Checked if tokens are valid: true, expires at: 1775076260943
[debug] [2026-04-01T20:05:34.104Z] >>> [apiv2][query] GET https://cloudfunctions.googleapis.com/v1/operations/Y2FtcHVzLTI3ZGQ5L2FzaWEtc291dGhlYXN0MS9jYW1wdXNEZXZpY2VMYXRlc3RFdmVudC9ERzl5b2cxSWNaQQ [none]
[debug] [2026-04-01T20:05:35.078Z] <<< [apiv2][status] GET https://cloudfunctions.googleapis.com/v1/operations/Y2FtcHVzLTI3ZGQ5L2FzaWEtc291dGhlYXN0MS9jYW1wdXNEZXZpY2VMYXRlc3RFdmVudC9ERzl5b2cxSWNaQQ 200
[debug] [2026-04-01T20:05:35.078Z] <<< [apiv2][body] GET https://cloudfunctions.googleapis.com/v1/operations/Y2FtcHVzLTI3ZGQ5L2FzaWEtc291dGhlYXN0MS9jYW1wdXNEZXZpY2VMYXRlc3RFdmVudC9ERzl5b2cxSWNaQQ {"name":"operations/Y2FtcHVzLTI3ZGQ5L2FzaWEtc291dGhlYXN0MS9jYW1wdXNEZXZpY2VMYXRlc3RFdmVudC9ERzl5b2cxSWNaQQ","metadata":{"@type":"type.googleapis.com/google.cloud.functions.v1.OperationMetadataV1","target":"projects/campus-27dd9/locations/asia-southeast1/functions/campusDeviceLatestEvent","type":"UPDATE_FUNCTION","request":{"@type":"type.googleapis.com/google.cloud.functions.v1.CloudFunction","name":"projects/campus-27dd9/locations/asia-southeast1/functions/campusDeviceLatestEvent","httpsTrigger":{"url":"https://asia-southeast1-campus-27dd9.cloudfunctions.net/campusDeviceLatestEvent","securityLevel":"SECURE_ALWAYS"},"status":"ACTIVE","entryPoint":"campusDeviceLatestEvent","updateTime":"2026-04-01T20:03:43.310Z","versionId":"1","labels":{"deployment-tool":"cli-firebase","firebase-functions-codebase":"portable-device","firebase-functions-hash":"bb3755a4cdd460bb9cb3b79b7efde5e0203a1bf7"},"sourceUploadUrl":"https://storage.googleapis.com/uploads-1047370624808.asia-southeast1.cloudfunctions.appspot.com/114523c1-7a1c-4a41-9e44-ad3850135e47.zip?GoogleAccessId=service-824074040304@gcf-admin-robot.iam.gserviceaccount.com&Expires=1775075725&Signature=ut3PfPlxFmJHthp7pLRvQqXoUyfo0kHTFoJakLTlEW7A8hqome15KHZQ9lO431VTKOfCSaJKV%2BLgfLLCXSkZHYfm5txRpf5opmSjI9TdukHQJrAO6AQVbyHLm%2BpnUm8nLC3o9u%2BT%2BssQSkeVfxtda80%2FdmQ%2B3QG5PvCu8wgmeAsW6c7RnuNWjNlJnxhNSgTUt%2FAN1N%2BhQU9%2Fw42jLmzzTGuVkqpqE%2BVZo8kwqdqS7EXe0rsIELuAjJwyNE3Jzb7Qp%2FlwSBRMXUj7gMEJOKulOLPf1ODt9a5QsJNPodpTfpF6ca5BnTysYy%2F9KPaUWQmo6g57kJoFAtf1TqIDV9Kp7w%3D%3D","environmentVariables":{"FIREBASE_CONFIG":"{\"projectId\":\"campus-27dd9\",\"storageBucket\":\"campus-27dd9.firebasestorage.app\"}","GCLOUD_PROJECT":"campus-27dd9","EVENTARC_CLOUD_EVENT_SOURCE":"projects/campus-27dd9/locations/asia-southeast1/functions/campusDeviceLatestEvent"},"runtime":"nodejs20","buildId":"73b65b9d-28af-40ad-b03d-24b5bc4f77e2","buildEnvironmentVariables":{"GOOGLE_NODE_RUN_SCRIPTS":""},"buildName":"projects/824074040304/locations/asia-southeast1/builds/73b65b9d-28af-40ad-b03d-24b5bc4f77e2","dockerRegistry":"ARTIFACT_REGISTRY","automaticUpdatePolicy":{},"buildServiceAccount":"projects/campus-27dd9/serviceAccounts/824074040304-compute@developer.gserviceaccount.com"},"versionId":"2","updateTime":"2026-04-01T20:05:28Z","buildId":"8ff36d54-3de4-4d57-9b3c-abb2d6cca775","buildName":"projects/824074040304/locations/asia-southeast1/builds/8ff36d54-3de4-4d57-9b3c-abb2d6cca775"}}
[debug] [2026-04-01T20:05:39.084Z] [update-portable-device-asia-southeast1-campusDeviceLatestEvent] Retrying task index 0
[debug] [2026-04-01T20:05:39.085Z] Checked if tokens are valid: true, expires at: 1775076260943
[debug] [2026-04-01T20:05:39.085Z] Checked if tokens are valid: true, expires at: 1775076260943
[debug] [2026-04-01T20:05:39.085Z] >>> [apiv2][query] GET https://cloudfunctions.googleapis.com/v1/operations/Y2FtcHVzLTI3ZGQ5L2FzaWEtc291dGhlYXN0MS9jYW1wdXNEZXZpY2VMYXRlc3RFdmVudC9ERzl5b2cxSWNaQQ [none]
[debug] [2026-04-01T20:05:40.045Z] <<< [apiv2][status] GET https://cloudfunctions.googleapis.com/v1/operations/Y2FtcHVzLTI3ZGQ5L2FzaWEtc291dGhlYXN0MS9jYW1wdXNEZXZpY2VMYXRlc3RFdmVudC9ERzl5b2cxSWNaQQ 200
[debug] [2026-04-01T20:05:40.045Z] <<< [apiv2][body] GET https://cloudfunctions.googleapis.com/v1/operations/Y2FtcHVzLTI3ZGQ5L2FzaWEtc291dGhlYXN0MS9jYW1wdXNEZXZpY2VMYXRlc3RFdmVudC9ERzl5b2cxSWNaQQ {"name":"operations/Y2FtcHVzLTI3ZGQ5L2FzaWEtc291dGhlYXN0MS9jYW1wdXNEZXZpY2VMYXRlc3RFdmVudC9ERzl5b2cxSWNaQQ","metadata":{"@type":"type.googleapis.com/google.cloud.functions.v1.OperationMetadataV1","target":"projects/campus-27dd9/locations/asia-southeast1/functions/campusDeviceLatestEvent","type":"UPDATE_FUNCTION","request":{"@type":"type.googleapis.com/google.cloud.functions.v1.CloudFunction","name":"projects/campus-27dd9/locations/asia-southeast1/functions/campusDeviceLatestEvent","httpsTrigger":{"url":"https://asia-southeast1-campus-27dd9.cloudfunctions.net/campusDeviceLatestEvent","securityLevel":"SECURE_ALWAYS"},"status":"ACTIVE","entryPoint":"campusDeviceLatestEvent","updateTime":"2026-04-01T20:03:43.310Z","versionId":"1","labels":{"deployment-tool":"cli-firebase","firebase-functions-codebase":"portable-device","firebase-functions-hash":"bb3755a4cdd460bb9cb3b79b7efde5e0203a1bf7"},"sourceUploadUrl":"https://storage.googleapis.com/uploads-1047370624808.asia-southeast1.cloudfunctions.appspot.com/114523c1-7a1c-4a41-9e44-ad3850135e47.zip?GoogleAccessId=service-824074040304@gcf-admin-robot.iam.gserviceaccount.com&Expires=1775075725&Signature=ut3PfPlxFmJHthp7pLRvQqXoUyfo0kHTFoJakLTlEW7A8hqome15KHZQ9lO431VTKOfCSaJKV%2BLgfLLCXSkZHYfm5txRpf5opmSjI9TdukHQJrAO6AQVbyHLm%2BpnUm8nLC3o9u%2BT%2BssQSkeVfxtda80%2FdmQ%2B3QG5PvCu8wgmeAsW6c7RnuNWjNlJnxhNSgTUt%2FAN1N%2BhQU9%2Fw42jLmzzTGuVkqpqE%2BVZo8kwqdqS7EXe0rsIELuAjJwyNE3Jzb7Qp%2FlwSBRMXUj7gMEJOKulOLPf1ODt9a5QsJNPodpTfpF6ca5BnTysYy%2F9KPaUWQmo6g57kJoFAtf1TqIDV9Kp7w%3D%3D","environmentVariables":{"FIREBASE_CONFIG":"{\"projectId\":\"campus-27dd9\",\"storageBucket\":\"campus-27dd9.firebasestorage.app\"}","GCLOUD_PROJECT":"campus-27dd9","EVENTARC_CLOUD_EVENT_SOURCE":"projects/campus-27dd9/locations/asia-southeast1/functions/campusDeviceLatestEvent"},"runtime":"nodejs20","buildId":"73b65b9d-28af-40ad-b03d-24b5bc4f77e2","buildEnvironmentVariables":{"GOOGLE_NODE_RUN_SCRIPTS":""},"buildName":"projects/824074040304/locations/asia-southeast1/builds/73b65b9d-28af-40ad-b03d-24b5bc4f77e2","dockerRegistry":"ARTIFACT_REGISTRY","automaticUpdatePolicy":{},"buildServiceAccount":"projects/campus-27dd9/serviceAccounts/824074040304-compute@developer.gserviceaccount.com"},"versionId":"2","updateTime":"2026-04-01T20:05:28Z","buildId":"8ff36d54-3de4-4d57-9b3c-abb2d6cca775","buildName":"projects/824074040304/locations/asia-southeast1/builds/8ff36d54-3de4-4d57-9b3c-abb2d6cca775"}}
[debug] [2026-04-01T20:05:48.053Z] [update-portable-device-asia-southeast1-campusDeviceLatestEvent] Retrying task index 0
[debug] [2026-04-01T20:05:48.054Z] Checked if tokens are valid: true, expires at: 1775076260943
[debug] [2026-04-01T20:05:48.054Z] Checked if tokens are valid: true, expires at: 1775076260943
[debug] [2026-04-01T20:05:48.054Z] >>> [apiv2][query] GET https://cloudfunctions.googleapis.com/v1/operations/Y2FtcHVzLTI3ZGQ5L2FzaWEtc291dGhlYXN0MS9jYW1wdXNEZXZpY2VMYXRlc3RFdmVudC9ERzl5b2cxSWNaQQ [none]
[debug] [2026-04-01T20:05:49.144Z] <<< [apiv2][status] GET https://cloudfunctions.googleapis.com/v1/operations/Y2FtcHVzLTI3ZGQ5L2FzaWEtc291dGhlYXN0MS9jYW1wdXNEZXZpY2VMYXRlc3RFdmVudC9ERzl5b2cxSWNaQQ 200
[debug] [2026-04-01T20:05:49.145Z] <<< [apiv2][body] GET https://cloudfunctions.googleapis.com/v1/operations/Y2FtcHVzLTI3ZGQ5L2FzaWEtc291dGhlYXN0MS9jYW1wdXNEZXZpY2VMYXRlc3RFdmVudC9ERzl5b2cxSWNaQQ {"name":"operations/Y2FtcHVzLTI3ZGQ5L2FzaWEtc291dGhlYXN0MS9jYW1wdXNEZXZpY2VMYXRlc3RFdmVudC9ERzl5b2cxSWNaQQ","metadata":{"@type":"type.googleapis.com/google.cloud.functions.v1.OperationMetadataV1","target":"projects/campus-27dd9/locations/asia-southeast1/functions/campusDeviceLatestEvent","type":"UPDATE_FUNCTION","request":{"@type":"type.googleapis.com/google.cloud.functions.v1.CloudFunction","name":"projects/campus-27dd9/locations/asia-southeast1/functions/campusDeviceLatestEvent","httpsTrigger":{"url":"https://asia-southeast1-campus-27dd9.cloudfunctions.net/campusDeviceLatestEvent","securityLevel":"SECURE_ALWAYS"},"status":"ACTIVE","entryPoint":"campusDeviceLatestEvent","updateTime":"2026-04-01T20:03:43.310Z","versionId":"1","labels":{"deployment-tool":"cli-firebase","firebase-functions-codebase":"portable-device","firebase-functions-hash":"bb3755a4cdd460bb9cb3b79b7efde5e0203a1bf7"},"sourceUploadUrl":"https://storage.googleapis.com/uploads-1047370624808.asia-southeast1.cloudfunctions.appspot.com/114523c1-7a1c-4a41-9e44-ad3850135e47.zip?GoogleAccessId=service-824074040304@gcf-admin-robot.iam.gserviceaccount.com&Expires=1775075725&Signature=ut3PfPlxFmJHthp7pLRvQqXoUyfo0kHTFoJakLTlEW7A8hqome15KHZQ9lO431VTKOfCSaJKV%2BLgfLLCXSkZHYfm5txRpf5opmSjI9TdukHQJrAO6AQVbyHLm%2BpnUm8nLC3o9u%2BT%2BssQSkeVfxtda80%2FdmQ%2B3QG5PvCu8wgmeAsW6c7RnuNWjNlJnxhNSgTUt%2FAN1N%2BhQU9%2Fw42jLmzzTGuVkqpqE%2BVZo8kwqdqS7EXe0rsIELuAjJwyNE3Jzb7Qp%2FlwSBRMXUj7gMEJOKulOLPf1ODt9a5QsJNPodpTfpF6ca5BnTysYy%2F9KPaUWQmo6g57kJoFAtf1TqIDV9Kp7w%3D%3D","environmentVariables":{"FIREBASE_CONFIG":"{\"projectId\":\"campus-27dd9\",\"storageBucket\":\"campus-27dd9.firebasestorage.app\"}","GCLOUD_PROJECT":"campus-27dd9","EVENTARC_CLOUD_EVENT_SOURCE":"projects/campus-27dd9/locations/asia-southeast1/functions/campusDeviceLatestEvent"},"runtime":"nodejs20","buildId":"73b65b9d-28af-40ad-b03d-24b5bc4f77e2","buildEnvironmentVariables":{"GOOGLE_NODE_RUN_SCRIPTS":""},"buildName":"projects/824074040304/locations/asia-southeast1/builds/73b65b9d-28af-40ad-b03d-24b5bc4f77e2","dockerRegistry":"ARTIFACT_REGISTRY","automaticUpdatePolicy":{},"buildServiceAccount":"projects/campus-27dd9/serviceAccounts/824074040304-compute@developer.gserviceaccount.com"},"versionId":"2","updateTime":"2026-04-01T20:05:28Z","buildId":"8ff36d54-3de4-4d57-9b3c-abb2d6cca775","buildName":"projects/824074040304/locations/asia-southeast1/builds/8ff36d54-3de4-4d57-9b3c-abb2d6cca775"}}
[debug] [2026-04-01T20:05:59.146Z] [update-portable-device-asia-southeast1-campusDeviceLatestEvent] Retrying task index 0
[debug] [2026-04-01T20:05:59.147Z] Checked if tokens are valid: true, expires at: 1775076260943
[debug] [2026-04-01T20:05:59.147Z] Checked if tokens are valid: true, expires at: 1775076260943
[debug] [2026-04-01T20:05:59.147Z] >>> [apiv2][query] GET https://cloudfunctions.googleapis.com/v1/operations/Y2FtcHVzLTI3ZGQ5L2FzaWEtc291dGhlYXN0MS9jYW1wdXNEZXZpY2VMYXRlc3RFdmVudC9ERzl5b2cxSWNaQQ [none]
[debug] [2026-04-01T20:06:00.242Z] <<< [apiv2][status] GET https://cloudfunctions.googleapis.com/v1/operations/Y2FtcHVzLTI3ZGQ5L2FzaWEtc291dGhlYXN0MS9jYW1wdXNEZXZpY2VMYXRlc3RFdmVudC9ERzl5b2cxSWNaQQ 200
[debug] [2026-04-01T20:06:00.242Z] <<< [apiv2][body] GET https://cloudfunctions.googleapis.com/v1/operations/Y2FtcHVzLTI3ZGQ5L2FzaWEtc291dGhlYXN0MS9jYW1wdXNEZXZpY2VMYXRlc3RFdmVudC9ERzl5b2cxSWNaQQ {"name":"operations/Y2FtcHVzLTI3ZGQ5L2FzaWEtc291dGhlYXN0MS9jYW1wdXNEZXZpY2VMYXRlc3RFdmVudC9ERzl5b2cxSWNaQQ","metadata":{"@type":"type.googleapis.com/google.cloud.functions.v1.OperationMetadataV1","target":"projects/campus-27dd9/locations/asia-southeast1/functions/campusDeviceLatestEvent","type":"UPDATE_FUNCTION","request":{"@type":"type.googleapis.com/google.cloud.functions.v1.CloudFunction","name":"projects/campus-27dd9/locations/asia-southeast1/functions/campusDeviceLatestEvent","httpsTrigger":{"url":"https://asia-southeast1-campus-27dd9.cloudfunctions.net/campusDeviceLatestEvent","securityLevel":"SECURE_ALWAYS"},"status":"ACTIVE","entryPoint":"campusDeviceLatestEvent","updateTime":"2026-04-01T20:03:43.310Z","versionId":"1","labels":{"deployment-tool":"cli-firebase","firebase-functions-codebase":"portable-device","firebase-functions-hash":"bb3755a4cdd460bb9cb3b79b7efde5e0203a1bf7"},"sourceUploadUrl":"https://storage.googleapis.com/uploads-1047370624808.asia-southeast1.cloudfunctions.appspot.com/114523c1-7a1c-4a41-9e44-ad3850135e47.zip?GoogleAccessId=service-824074040304@gcf-admin-robot.iam.gserviceaccount.com&Expires=1775075725&Signature=ut3PfPlxFmJHthp7pLRvQqXoUyfo0kHTFoJakLTlEW7A8hqome15KHZQ9lO431VTKOfCSaJKV%2BLgfLLCXSkZHYfm5txRpf5opmSjI9TdukHQJrAO6AQVbyHLm%2BpnUm8nLC3o9u%2BT%2BssQSkeVfxtda80%2FdmQ%2B3QG5PvCu8wgmeAsW6c7RnuNWjNlJnxhNSgTUt%2FAN1N%2BhQU9%2Fw42jLmzzTGuVkqpqE%2BVZo8kwqdqS7EXe0rsIELuAjJwyNE3Jzb7Qp%2FlwSBRMXUj7gMEJOKulOLPf1ODt9a5QsJNPodpTfpF6ca5BnTysYy%2F9KPaUWQmo6g57kJoFAtf1TqIDV9Kp7w%3D%3D","environmentVariables":{"FIREBASE_CONFIG":"{\"projectId\":\"campus-27dd9\",\"storageBucket\":\"campus-27dd9.firebasestorage.app\"}","GCLOUD_PROJECT":"campus-27dd9","EVENTARC_CLOUD_EVENT_SOURCE":"projects/campus-27dd9/locations/asia-southeast1/functions/campusDeviceLatestEvent"},"runtime":"nodejs20","buildId":"73b65b9d-28af-40ad-b03d-24b5bc4f77e2","buildEnvironmentVariables":{"GOOGLE_NODE_RUN_SCRIPTS":""},"buildName":"projects/824074040304/locations/asia-southeast1/builds/73b65b9d-28af-40ad-b03d-24b5bc4f77e2","dockerRegistry":"ARTIFACT_REGISTRY","automaticUpdatePolicy":{},"buildServiceAccount":"projects/campus-27dd9/serviceAccounts/824074040304-compute@developer.gserviceaccount.com"},"versionId":"2","updateTime":"2026-04-01T20:05:28Z","buildId":"8ff36d54-3de4-4d57-9b3c-abb2d6cca775","buildName":"projects/824074040304/locations/asia-southeast1/builds/8ff36d54-3de4-4d57-9b3c-abb2d6cca775"}}
[debug] [2026-04-01T20:06:10.248Z] [update-portable-device-asia-southeast1-campusDeviceLatestEvent] Retrying task index 0
[debug] [2026-04-01T20:06:10.248Z] Checked if tokens are valid: true, expires at: 1775076260943
[debug] [2026-04-01T20:06:10.248Z] Checked if tokens are valid: true, expires at: 1775076260943
[debug] [2026-04-01T20:06:10.248Z] >>> [apiv2][query] GET https://cloudfunctions.googleapis.com/v1/operations/Y2FtcHVzLTI3ZGQ5L2FzaWEtc291dGhlYXN0MS9jYW1wdXNEZXZpY2VMYXRlc3RFdmVudC9ERzl5b2cxSWNaQQ [none]
[debug] [2026-04-01T20:06:11.343Z] <<< [apiv2][status] GET https://cloudfunctions.googleapis.com/v1/operations/Y2FtcHVzLTI3ZGQ5L2FzaWEtc291dGhlYXN0MS9jYW1wdXNEZXZpY2VMYXRlc3RFdmVudC9ERzl5b2cxSWNaQQ 200
[debug] [2026-04-01T20:06:11.343Z] <<< [apiv2][body] GET https://cloudfunctions.googleapis.com/v1/operations/Y2FtcHVzLTI3ZGQ5L2FzaWEtc291dGhlYXN0MS9jYW1wdXNEZXZpY2VMYXRlc3RFdmVudC9ERzl5b2cxSWNaQQ {"name":"operations/Y2FtcHVzLTI3ZGQ5L2FzaWEtc291dGhlYXN0MS9jYW1wdXNEZXZpY2VMYXRlc3RFdmVudC9ERzl5b2cxSWNaQQ","metadata":{"@type":"type.googleapis.com/google.cloud.functions.v1.OperationMetadataV1","target":"projects/campus-27dd9/locations/asia-southeast1/functions/campusDeviceLatestEvent","type":"UPDATE_FUNCTION","request":{"@type":"type.googleapis.com/google.cloud.functions.v1.CloudFunction","name":"projects/campus-27dd9/locations/asia-southeast1/functions/campusDeviceLatestEvent","httpsTrigger":{"url":"https://asia-southeast1-campus-27dd9.cloudfunctions.net/campusDeviceLatestEvent","securityLevel":"SECURE_ALWAYS"},"status":"ACTIVE","entryPoint":"campusDeviceLatestEvent","updateTime":"2026-04-01T20:03:43.310Z","versionId":"1","labels":{"deployment-tool":"cli-firebase","firebase-functions-codebase":"portable-device","firebase-functions-hash":"bb3755a4cdd460bb9cb3b79b7efde5e0203a1bf7"},"sourceUploadUrl":"https://storage.googleapis.com/uploads-1047370624808.asia-southeast1.cloudfunctions.appspot.com/114523c1-7a1c-4a41-9e44-ad3850135e47.zip?GoogleAccessId=service-824074040304@gcf-admin-robot.iam.gserviceaccount.com&Expires=1775075725&Signature=ut3PfPlxFmJHthp7pLRvQqXoUyfo0kHTFoJakLTlEW7A8hqome15KHZQ9lO431VTKOfCSaJKV%2BLgfLLCXSkZHYfm5txRpf5opmSjI9TdukHQJrAO6AQVbyHLm%2BpnUm8nLC3o9u%2BT%2BssQSkeVfxtda80%2FdmQ%2B3QG5PvCu8wgmeAsW6c7RnuNWjNlJnxhNSgTUt%2FAN1N%2BhQU9%2Fw42jLmzzTGuVkqpqE%2BVZo8kwqdqS7EXe0rsIELuAjJwyNE3Jzb7Qp%2FlwSBRMXUj7gMEJOKulOLPf1ODt9a5QsJNPodpTfpF6ca5BnTysYy%2F9KPaUWQmo6g57kJoFAtf1TqIDV9Kp7w%3D%3D","environmentVariables":{"FIREBASE_CONFIG":"{\"projectId\":\"campus-27dd9\",\"storageBucket\":\"campus-27dd9.firebasestorage.app\"}","GCLOUD_PROJECT":"campus-27dd9","EVENTARC_CLOUD_EVENT_SOURCE":"projects/campus-27dd9/locations/asia-southeast1/functions/campusDeviceLatestEvent"},"runtime":"nodejs20","buildId":"73b65b9d-28af-40ad-b03d-24b5bc4f77e2","buildEnvironmentVariables":{"GOOGLE_NODE_RUN_SCRIPTS":""},"buildName":"projects/824074040304/locations/asia-southeast1/builds/73b65b9d-28af-40ad-b03d-24b5bc4f77e2","dockerRegistry":"ARTIFACT_REGISTRY","automaticUpdatePolicy":{},"buildServiceAccount":"projects/campus-27dd9/serviceAccounts/824074040304-compute@developer.gserviceaccount.com"},"versionId":"2","updateTime":"2026-04-01T20:05:28Z","buildId":"8ff36d54-3de4-4d57-9b3c-abb2d6cca775","buildName":"projects/824074040304/locations/asia-southeast1/builds/8ff36d54-3de4-4d57-9b3c-abb2d6cca775"}}
[debug] [2026-04-01T20:06:21.349Z] [update-portable-device-asia-southeast1-campusDeviceLatestEvent] Retrying task index 0
[debug] [2026-04-01T20:06:21.350Z] Checked if tokens are valid: true, expires at: 1775076260943
[debug] [2026-04-01T20:06:21.350Z] Checked if tokens are valid: true, expires at: 1775076260943
[debug] [2026-04-01T20:06:21.350Z] >>> [apiv2][query] GET https://cloudfunctions.googleapis.com/v1/operations/Y2FtcHVzLTI3ZGQ5L2FzaWEtc291dGhlYXN0MS9jYW1wdXNEZXZpY2VMYXRlc3RFdmVudC9ERzl5b2cxSWNaQQ [none]
[debug] [2026-04-01T20:06:22.313Z] <<< [apiv2][status] GET https://cloudfunctions.googleapis.com/v1/operations/Y2FtcHVzLTI3ZGQ5L2FzaWEtc291dGhlYXN0MS9jYW1wdXNEZXZpY2VMYXRlc3RFdmVudC9ERzl5b2cxSWNaQQ 200
[debug] [2026-04-01T20:06:22.313Z] <<< [apiv2][body] GET https://cloudfunctions.googleapis.com/v1/operations/Y2FtcHVzLTI3ZGQ5L2FzaWEtc291dGhlYXN0MS9jYW1wdXNEZXZpY2VMYXRlc3RFdmVudC9ERzl5b2cxSWNaQQ {"name":"operations/Y2FtcHVzLTI3ZGQ5L2FzaWEtc291dGhlYXN0MS9jYW1wdXNEZXZpY2VMYXRlc3RFdmVudC9ERzl5b2cxSWNaQQ","metadata":{"@type":"type.googleapis.com/google.cloud.functions.v1.OperationMetadataV1","target":"projects/campus-27dd9/locations/asia-southeast1/functions/campusDeviceLatestEvent","type":"UPDATE_FUNCTION","request":{"@type":"type.googleapis.com/google.cloud.functions.v1.CloudFunction","name":"projects/campus-27dd9/locations/asia-southeast1/functions/campusDeviceLatestEvent","httpsTrigger":{"url":"https://asia-southeast1-campus-27dd9.cloudfunctions.net/campusDeviceLatestEvent","securityLevel":"SECURE_ALWAYS"},"status":"ACTIVE","entryPoint":"campusDeviceLatestEvent","updateTime":"2026-04-01T20:03:43.310Z","versionId":"1","labels":{"deployment-tool":"cli-firebase","firebase-functions-codebase":"portable-device","firebase-functions-hash":"bb3755a4cdd460bb9cb3b79b7efde5e0203a1bf7"},"sourceUploadUrl":"https://storage.googleapis.com/uploads-1047370624808.asia-southeast1.cloudfunctions.appspot.com/114523c1-7a1c-4a41-9e44-ad3850135e47.zip?GoogleAccessId=service-824074040304@gcf-admin-robot.iam.gserviceaccount.com&Expires=1775075725&Signature=ut3PfPlxFmJHthp7pLRvQqXoUyfo0kHTFoJakLTlEW7A8hqome15KHZQ9lO431VTKOfCSaJKV%2BLgfLLCXSkZHYfm5txRpf5opmSjI9TdukHQJrAO6AQVbyHLm%2BpnUm8nLC3o9u%2BT%2BssQSkeVfxtda80%2FdmQ%2B3QG5PvCu8wgmeAsW6c7RnuNWjNlJnxhNSgTUt%2FAN1N%2BhQU9%2Fw42jLmzzTGuVkqpqE%2BVZo8kwqdqS7EXe0rsIELuAjJwyNE3Jzb7Qp%2FlwSBRMXUj7gMEJOKulOLPf1ODt9a5QsJNPodpTfpF6ca5BnTysYy%2F9KPaUWQmo6g57kJoFAtf1TqIDV9Kp7w%3D%3D","environmentVariables":{"FIREBASE_CONFIG":"{\"projectId\":\"campus-27dd9\",\"storageBucket\":\"campus-27dd9.firebasestorage.app\"}","GCLOUD_PROJECT":"campus-27dd9","EVENTARC_CLOUD_EVENT_SOURCE":"projects/campus-27dd9/locations/asia-southeast1/functions/campusDeviceLatestEvent"},"runtime":"nodejs20","buildId":"73b65b9d-28af-40ad-b03d-24b5bc4f77e2","buildEnvironmentVariables":{"GOOGLE_NODE_RUN_SCRIPTS":""},"buildName":"projects/824074040304/locations/asia-southeast1/builds/73b65b9d-28af-40ad-b03d-24b5bc4f77e2","dockerRegistry":"ARTIFACT_REGISTRY","automaticUpdatePolicy":{},"buildServiceAccount":"projects/campus-27dd9/serviceAccounts/824074040304-compute@developer.gserviceaccount.com"},"versionId":"2","updateTime":"2026-04-01T20:05:28Z","buildId":"8ff36d54-3de4-4d57-9b3c-abb2d6cca775","buildName":"projects/824074040304/locations/asia-southeast1/builds/8ff36d54-3de4-4d57-9b3c-abb2d6cca775"}}
[debug] [2026-04-01T20:06:32.313Z] [update-portable-device-asia-southeast1-campusDeviceLatestEvent] Retrying task index 0
[debug] [2026-04-01T20:06:32.314Z] Checked if tokens are valid: true, expires at: 1775076260943
[debug] [2026-04-01T20:06:32.314Z] Checked if tokens are valid: true, expires at: 1775076260943
[debug] [2026-04-01T20:06:32.314Z] >>> [apiv2][query] GET https://cloudfunctions.googleapis.com/v1/operations/Y2FtcHVzLTI3ZGQ5L2FzaWEtc291dGhlYXN0MS9jYW1wdXNEZXZpY2VMYXRlc3RFdmVudC9ERzl5b2cxSWNaQQ [none]
[debug] [2026-04-01T20:06:33.406Z] <<< [apiv2][status] GET https://cloudfunctions.googleapis.com/v1/operations/Y2FtcHVzLTI3ZGQ5L2FzaWEtc291dGhlYXN0MS9jYW1wdXNEZXZpY2VMYXRlc3RFdmVudC9ERzl5b2cxSWNaQQ 200
[debug] [2026-04-01T20:06:33.406Z] <<< [apiv2][body] GET https://cloudfunctions.googleapis.com/v1/operations/Y2FtcHVzLTI3ZGQ5L2FzaWEtc291dGhlYXN0MS9jYW1wdXNEZXZpY2VMYXRlc3RFdmVudC9ERzl5b2cxSWNaQQ {"name":"operations/Y2FtcHVzLTI3ZGQ5L2FzaWEtc291dGhlYXN0MS9jYW1wdXNEZXZpY2VMYXRlc3RFdmVudC9ERzl5b2cxSWNaQQ","metadata":{"@type":"type.googleapis.com/google.cloud.functions.v1.OperationMetadataV1","target":"projects/campus-27dd9/locations/asia-southeast1/functions/campusDeviceLatestEvent","type":"UPDATE_FUNCTION","request":{"@type":"type.googleapis.com/google.cloud.functions.v1.CloudFunction","name":"projects/campus-27dd9/locations/asia-southeast1/functions/campusDeviceLatestEvent","httpsTrigger":{"url":"https://asia-southeast1-campus-27dd9.cloudfunctions.net/campusDeviceLatestEvent","securityLevel":"SECURE_ALWAYS"},"status":"ACTIVE","entryPoint":"campusDeviceLatestEvent","updateTime":"2026-04-01T20:03:43.310Z","versionId":"1","labels":{"deployment-tool":"cli-firebase","firebase-functions-codebase":"portable-device","firebase-functions-hash":"bb3755a4cdd460bb9cb3b79b7efde5e0203a1bf7"},"sourceUploadUrl":"https://storage.googleapis.com/uploads-1047370624808.asia-southeast1.cloudfunctions.appspot.com/114523c1-7a1c-4a41-9e44-ad3850135e47.zip?GoogleAccessId=service-824074040304@gcf-admin-robot.iam.gserviceaccount.com&Expires=1775075725&Signature=ut3PfPlxFmJHthp7pLRvQqXoUyfo0kHTFoJakLTlEW7A8hqome15KHZQ9lO431VTKOfCSaJKV%2BLgfLLCXSkZHYfm5txRpf5opmSjI9TdukHQJrAO6AQVbyHLm%2BpnUm8nLC3o9u%2BT%2BssQSkeVfxtda80%2FdmQ%2B3QG5PvCu8wgmeAsW6c7RnuNWjNlJnxhNSgTUt%2FAN1N%2BhQU9%2Fw42jLmzzTGuVkqpqE%2BVZo8kwqdqS7EXe0rsIELuAjJwyNE3Jzb7Qp%2FlwSBRMXUj7gMEJOKulOLPf1ODt9a5QsJNPodpTfpF6ca5BnTysYy%2F9KPaUWQmo6g57kJoFAtf1TqIDV9Kp7w%3D%3D","environmentVariables":{"FIREBASE_CONFIG":"{\"projectId\":\"campus-27dd9\",\"storageBucket\":\"campus-27dd9.firebasestorage.app\"}","GCLOUD_PROJECT":"campus-27dd9","EVENTARC_CLOUD_EVENT_SOURCE":"projects/campus-27dd9/locations/asia-southeast1/functions/campusDeviceLatestEvent"},"runtime":"nodejs20","buildId":"73b65b9d-28af-40ad-b03d-24b5bc4f77e2","buildEnvironmentVariables":{"GOOGLE_NODE_RUN_SCRIPTS":""},"buildName":"projects/824074040304/locations/asia-southeast1/builds/73b65b9d-28af-40ad-b03d-24b5bc4f77e2","dockerRegistry":"ARTIFACT_REGISTRY","automaticUpdatePolicy":{},"buildServiceAccount":"projects/campus-27dd9/serviceAccounts/824074040304-compute@developer.gserviceaccount.com"},"versionId":"2","updateTime":"2026-04-01T20:05:28Z","buildId":"8ff36d54-3de4-4d57-9b3c-abb2d6cca775","sourceToken":"670cb808-b4ab-4031-af36-058ae0b444a7","buildName":"projects/824074040304/locations/asia-southeast1/builds/8ff36d54-3de4-4d57-9b3c-abb2d6cca775"}}
[debug] [2026-04-01T20:06:33.406Z] Got source token 670cb808-b4ab-4031-af36-058ae0b444a7 for region asia-southeast1
[debug] [2026-04-01T20:06:33.406Z] Checked if tokens are valid: true, expires at: 1775076260943
[debug] [2026-04-01T20:06:33.406Z] Checked if tokens are valid: true, expires at: 1775076260943
[debug] [2026-04-01T20:06:33.406Z] Checked if tokens are valid: true, expires at: 1775076260943
[debug] [2026-04-01T20:06:33.407Z] Checked if tokens are valid: true, expires at: 1775076260943
[debug] [2026-04-01T20:06:33.407Z] Checked if tokens are valid: true, expires at: 1775076260943
[debug] [2026-04-01T20:06:33.407Z] Checked if tokens are valid: true, expires at: 1775076260943
[debug] [2026-04-01T20:06:33.407Z] Checked if tokens are valid: true, expires at: 1775076260943
[debug] [2026-04-01T20:06:33.407Z] Checked if tokens are valid: true, expires at: 1775076260943
[debug] [2026-04-01T20:06:33.407Z] >>> [apiv2][query] PATCH https://cloudfunctions.googleapis.com/v1/projects/campus-27dd9/locations/asia-southeast1/functions/campusDeviceConfirmPairing updateMask=name%2CsourceUploadUrl%2CentryPoint%2Cruntime%2CdockerRegistry%2Clabels%2ChttpsTrigger.securityLevel%2CminInstances%2CmaxInstances%2CingressSettings%2CenvironmentVariables%2CserviceAccountEmail%2CavailableMemoryMb%2Ctimeout%2CvpcConnector%2CvpcConnectorEgressSettings%2CsourceToken%2CbuildEnvironmentVariables
[debug] [2026-04-01T20:06:33.407Z] >>> [apiv2][body] PATCH https://cloudfunctions.googleapis.com/v1/projects/campus-27dd9/locations/asia-southeast1/functions/campusDeviceConfirmPairing {"name":"projects/campus-27dd9/locations/asia-southeast1/functions/campusDeviceConfirmPairing","sourceUploadUrl":"https://storage.googleapis.com/uploads-1047370624808.asia-southeast1.cloudfunctions.appspot.com/114523c1-7a1c-4a41-9e44-ad3850135e47.zip?GoogleAccessId=service-824074040304@gcf-admin-robot.iam.gserviceaccount.com&Expires=1775075725&Signature=ut3PfPlxFmJHthp7pLRvQqXoUyfo0kHTFoJakLTlEW7A8hqome15KHZQ9lO431VTKOfCSaJKV%2BLgfLLCXSkZHYfm5txRpf5opmSjI9TdukHQJrAO6AQVbyHLm%2BpnUm8nLC3o9u%2BT%2BssQSkeVfxtda80%2FdmQ%2B3QG5PvCu8wgmeAsW6c7RnuNWjNlJnxhNSgTUt%2FAN1N%2BhQU9%2Fw42jLmzzTGuVkqpqE%2BVZo8kwqdqS7EXe0rsIELuAjJwyNE3Jzb7Qp%2FlwSBRMXUj7gMEJOKulOLPf1ODt9a5QsJNPodpTfpF6ca5BnTysYy%2F9KPaUWQmo6g57kJoFAtf1TqIDV9Kp7w%3D%3D","entryPoint":"campusDeviceConfirmPairing","runtime":"nodejs20","dockerRegistry":"ARTIFACT_REGISTRY","labels":{"deployment-tool":"cli-firebase","firebase-functions-codebase":"portable-device","firebase-functions-hash":"bb3755a4cdd460bb9cb3b79b7efde5e0203a1bf7"},"httpsTrigger":{"securityLevel":"SECURE_ALWAYS"},"minInstances":null,"maxInstances":null,"ingressSettings":null,"environmentVariables":{"FIREBASE_CONFIG":"{\"projectId\":\"campus-27dd9\",\"storageBucket\":\"campus-27dd9.firebasestorage.app\"}","GCLOUD_PROJECT":"campus-27dd9","EVENTARC_CLOUD_EVENT_SOURCE":"projects/campus-27dd9/locations/asia-southeast1/functions/campusDeviceConfirmPairing"},"serviceAccountEmail":null,"availableMemoryMb":null,"timeout":null,"vpcConnector":null,"vpcConnectorEgressSettings":null,"sourceToken":"670cb808-b4ab-4031-af36-058ae0b444a7","buildEnvironmentVariables":{"GOOGLE_NODE_RUN_SCRIPTS":""}}
[debug] [2026-04-01T20:06:33.407Z] >>> [apiv2][query] PATCH https://cloudfunctions.googleapis.com/v1/projects/campus-27dd9/locations/asia-southeast1/functions/campusDevicePendingEnrollments updateMask=name%2CsourceUploadUrl%2CentryPoint%2Cruntime%2CdockerRegistry%2Clabels%2ChttpsTrigger.securityLevel%2CminInstances%2CmaxInstances%2CingressSettings%2CenvironmentVariables%2CserviceAccountEmail%2CavailableMemoryMb%2Ctimeout%2CvpcConnector%2CvpcConnectorEgressSettings%2CsourceToken%2CbuildEnvironmentVariables
[debug] [2026-04-01T20:06:33.408Z] >>> [apiv2][body] PATCH https://cloudfunctions.googleapis.com/v1/projects/campus-27dd9/locations/asia-southeast1/functions/campusDevicePendingEnrollments {"name":"projects/campus-27dd9/locations/asia-southeast1/functions/campusDevicePendingEnrollments","sourceUploadUrl":"https://storage.googleapis.com/uploads-1047370624808.asia-southeast1.cloudfunctions.appspot.com/114523c1-7a1c-4a41-9e44-ad3850135e47.zip?GoogleAccessId=service-824074040304@gcf-admin-robot.iam.gserviceaccount.com&Expires=1775075725&Signature=ut3PfPlxFmJHthp7pLRvQqXoUyfo0kHTFoJakLTlEW7A8hqome15KHZQ9lO431VTKOfCSaJKV%2BLgfLLCXSkZHYfm5txRpf5opmSjI9TdukHQJrAO6AQVbyHLm%2BpnUm8nLC3o9u%2BT%2BssQSkeVfxtda80%2FdmQ%2B3QG5PvCu8wgmeAsW6c7RnuNWjNlJnxhNSgTUt%2FAN1N%2BhQU9%2Fw42jLmzzTGuVkqpqE%2BVZo8kwqdqS7EXe0rsIELuAjJwyNE3Jzb7Qp%2FlwSBRMXUj7gMEJOKulOLPf1ODt9a5QsJNPodpTfpF6ca5BnTysYy%2F9KPaUWQmo6g57kJoFAtf1TqIDV9Kp7w%3D%3D","entryPoint":"campusDevicePendingEnrollments","runtime":"nodejs20","dockerRegistry":"ARTIFACT_REGISTRY","labels":{"deployment-tool":"cli-firebase","firebase-functions-codebase":"portable-device","firebase-functions-hash":"bb3755a4cdd460bb9cb3b79b7efde5e0203a1bf7"},"httpsTrigger":{"securityLevel":"SECURE_ALWAYS"},"minInstances":null,"maxInstances":null,"ingressSettings":null,"environmentVariables":{"FIREBASE_CONFIG":"{\"projectId\":\"campus-27dd9\",\"storageBucket\":\"campus-27dd9.firebasestorage.app\"}","GCLOUD_PROJECT":"campus-27dd9","EVENTARC_CLOUD_EVENT_SOURCE":"projects/campus-27dd9/locations/asia-southeast1/functions/campusDevicePendingEnrollments"},"serviceAccountEmail":null,"availableMemoryMb":null,"timeout":null,"vpcConnector":null,"vpcConnectorEgressSettings":null,"sourceToken":"670cb808-b4ab-4031-af36-058ae0b444a7","buildEnvironmentVariables":{"GOOGLE_NODE_RUN_SCRIPTS":""}}
[debug] [2026-04-01T20:06:33.409Z] >>> [apiv2][query] PATCH https://cloudfunctions.googleapis.com/v1/projects/campus-27dd9/locations/asia-southeast1/functions/campusDeviceSubmitEnrollment updateMask=name%2CsourceUploadUrl%2CentryPoint%2Cruntime%2CdockerRegistry%2Clabels%2ChttpsTrigger.securityLevel%2CminInstances%2CmaxInstances%2CingressSettings%2CenvironmentVariables%2CserviceAccountEmail%2CavailableMemoryMb%2Ctimeout%2CvpcConnector%2CvpcConnectorEgressSettings%2CsourceToken%2CbuildEnvironmentVariables
[debug] [2026-04-01T20:06:33.409Z] >>> [apiv2][body] PATCH https://cloudfunctions.googleapis.com/v1/projects/campus-27dd9/locations/asia-southeast1/functions/campusDeviceSubmitEnrollment {"name":"projects/campus-27dd9/locations/asia-southeast1/functions/campusDeviceSubmitEnrollment","sourceUploadUrl":"https://storage.googleapis.com/uploads-1047370624808.asia-southeast1.cloudfunctions.appspot.com/114523c1-7a1c-4a41-9e44-ad3850135e47.zip?GoogleAccessId=service-824074040304@gcf-admin-robot.iam.gserviceaccount.com&Expires=1775075725&Signature=ut3PfPlxFmJHthp7pLRvQqXoUyfo0kHTFoJakLTlEW7A8hqome15KHZQ9lO431VTKOfCSaJKV%2BLgfLLCXSkZHYfm5txRpf5opmSjI9TdukHQJrAO6AQVbyHLm%2BpnUm8nLC3o9u%2BT%2BssQSkeVfxtda80%2FdmQ%2B3QG5PvCu8wgmeAsW6c7RnuNWjNlJnxhNSgTUt%2FAN1N%2BhQU9%2Fw42jLmzzTGuVkqpqE%2BVZo8kwqdqS7EXe0rsIELuAjJwyNE3Jzb7Qp%2FlwSBRMXUj7gMEJOKulOLPf1ODt9a5QsJNPodpTfpF6ca5BnTysYy%2F9KPaUWQmo6g57kJoFAtf1TqIDV9Kp7w%3D%3D","entryPoint":"campusDeviceSubmitEnrollment","runtime":"nodejs20","dockerRegistry":"ARTIFACT_REGISTRY","labels":{"deployment-tool":"cli-firebase","firebase-functions-codebase":"portable-device","firebase-functions-hash":"bb3755a4cdd460bb9cb3b79b7efde5e0203a1bf7"},"httpsTrigger":{"securityLevel":"SECURE_ALWAYS"},"minInstances":null,"maxInstances":null,"ingressSettings":null,"environmentVariables":{"FIREBASE_CONFIG":"{\"projectId\":\"campus-27dd9\",\"storageBucket\":\"campus-27dd9.firebasestorage.app\"}","GCLOUD_PROJECT":"campus-27dd9","EVENTARC_CLOUD_EVENT_SOURCE":"projects/campus-27dd9/locations/asia-southeast1/functions/campusDeviceSubmitEnrollment"},"serviceAccountEmail":null,"availableMemoryMb":null,"timeout":null,"vpcConnector":null,"vpcConnectorEgressSettings":null,"sourceToken":"670cb808-b4ab-4031-af36-058ae0b444a7","buildEnvironmentVariables":{"GOOGLE_NODE_RUN_SCRIPTS":""}}
[debug] [2026-04-01T20:06:33.409Z] >>> [apiv2][query] PATCH https://cloudfunctions.googleapis.com/v1/projects/campus-27dd9/locations/asia-southeast1/functions/campusDeviceSyncAttendance updateMask=name%2CsourceUploadUrl%2CentryPoint%2Cruntime%2CdockerRegistry%2Clabels%2ChttpsTrigger.securityLevel%2CminInstances%2CmaxInstances%2CingressSettings%2CenvironmentVariables%2CserviceAccountEmail%2CavailableMemoryMb%2Ctimeout%2CvpcConnector%2CvpcConnectorEgressSettings%2CsourceToken%2CbuildEnvironmentVariables
[debug] [2026-04-01T20:06:33.410Z] >>> [apiv2][body] PATCH https://cloudfunctions.googleapis.com/v1/projects/campus-27dd9/locations/asia-southeast1/functions/campusDeviceSyncAttendance {"name":"projects/campus-27dd9/locations/asia-southeast1/functions/campusDeviceSyncAttendance","sourceUploadUrl":"https://storage.googleapis.com/uploads-1047370624808.asia-southeast1.cloudfunctions.appspot.com/114523c1-7a1c-4a41-9e44-ad3850135e47.zip?GoogleAccessId=service-824074040304@gcf-admin-robot.iam.gserviceaccount.com&Expires=1775075725&Signature=ut3PfPlxFmJHthp7pLRvQqXoUyfo0kHTFoJakLTlEW7A8hqome15KHZQ9lO431VTKOfCSaJKV%2BLgfLLCXSkZHYfm5txRpf5opmSjI9TdukHQJrAO6AQVbyHLm%2BpnUm8nLC3o9u%2BT%2BssQSkeVfxtda80%2FdmQ%2B3QG5PvCu8wgmeAsW6c7RnuNWjNlJnxhNSgTUt%2FAN1N%2BhQU9%2Fw42jLmzzTGuVkqpqE%2BVZo8kwqdqS7EXe0rsIELuAjJwyNE3Jzb7Qp%2FlwSBRMXUj7gMEJOKulOLPf1ODt9a5QsJNPodpTfpF6ca5BnTysYy%2F9KPaUWQmo6g57kJoFAtf1TqIDV9Kp7w%3D%3D","entryPoint":"campusDeviceSyncAttendance","runtime":"nodejs20","dockerRegistry":"ARTIFACT_REGISTRY","labels":{"deployment-tool":"cli-firebase","firebase-functions-codebase":"portable-device","firebase-functions-hash":"bb3755a4cdd460bb9cb3b79b7efde5e0203a1bf7"},"httpsTrigger":{"securityLevel":"SECURE_ALWAYS"},"minInstances":null,"maxInstances":null,"ingressSettings":null,"environmentVariables":{"FIREBASE_CONFIG":"{\"projectId\":\"campus-27dd9\",\"storageBucket\":\"campus-27dd9.firebasestorage.app\"}","GCLOUD_PROJECT":"campus-27dd9","EVENTARC_CLOUD_EVENT_SOURCE":"projects/campus-27dd9/locations/asia-southeast1/functions/campusDeviceSyncAttendance"},"serviceAccountEmail":null,"availableMemoryMb":null,"timeout":null,"vpcConnector":null,"vpcConnectorEgressSettings":null,"sourceToken":"670cb808-b4ab-4031-af36-058ae0b444a7","buildEnvironmentVariables":{"GOOGLE_NODE_RUN_SCRIPTS":""}}
[debug] [2026-04-01T20:06:34.573Z] <<< [apiv2][status] PATCH https://cloudfunctions.googleapis.com/v1/projects/campus-27dd9/locations/asia-southeast1/functions/campusDeviceSyncAttendance 200
[debug] [2026-04-01T20:06:34.573Z] <<< [apiv2][body] PATCH https://cloudfunctions.googleapis.com/v1/projects/campus-27dd9/locations/asia-southeast1/functions/campusDeviceSyncAttendance {"name":"operations/Y2FtcHVzLTI3ZGQ5L2FzaWEtc291dGhlYXN0MS9jYW1wdXNEZXZpY2VTeW5jQXR0ZW5kYW5jZS9ubU4xVFg4eWJFVQ","metadata":{"@type":"type.googleapis.com/google.cloud.functions.v1.OperationMetadataV1","target":"projects/campus-27dd9/locations/asia-southeast1/functions/campusDeviceSyncAttendance","type":"UPDATE_FUNCTION","request":{"@type":"type.googleapis.com/google.cloud.functions.v1.CloudFunction","name":"projects/campus-27dd9/locations/asia-southeast1/functions/campusDeviceSyncAttendance","httpsTrigger":{"url":"https://asia-southeast1-campus-27dd9.cloudfunctions.net/campusDeviceSyncAttendance","securityLevel":"SECURE_ALWAYS"},"status":"ACTIVE","entryPoint":"campusDeviceSyncAttendance","updateTime":"2026-04-01T20:03:43.505Z","versionId":"1","labels":{"deployment-tool":"cli-firebase","firebase-functions-codebase":"portable-device","firebase-functions-hash":"bb3755a4cdd460bb9cb3b79b7efde5e0203a1bf7"},"sourceUploadUrl":"https://storage.googleapis.com/uploads-1047370624808.asia-southeast1.cloudfunctions.appspot.com/114523c1-7a1c-4a41-9e44-ad3850135e47.zip?GoogleAccessId=service-824074040304@gcf-admin-robot.iam.gserviceaccount.com&Expires=1775075725&Signature=ut3PfPlxFmJHthp7pLRvQqXoUyfo0kHTFoJakLTlEW7A8hqome15KHZQ9lO431VTKOfCSaJKV%2BLgfLLCXSkZHYfm5txRpf5opmSjI9TdukHQJrAO6AQVbyHLm%2BpnUm8nLC3o9u%2BT%2BssQSkeVfxtda80%2FdmQ%2B3QG5PvCu8wgmeAsW6c7RnuNWjNlJnxhNSgTUt%2FAN1N%2BhQU9%2Fw42jLmzzTGuVkqpqE%2BVZo8kwqdqS7EXe0rsIELuAjJwyNE3Jzb7Qp%2FlwSBRMXUj7gMEJOKulOLPf1ODt9a5QsJNPodpTfpF6ca5BnTysYy%2F9KPaUWQmo6g57kJoFAtf1TqIDV9Kp7w%3D%3D","environmentVariables":{"FIREBASE_CONFIG":"{\"projectId\":\"campus-27dd9\",\"storageBucket\":\"campus-27dd9.firebasestorage.app\"}","GCLOUD_PROJECT":"campus-27dd9","EVENTARC_CLOUD_EVENT_SOURCE":"projects/campus-27dd9/locations/asia-southeast1/functions/campusDeviceSyncAttendance"},"runtime":"nodejs20","buildId":"73b65b9d-28af-40ad-b03d-24b5bc4f77e2","buildEnvironmentVariables":{"GOOGLE_NODE_RUN_SCRIPTS":""},"sourceToken":"670cb808-b4ab-4031-af36-058ae0b444a7","buildName":"projects/824074040304/locations/asia-southeast1/builds/73b65b9d-28af-40ad-b03d-24b5bc4f77e2","dockerRegistry":"ARTIFACT_REGISTRY","automaticUpdatePolicy":{},"buildServiceAccount":"projects/campus-27dd9/serviceAccounts/824074040304-compute@developer.gserviceaccount.com"},"versionId":"2","updateTime":"2026-04-01T20:06:34Z","sourceToken":"670cb808-b4ab-4031-af36-058ae0b444a7"}}
[debug] [2026-04-01T20:06:34.573Z] Checked if tokens are valid: true, expires at: 1775076260943
[debug] [2026-04-01T20:06:34.573Z] Checked if tokens are valid: true, expires at: 1775076260943
[debug] [2026-04-01T20:06:34.573Z] >>> [apiv2][query] GET https://cloudfunctions.googleapis.com/v1/operations/Y2FtcHVzLTI3ZGQ5L2FzaWEtc291dGhlYXN0MS9jYW1wdXNEZXZpY2VTeW5jQXR0ZW5kYW5jZS9ubU4xVFg4eWJFVQ [none]
[debug] [2026-04-01T20:06:34.619Z] <<< [apiv2][status] PATCH https://cloudfunctions.googleapis.com/v1/projects/campus-27dd9/locations/asia-southeast1/functions/campusDeviceConfirmPairing 200
[debug] [2026-04-01T20:06:34.619Z] <<< [apiv2][body] PATCH https://cloudfunctions.googleapis.com/v1/projects/campus-27dd9/locations/asia-southeast1/functions/campusDeviceConfirmPairing {"name":"operations/Y2FtcHVzLTI3ZGQ5L2FzaWEtc291dGhlYXN0MS9jYW1wdXNEZXZpY2VDb25maXJtUGFpcmluZy9mZUttY3dENG1SSQ","metadata":{"@type":"type.googleapis.com/google.cloud.functions.v1.OperationMetadataV1","target":"projects/campus-27dd9/locations/asia-southeast1/functions/campusDeviceConfirmPairing","type":"UPDATE_FUNCTION","request":{"@type":"type.googleapis.com/google.cloud.functions.v1.CloudFunction","name":"projects/campus-27dd9/locations/asia-southeast1/functions/campusDeviceConfirmPairing","httpsTrigger":{"url":"https://asia-southeast1-campus-27dd9.cloudfunctions.net/campusDeviceConfirmPairing","securityLevel":"SECURE_ALWAYS"},"status":"ACTIVE","entryPoint":"campusDeviceConfirmPairing","updateTime":"2026-04-01T20:03:42.793Z","versionId":"1","labels":{"deployment-tool":"cli-firebase","firebase-functions-codebase":"portable-device","firebase-functions-hash":"bb3755a4cdd460bb9cb3b79b7efde5e0203a1bf7"},"sourceUploadUrl":"https://storage.googleapis.com/uploads-1047370624808.asia-southeast1.cloudfunctions.appspot.com/114523c1-7a1c-4a41-9e44-ad3850135e47.zip?GoogleAccessId=service-824074040304@gcf-admin-robot.iam.gserviceaccount.com&Expires=1775075725&Signature=ut3PfPlxFmJHthp7pLRvQqXoUyfo0kHTFoJakLTlEW7A8hqome15KHZQ9lO431VTKOfCSaJKV%2BLgfLLCXSkZHYfm5txRpf5opmSjI9TdukHQJrAO6AQVbyHLm%2BpnUm8nLC3o9u%2BT%2BssQSkeVfxtda80%2FdmQ%2B3QG5PvCu8wgmeAsW6c7RnuNWjNlJnxhNSgTUt%2FAN1N%2BhQU9%2Fw42jLmzzTGuVkqpqE%2BVZo8kwqdqS7EXe0rsIELuAjJwyNE3Jzb7Qp%2FlwSBRMXUj7gMEJOKulOLPf1ODt9a5QsJNPodpTfpF6ca5BnTysYy%2F9KPaUWQmo6g57kJoFAtf1TqIDV9Kp7w%3D%3D","environmentVariables":{"FIREBASE_CONFIG":"{\"projectId\":\"campus-27dd9\",\"storageBucket\":\"campus-27dd9.firebasestorage.app\"}","GCLOUD_PROJECT":"campus-27dd9","EVENTARC_CLOUD_EVENT_SOURCE":"projects/campus-27dd9/locations/asia-southeast1/functions/campusDeviceConfirmPairing"},"runtime":"nodejs20","buildId":"73b65b9d-28af-40ad-b03d-24b5bc4f77e2","buildEnvironmentVariables":{"GOOGLE_NODE_RUN_SCRIPTS":""},"sourceToken":"670cb808-b4ab-4031-af36-058ae0b444a7","buildName":"projects/824074040304/locations/asia-southeast1/builds/73b65b9d-28af-40ad-b03d-24b5bc4f77e2","dockerRegistry":"ARTIFACT_REGISTRY","automaticUpdatePolicy":{},"buildServiceAccount":"projects/campus-27dd9/serviceAccounts/824074040304-compute@developer.gserviceaccount.com"},"versionId":"2","updateTime":"2026-04-01T20:06:34Z","sourceToken":"670cb808-b4ab-4031-af36-058ae0b444a7"}}
[debug] [2026-04-01T20:06:34.619Z] Checked if tokens are valid: true, expires at: 1775076260943
[debug] [2026-04-01T20:06:34.619Z] Checked if tokens are valid: true, expires at: 1775076260943
[debug] [2026-04-01T20:06:34.620Z] >>> [apiv2][query] GET https://cloudfunctions.googleapis.com/v1/operations/Y2FtcHVzLTI3ZGQ5L2FzaWEtc291dGhlYXN0MS9jYW1wdXNEZXZpY2VDb25maXJtUGFpcmluZy9mZUttY3dENG1SSQ [none]
[debug] [2026-04-01T20:06:34.708Z] <<< [apiv2][status] PATCH https://cloudfunctions.googleapis.com/v1/projects/campus-27dd9/locations/asia-southeast1/functions/campusDevicePendingEnrollments 200
[debug] [2026-04-01T20:06:34.708Z] <<< [apiv2][body] PATCH https://cloudfunctions.googleapis.com/v1/projects/campus-27dd9/locations/asia-southeast1/functions/campusDevicePendingEnrollments {"name":"operations/Y2FtcHVzLTI3ZGQ5L2FzaWEtc291dGhlYXN0MS9jYW1wdXNEZXZpY2VQZW5kaW5nRW5yb2xsbWVudHMvS1NLMl9xRkpDc1k","metadata":{"@type":"type.googleapis.com/google.cloud.functions.v1.OperationMetadataV1","target":"projects/campus-27dd9/locations/asia-southeast1/functions/campusDevicePendingEnrollments","type":"UPDATE_FUNCTION","request":{"@type":"type.googleapis.com/google.cloud.functions.v1.CloudFunction","name":"projects/campus-27dd9/locations/asia-southeast1/functions/campusDevicePendingEnrollments","httpsTrigger":{"url":"https://asia-southeast1-campus-27dd9.cloudfunctions.net/campusDevicePendingEnrollments","securityLevel":"SECURE_ALWAYS"},"status":"ACTIVE","entryPoint":"campusDevicePendingEnrollments","updateTime":"2026-04-01T20:03:42.832Z","versionId":"1","labels":{"deployment-tool":"cli-firebase","firebase-functions-codebase":"portable-device","firebase-functions-hash":"bb3755a4cdd460bb9cb3b79b7efde5e0203a1bf7"},"sourceUploadUrl":"https://storage.googleapis.com/uploads-1047370624808.asia-southeast1.cloudfunctions.appspot.com/114523c1-7a1c-4a41-9e44-ad3850135e47.zip?GoogleAccessId=service-824074040304@gcf-admin-robot.iam.gserviceaccount.com&Expires=1775075725&Signature=ut3PfPlxFmJHthp7pLRvQqXoUyfo0kHTFoJakLTlEW7A8hqome15KHZQ9lO431VTKOfCSaJKV%2BLgfLLCXSkZHYfm5txRpf5opmSjI9TdukHQJrAO6AQVbyHLm%2BpnUm8nLC3o9u%2BT%2BssQSkeVfxtda80%2FdmQ%2B3QG5PvCu8wgmeAsW6c7RnuNWjNlJnxhNSgTUt%2FAN1N%2BhQU9%2Fw42jLmzzTGuVkqpqE%2BVZo8kwqdqS7EXe0rsIELuAjJwyNE3Jzb7Qp%2FlwSBRMXUj7gMEJOKulOLPf1ODt9a5QsJNPodpTfpF6ca5BnTysYy%2F9KPaUWQmo6g57kJoFAtf1TqIDV9Kp7w%3D%3D","environmentVariables":{"FIREBASE_CONFIG":"{\"projectId\":\"campus-27dd9\",\"storageBucket\":\"campus-27dd9.firebasestorage.app\"}","GCLOUD_PROJECT":"campus-27dd9","EVENTARC_CLOUD_EVENT_SOURCE":"projects/campus-27dd9/locations/asia-southeast1/functions/campusDevicePendingEnrollments"},"runtime":"nodejs20","buildId":"73b65b9d-28af-40ad-b03d-24b5bc4f77e2","buildEnvironmentVariables":{"GOOGLE_NODE_RUN_SCRIPTS":""},"sourceToken":"670cb808-b4ab-4031-af36-058ae0b444a7","buildName":"projects/824074040304/locations/asia-southeast1/builds/73b65b9d-28af-40ad-b03d-24b5bc4f77e2","dockerRegistry":"ARTIFACT_REGISTRY","automaticUpdatePolicy":{},"buildServiceAccount":"projects/campus-27dd9/serviceAccounts/824074040304-compute@developer.gserviceaccount.com"},"versionId":"2","updateTime":"2026-04-01T20:06:34Z","sourceToken":"670cb808-b4ab-4031-af36-058ae0b444a7"}}
[debug] [2026-04-01T20:06:34.708Z] Checked if tokens are valid: true, expires at: 1775076260943
[debug] [2026-04-01T20:06:34.708Z] Checked if tokens are valid: true, expires at: 1775076260943
[debug] [2026-04-01T20:06:34.708Z] >>> [apiv2][query] GET https://cloudfunctions.googleapis.com/v1/operations/Y2FtcHVzLTI3ZGQ5L2FzaWEtc291dGhlYXN0MS9jYW1wdXNEZXZpY2VQZW5kaW5nRW5yb2xsbWVudHMvS1NLMl9xRkpDc1k [none]
[debug] [2026-04-01T20:06:34.742Z] <<< [apiv2][status] PATCH https://cloudfunctions.googleapis.com/v1/projects/campus-27dd9/locations/asia-southeast1/functions/campusDeviceSubmitEnrollment 200
[debug] [2026-04-01T20:06:34.742Z] <<< [apiv2][body] PATCH https://cloudfunctions.googleapis.com/v1/projects/campus-27dd9/locations/asia-southeast1/functions/campusDeviceSubmitEnrollment {"name":"operations/Y2FtcHVzLTI3ZGQ5L2FzaWEtc291dGhlYXN0MS9jYW1wdXNEZXZpY2VTdWJtaXRFbnJvbGxtZW50L2VTX0ZOUWp4RmVr","metadata":{"@type":"type.googleapis.com/google.cloud.functions.v1.OperationMetadataV1","target":"projects/campus-27dd9/locations/asia-southeast1/functions/campusDeviceSubmitEnrollment","type":"UPDATE_FUNCTION","request":{"@type":"type.googleapis.com/google.cloud.functions.v1.CloudFunction","name":"projects/campus-27dd9/locations/asia-southeast1/functions/campusDeviceSubmitEnrollment","httpsTrigger":{"url":"https://asia-southeast1-campus-27dd9.cloudfunctions.net/campusDeviceSubmitEnrollment","securityLevel":"SECURE_ALWAYS"},"status":"ACTIVE","entryPoint":"campusDeviceSubmitEnrollment","updateTime":"2026-04-01T20:03:44.503Z","versionId":"1","labels":{"deployment-tool":"cli-firebase","firebase-functions-codebase":"portable-device","firebase-functions-hash":"bb3755a4cdd460bb9cb3b79b7efde5e0203a1bf7"},"sourceUploadUrl":"https://storage.googleapis.com/uploads-1047370624808.asia-southeast1.cloudfunctions.appspot.com/114523c1-7a1c-4a41-9e44-ad3850135e47.zip?GoogleAccessId=service-824074040304@gcf-admin-robot.iam.gserviceaccount.com&Expires=1775075725&Signature=ut3PfPlxFmJHthp7pLRvQqXoUyfo0kHTFoJakLTlEW7A8hqome15KHZQ9lO431VTKOfCSaJKV%2BLgfLLCXSkZHYfm5txRpf5opmSjI9TdukHQJrAO6AQVbyHLm%2BpnUm8nLC3o9u%2BT%2BssQSkeVfxtda80%2FdmQ%2B3QG5PvCu8wgmeAsW6c7RnuNWjNlJnxhNSgTUt%2FAN1N%2BhQU9%2Fw42jLmzzTGuVkqpqE%2BVZo8kwqdqS7EXe0rsIELuAjJwyNE3Jzb7Qp%2FlwSBRMXUj7gMEJOKulOLPf1ODt9a5QsJNPodpTfpF6ca5BnTysYy%2F9KPaUWQmo6g57kJoFAtf1TqIDV9Kp7w%3D%3D","environmentVariables":{"FIREBASE_CONFIG":"{\"projectId\":\"campus-27dd9\",\"storageBucket\":\"campus-27dd9.firebasestorage.app\"}","GCLOUD_PROJECT":"campus-27dd9","EVENTARC_CLOUD_EVENT_SOURCE":"projects/campus-27dd9/locations/asia-southeast1/functions/campusDeviceSubmitEnrollment"},"runtime":"nodejs20","buildId":"73b65b9d-28af-40ad-b03d-24b5bc4f77e2","buildEnvironmentVariables":{"GOOGLE_NODE_RUN_SCRIPTS":""},"sourceToken":"670cb808-b4ab-4031-af36-058ae0b444a7","buildName":"projects/824074040304/locations/asia-southeast1/builds/73b65b9d-28af-40ad-b03d-24b5bc4f77e2","dockerRegistry":"ARTIFACT_REGISTRY","automaticUpdatePolicy":{},"buildServiceAccount":"projects/campus-27dd9/serviceAccounts/824074040304-compute@developer.gserviceaccount.com"},"versionId":"2","updateTime":"2026-04-01T20:06:34Z","sourceToken":"670cb808-b4ab-4031-af36-058ae0b444a7"}}
[debug] [2026-04-01T20:06:34.742Z] Checked if tokens are valid: true, expires at: 1775076260943
[debug] [2026-04-01T20:06:34.742Z] Checked if tokens are valid: true, expires at: 1775076260943
[debug] [2026-04-01T20:06:34.743Z] >>> [apiv2][query] GET https://cloudfunctions.googleapis.com/v1/operations/Y2FtcHVzLTI3ZGQ5L2FzaWEtc291dGhlYXN0MS9jYW1wdXNEZXZpY2VTdWJtaXRFbnJvbGxtZW50L2VTX0ZOUWp4RmVr [none]
[debug] [2026-04-01T20:06:35.563Z] <<< [apiv2][status] GET https://cloudfunctions.googleapis.com/v1/operations/Y2FtcHVzLTI3ZGQ5L2FzaWEtc291dGhlYXN0MS9jYW1wdXNEZXZpY2VTeW5jQXR0ZW5kYW5jZS9ubU4xVFg4eWJFVQ 200
[debug] [2026-04-01T20:06:35.563Z] <<< [apiv2][body] GET https://cloudfunctions.googleapis.com/v1/operations/Y2FtcHVzLTI3ZGQ5L2FzaWEtc291dGhlYXN0MS9jYW1wdXNEZXZpY2VTeW5jQXR0ZW5kYW5jZS9ubU4xVFg4eWJFVQ {"name":"operations/Y2FtcHVzLTI3ZGQ5L2FzaWEtc291dGhlYXN0MS9jYW1wdXNEZXZpY2VTeW5jQXR0ZW5kYW5jZS9ubU4xVFg4eWJFVQ","metadata":{"@type":"type.googleapis.com/google.cloud.functions.v1.OperationMetadataV1","target":"projects/campus-27dd9/locations/asia-southeast1/functions/campusDeviceSyncAttendance","type":"UPDATE_FUNCTION","request":{"@type":"type.googleapis.com/google.cloud.functions.v1.CloudFunction","name":"projects/campus-27dd9/locations/asia-southeast1/functions/campusDeviceSyncAttendance","httpsTrigger":{"url":"https://asia-southeast1-campus-27dd9.cloudfunctions.net/campusDeviceSyncAttendance","securityLevel":"SECURE_ALWAYS"},"status":"ACTIVE","entryPoint":"campusDeviceSyncAttendance","updateTime":"2026-04-01T20:03:43.505Z","versionId":"1","labels":{"deployment-tool":"cli-firebase","firebase-functions-codebase":"portable-device","firebase-functions-hash":"bb3755a4cdd460bb9cb3b79b7efde5e0203a1bf7"},"sourceUploadUrl":"https://storage.googleapis.com/uploads-1047370624808.asia-southeast1.cloudfunctions.appspot.com/114523c1-7a1c-4a41-9e44-ad3850135e47.zip?GoogleAccessId=service-824074040304@gcf-admin-robot.iam.gserviceaccount.com&Expires=1775075725&Signature=ut3PfPlxFmJHthp7pLRvQqXoUyfo0kHTFoJakLTlEW7A8hqome15KHZQ9lO431VTKOfCSaJKV%2BLgfLLCXSkZHYfm5txRpf5opmSjI9TdukHQJrAO6AQVbyHLm%2BpnUm8nLC3o9u%2BT%2BssQSkeVfxtda80%2FdmQ%2B3QG5PvCu8wgmeAsW6c7RnuNWjNlJnxhNSgTUt%2FAN1N%2BhQU9%2Fw42jLmzzTGuVkqpqE%2BVZo8kwqdqS7EXe0rsIELuAjJwyNE3Jzb7Qp%2FlwSBRMXUj7gMEJOKulOLPf1ODt9a5QsJNPodpTfpF6ca5BnTysYy%2F9KPaUWQmo6g57kJoFAtf1TqIDV9Kp7w%3D%3D","environmentVariables":{"FIREBASE_CONFIG":"{\"projectId\":\"campus-27dd9\",\"storageBucket\":\"campus-27dd9.firebasestorage.app\"}","GCLOUD_PROJECT":"campus-27dd9","EVENTARC_CLOUD_EVENT_SOURCE":"projects/campus-27dd9/locations/asia-southeast1/functions/campusDeviceSyncAttendance"},"runtime":"nodejs20","buildId":"73b65b9d-28af-40ad-b03d-24b5bc4f77e2","buildEnvironmentVariables":{"GOOGLE_NODE_RUN_SCRIPTS":""},"sourceToken":"670cb808-b4ab-4031-af36-058ae0b444a7","buildName":"projects/824074040304/locations/asia-southeast1/builds/73b65b9d-28af-40ad-b03d-24b5bc4f77e2","dockerRegistry":"ARTIFACT_REGISTRY","automaticUpdatePolicy":{},"buildServiceAccount":"projects/campus-27dd9/serviceAccounts/824074040304-compute@developer.gserviceaccount.com"},"versionId":"2","updateTime":"2026-04-01T20:06:34Z","sourceToken":"670cb808-b4ab-4031-af36-058ae0b444a7"}}
[debug] [2026-04-01T20:06:35.563Z] Got source token 670cb808-b4ab-4031-af36-058ae0b444a7 for region asia-southeast1
[debug] [2026-04-01T20:06:35.571Z] <<< [apiv2][status] GET https://cloudfunctions.googleapis.com/v1/operations/Y2FtcHVzLTI3ZGQ5L2FzaWEtc291dGhlYXN0MS9jYW1wdXNEZXZpY2VTdWJtaXRFbnJvbGxtZW50L2VTX0ZOUWp4RmVr 200
[debug] [2026-04-01T20:06:35.571Z] <<< [apiv2][body] GET https://cloudfunctions.googleapis.com/v1/operations/Y2FtcHVzLTI3ZGQ5L2FzaWEtc291dGhlYXN0MS9jYW1wdXNEZXZpY2VTdWJtaXRFbnJvbGxtZW50L2VTX0ZOUWp4RmVr {"name":"operations/Y2FtcHVzLTI3ZGQ5L2FzaWEtc291dGhlYXN0MS9jYW1wdXNEZXZpY2VTdWJtaXRFbnJvbGxtZW50L2VTX0ZOUWp4RmVr","metadata":{"@type":"type.googleapis.com/google.cloud.functions.v1.OperationMetadataV1","target":"projects/campus-27dd9/locations/asia-southeast1/functions/campusDeviceSubmitEnrollment","type":"UPDATE_FUNCTION","request":{"@type":"type.googleapis.com/google.cloud.functions.v1.CloudFunction","name":"projects/campus-27dd9/locations/asia-southeast1/functions/campusDeviceSubmitEnrollment","httpsTrigger":{"url":"https://asia-southeast1-campus-27dd9.cloudfunctions.net/campusDeviceSubmitEnrollment","securityLevel":"SECURE_ALWAYS"},"status":"ACTIVE","entryPoint":"campusDeviceSubmitEnrollment","updateTime":"2026-04-01T20:03:44.503Z","versionId":"1","labels":{"deployment-tool":"cli-firebase","firebase-functions-codebase":"portable-device","firebase-functions-hash":"bb3755a4cdd460bb9cb3b79b7efde5e0203a1bf7"},"sourceUploadUrl":"https://storage.googleapis.com/uploads-1047370624808.asia-southeast1.cloudfunctions.appspot.com/114523c1-7a1c-4a41-9e44-ad3850135e47.zip?GoogleAccessId=service-824074040304@gcf-admin-robot.iam.gserviceaccount.com&Expires=1775075725&Signature=ut3PfPlxFmJHthp7pLRvQqXoUyfo0kHTFoJakLTlEW7A8hqome15KHZQ9lO431VTKOfCSaJKV%2BLgfLLCXSkZHYfm5txRpf5opmSjI9TdukHQJrAO6AQVbyHLm%2BpnUm8nLC3o9u%2BT%2BssQSkeVfxtda80%2FdmQ%2B3QG5PvCu8wgmeAsW6c7RnuNWjNlJnxhNSgTUt%2FAN1N%2BhQU9%2Fw42jLmzzTGuVkqpqE%2BVZo8kwqdqS7EXe0rsIELuAjJwyNE3Jzb7Qp%2FlwSBRMXUj7gMEJOKulOLPf1ODt9a5QsJNPodpTfpF6ca5BnTysYy%2F9KPaUWQmo6g57kJoFAtf1TqIDV9Kp7w%3D%3D","environmentVariables":{"FIREBASE_CONFIG":"{\"projectId\":\"campus-27dd9\",\"storageBucket\":\"campus-27dd9.firebasestorage.app\"}","GCLOUD_PROJECT":"campus-27dd9","EVENTARC_CLOUD_EVENT_SOURCE":"projects/campus-27dd9/locations/asia-southeast1/functions/campusDeviceSubmitEnrollment"},"runtime":"nodejs20","buildId":"73b65b9d-28af-40ad-b03d-24b5bc4f77e2","buildEnvironmentVariables":{"GOOGLE_NODE_RUN_SCRIPTS":""},"sourceToken":"670cb808-b4ab-4031-af36-058ae0b444a7","buildName":"projects/824074040304/locations/asia-southeast1/builds/73b65b9d-28af-40ad-b03d-24b5bc4f77e2","dockerRegistry":"ARTIFACT_REGISTRY","automaticUpdatePolicy":{},"buildServiceAccount":"projects/campus-27dd9/serviceAccounts/824074040304-compute@developer.gserviceaccount.com"},"versionId":"2","updateTime":"2026-04-01T20:06:34Z","sourceToken":"670cb808-b4ab-4031-af36-058ae0b444a7"}}
[debug] [2026-04-01T20:06:35.571Z] Got source token 670cb808-b4ab-4031-af36-058ae0b444a7 for region asia-southeast1
[debug] [2026-04-01T20:06:35.587Z] <<< [apiv2][status] GET https://cloudfunctions.googleapis.com/v1/operations/Y2FtcHVzLTI3ZGQ5L2FzaWEtc291dGhlYXN0MS9jYW1wdXNEZXZpY2VDb25maXJtUGFpcmluZy9mZUttY3dENG1SSQ 200
[debug] [2026-04-01T20:06:35.587Z] <<< [apiv2][body] GET https://cloudfunctions.googleapis.com/v1/operations/Y2FtcHVzLTI3ZGQ5L2FzaWEtc291dGhlYXN0MS9jYW1wdXNEZXZpY2VDb25maXJtUGFpcmluZy9mZUttY3dENG1SSQ {"name":"operations/Y2FtcHVzLTI3ZGQ5L2FzaWEtc291dGhlYXN0MS9jYW1wdXNEZXZpY2VDb25maXJtUGFpcmluZy9mZUttY3dENG1SSQ","metadata":{"@type":"type.googleapis.com/google.cloud.functions.v1.OperationMetadataV1","target":"projects/campus-27dd9/locations/asia-southeast1/functions/campusDeviceConfirmPairing","type":"UPDATE_FUNCTION","request":{"@type":"type.googleapis.com/google.cloud.functions.v1.CloudFunction","name":"projects/campus-27dd9/locations/asia-southeast1/functions/campusDeviceConfirmPairing","httpsTrigger":{"url":"https://asia-southeast1-campus-27dd9.cloudfunctions.net/campusDeviceConfirmPairing","securityLevel":"SECURE_ALWAYS"},"status":"ACTIVE","entryPoint":"campusDeviceConfirmPairing","updateTime":"2026-04-01T20:03:42.793Z","versionId":"1","labels":{"deployment-tool":"cli-firebase","firebase-functions-codebase":"portable-device","firebase-functions-hash":"bb3755a4cdd460bb9cb3b79b7efde5e0203a1bf7"},"sourceUploadUrl":"https://storage.googleapis.com/uploads-1047370624808.asia-southeast1.cloudfunctions.appspot.com/114523c1-7a1c-4a41-9e44-ad3850135e47.zip?GoogleAccessId=service-824074040304@gcf-admin-robot.iam.gserviceaccount.com&Expires=1775075725&Signature=ut3PfPlxFmJHthp7pLRvQqXoUyfo0kHTFoJakLTlEW7A8hqome15KHZQ9lO431VTKOfCSaJKV%2BLgfLLCXSkZHYfm5txRpf5opmSjI9TdukHQJrAO6AQVbyHLm%2BpnUm8nLC3o9u%2BT%2BssQSkeVfxtda80%2FdmQ%2B3QG5PvCu8wgmeAsW6c7RnuNWjNlJnxhNSgTUt%2FAN1N%2BhQU9%2Fw42jLmzzTGuVkqpqE%2BVZo8kwqdqS7EXe0rsIELuAjJwyNE3Jzb7Qp%2FlwSBRMXUj7gMEJOKulOLPf1ODt9a5QsJNPodpTfpF6ca5BnTysYy%2F9KPaUWQmo6g57kJoFAtf1TqIDV9Kp7w%3D%3D","environmentVariables":{"FIREBASE_CONFIG":"{\"projectId\":\"campus-27dd9\",\"storageBucket\":\"campus-27dd9.firebasestorage.app\"}","GCLOUD_PROJECT":"campus-27dd9","EVENTARC_CLOUD_EVENT_SOURCE":"projects/campus-27dd9/locations/asia-southeast1/functions/campusDeviceConfirmPairing"},"runtime":"nodejs20","buildId":"73b65b9d-28af-40ad-b03d-24b5bc4f77e2","buildEnvironmentVariables":{"GOOGLE_NODE_RUN_SCRIPTS":""},"sourceToken":"670cb808-b4ab-4031-af36-058ae0b444a7","buildName":"projects/824074040304/locations/asia-southeast1/builds/73b65b9d-28af-40ad-b03d-24b5bc4f77e2","dockerRegistry":"ARTIFACT_REGISTRY","automaticUpdatePolicy":{},"buildServiceAccount":"projects/campus-27dd9/serviceAccounts/824074040304-compute@developer.gserviceaccount.com"},"versionId":"2","updateTime":"2026-04-01T20:06:34Z","sourceToken":"670cb808-b4ab-4031-af36-058ae0b444a7"}}
[debug] [2026-04-01T20:06:35.587Z] Got source token 670cb808-b4ab-4031-af36-058ae0b444a7 for region asia-southeast1
[debug] [2026-04-01T20:06:35.680Z] <<< [apiv2][status] GET https://cloudfunctions.googleapis.com/v1/operations/Y2FtcHVzLTI3ZGQ5L2FzaWEtc291dGhlYXN0MS9jYW1wdXNEZXZpY2VQZW5kaW5nRW5yb2xsbWVudHMvS1NLMl9xRkpDc1k 200
[debug] [2026-04-01T20:06:35.680Z] <<< [apiv2][body] GET https://cloudfunctions.googleapis.com/v1/operations/Y2FtcHVzLTI3ZGQ5L2FzaWEtc291dGhlYXN0MS9jYW1wdXNEZXZpY2VQZW5kaW5nRW5yb2xsbWVudHMvS1NLMl9xRkpDc1k {"name":"operations/Y2FtcHVzLTI3ZGQ5L2FzaWEtc291dGhlYXN0MS9jYW1wdXNEZXZpY2VQZW5kaW5nRW5yb2xsbWVudHMvS1NLMl9xRkpDc1k","metadata":{"@type":"type.googleapis.com/google.cloud.functions.v1.OperationMetadataV1","target":"projects/campus-27dd9/locations/asia-southeast1/functions/campusDevicePendingEnrollments","type":"UPDATE_FUNCTION","request":{"@type":"type.googleapis.com/google.cloud.functions.v1.CloudFunction","name":"projects/campus-27dd9/locations/asia-southeast1/functions/campusDevicePendingEnrollments","httpsTrigger":{"url":"https://asia-southeast1-campus-27dd9.cloudfunctions.net/campusDevicePendingEnrollments","securityLevel":"SECURE_ALWAYS"},"status":"ACTIVE","entryPoint":"campusDevicePendingEnrollments","updateTime":"2026-04-01T20:03:42.832Z","versionId":"1","labels":{"deployment-tool":"cli-firebase","firebase-functions-codebase":"portable-device","firebase-functions-hash":"bb3755a4cdd460bb9cb3b79b7efde5e0203a1bf7"},"sourceUploadUrl":"https://storage.googleapis.com/uploads-1047370624808.asia-southeast1.cloudfunctions.appspot.com/114523c1-7a1c-4a41-9e44-ad3850135e47.zip?GoogleAccessId=service-824074040304@gcf-admin-robot.iam.gserviceaccount.com&Expires=1775075725&Signature=ut3PfPlxFmJHthp7pLRvQqXoUyfo0kHTFoJakLTlEW7A8hqome15KHZQ9lO431VTKOfCSaJKV%2BLgfLLCXSkZHYfm5txRpf5opmSjI9TdukHQJrAO6AQVbyHLm%2BpnUm8nLC3o9u%2BT%2BssQSkeVfxtda80%2FdmQ%2B3QG5PvCu8wgmeAsW6c7RnuNWjNlJnxhNSgTUt%2FAN1N%2BhQU9%2Fw42jLmzzTGuVkqpqE%2BVZo8kwqdqS7EXe0rsIELuAjJwyNE3Jzb7Qp%2FlwSBRMXUj7gMEJOKulOLPf1ODt9a5QsJNPodpTfpF6ca5BnTysYy%2F9KPaUWQmo6g57kJoFAtf1TqIDV9Kp7w%3D%3D","environmentVariables":{"FIREBASE_CONFIG":"{\"projectId\":\"campus-27dd9\",\"storageBucket\":\"campus-27dd9.firebasestorage.app\"}","GCLOUD_PROJECT":"campus-27dd9","EVENTARC_CLOUD_EVENT_SOURCE":"projects/campus-27dd9/locations/asia-southeast1/functions/campusDevicePendingEnrollments"},"runtime":"nodejs20","buildId":"73b65b9d-28af-40ad-b03d-24b5bc4f77e2","buildEnvironmentVariables":{"GOOGLE_NODE_RUN_SCRIPTS":""},"sourceToken":"670cb808-b4ab-4031-af36-058ae0b444a7","buildName":"projects/824074040304/locations/asia-southeast1/builds/73b65b9d-28af-40ad-b03d-24b5bc4f77e2","dockerRegistry":"ARTIFACT_REGISTRY","automaticUpdatePolicy":{},"buildServiceAccount":"projects/campus-27dd9/serviceAccounts/824074040304-compute@developer.gserviceaccount.com"},"versionId":"2","updateTime":"2026-04-01T20:06:34Z","sourceToken":"670cb808-b4ab-4031-af36-058ae0b444a7"}}
[debug] [2026-04-01T20:06:35.680Z] Got source token 670cb808-b4ab-4031-af36-058ae0b444a7 for region asia-southeast1
[debug] [2026-04-01T20:06:36.069Z] [update-portable-device-asia-southeast1-campusDeviceSyncAttendance] Retrying task index 0
[debug] [2026-04-01T20:06:36.069Z] Checked if tokens are valid: true, expires at: 1775076260943
[debug] [2026-04-01T20:06:36.070Z] Checked if tokens are valid: true, expires at: 1775076260943
[debug] [2026-04-01T20:06:36.070Z] >>> [apiv2][query] GET https://cloudfunctions.googleapis.com/v1/operations/Y2FtcHVzLTI3ZGQ5L2FzaWEtc291dGhlYXN0MS9jYW1wdXNEZXZpY2VTeW5jQXR0ZW5kYW5jZS9ubU4xVFg4eWJFVQ [none]
[debug] [2026-04-01T20:06:36.085Z] [update-portable-device-asia-southeast1-campusDeviceSubmitEnrollment] Retrying task index 0
[debug] [2026-04-01T20:06:36.085Z] Checked if tokens are valid: true, expires at: 1775076260943
[debug] [2026-04-01T20:06:36.085Z] Checked if tokens are valid: true, expires at: 1775076260943
[debug] [2026-04-01T20:06:36.086Z] >>> [apiv2][query] GET https://cloudfunctions.googleapis.com/v1/operations/Y2FtcHVzLTI3ZGQ5L2FzaWEtc291dGhlYXN0MS9jYW1wdXNEZXZpY2VTdWJtaXRFbnJvbGxtZW50L2VTX0ZOUWp4RmVr [none]
[debug] [2026-04-01T20:06:36.101Z] [update-portable-device-asia-southeast1-campusDeviceConfirmPairing] Retrying task index 0
[debug] [2026-04-01T20:06:36.101Z] Checked if tokens are valid: true, expires at: 1775076260943
[debug] [2026-04-01T20:06:36.101Z] Checked if tokens are valid: true, expires at: 1775076260943
[debug] [2026-04-01T20:06:36.101Z] >>> [apiv2][query] GET https://cloudfunctions.googleapis.com/v1/operations/Y2FtcHVzLTI3ZGQ5L2FzaWEtc291dGhlYXN0MS9jYW1wdXNEZXZpY2VDb25maXJtUGFpcmluZy9mZUttY3dENG1SSQ [none]
[debug] [2026-04-01T20:06:36.195Z] [update-portable-device-asia-southeast1-campusDevicePendingEnrollments] Retrying task index 0
[debug] [2026-04-01T20:06:36.196Z] Checked if tokens are valid: true, expires at: 1775076260943
[debug] [2026-04-01T20:06:36.196Z] Checked if tokens are valid: true, expires at: 1775076260943
[debug] [2026-04-01T20:06:36.196Z] >>> [apiv2][query] GET https://cloudfunctions.googleapis.com/v1/operations/Y2FtcHVzLTI3ZGQ5L2FzaWEtc291dGhlYXN0MS9jYW1wdXNEZXZpY2VQZW5kaW5nRW5yb2xsbWVudHMvS1NLMl9xRkpDc1k [none]
[debug] [2026-04-01T20:06:37.042Z] <<< [apiv2][status] GET https://cloudfunctions.googleapis.com/v1/operations/Y2FtcHVzLTI3ZGQ5L2FzaWEtc291dGhlYXN0MS9jYW1wdXNEZXZpY2VTeW5jQXR0ZW5kYW5jZS9ubU4xVFg4eWJFVQ 200
[debug] [2026-04-01T20:06:37.042Z] <<< [apiv2][body] GET https://cloudfunctions.googleapis.com/v1/operations/Y2FtcHVzLTI3ZGQ5L2FzaWEtc291dGhlYXN0MS9jYW1wdXNEZXZpY2VTeW5jQXR0ZW5kYW5jZS9ubU4xVFg4eWJFVQ {"name":"operations/Y2FtcHVzLTI3ZGQ5L2FzaWEtc291dGhlYXN0MS9jYW1wdXNEZXZpY2VTeW5jQXR0ZW5kYW5jZS9ubU4xVFg4eWJFVQ","metadata":{"@type":"type.googleapis.com/google.cloud.functions.v1.OperationMetadataV1","target":"projects/campus-27dd9/locations/asia-southeast1/functions/campusDeviceSyncAttendance","type":"UPDATE_FUNCTION","request":{"@type":"type.googleapis.com/google.cloud.functions.v1.CloudFunction","name":"projects/campus-27dd9/locations/asia-southeast1/functions/campusDeviceSyncAttendance","httpsTrigger":{"url":"https://asia-southeast1-campus-27dd9.cloudfunctions.net/campusDeviceSyncAttendance","securityLevel":"SECURE_ALWAYS"},"status":"ACTIVE","entryPoint":"campusDeviceSyncAttendance","updateTime":"2026-04-01T20:03:43.505Z","versionId":"1","labels":{"deployment-tool":"cli-firebase","firebase-functions-codebase":"portable-device","firebase-functions-hash":"bb3755a4cdd460bb9cb3b79b7efde5e0203a1bf7"},"sourceUploadUrl":"https://storage.googleapis.com/uploads-1047370624808.asia-southeast1.cloudfunctions.appspot.com/114523c1-7a1c-4a41-9e44-ad3850135e47.zip?GoogleAccessId=service-824074040304@gcf-admin-robot.iam.gserviceaccount.com&Expires=1775075725&Signature=ut3PfPlxFmJHthp7pLRvQqXoUyfo0kHTFoJakLTlEW7A8hqome15KHZQ9lO431VTKOfCSaJKV%2BLgfLLCXSkZHYfm5txRpf5opmSjI9TdukHQJrAO6AQVbyHLm%2BpnUm8nLC3o9u%2BT%2BssQSkeVfxtda80%2FdmQ%2B3QG5PvCu8wgmeAsW6c7RnuNWjNlJnxhNSgTUt%2FAN1N%2BhQU9%2Fw42jLmzzTGuVkqpqE%2BVZo8kwqdqS7EXe0rsIELuAjJwyNE3Jzb7Qp%2FlwSBRMXUj7gMEJOKulOLPf1ODt9a5QsJNPodpTfpF6ca5BnTysYy%2F9KPaUWQmo6g57kJoFAtf1TqIDV9Kp7w%3D%3D","environmentVariables":{"FIREBASE_CONFIG":"{\"projectId\":\"campus-27dd9\",\"storageBucket\":\"campus-27dd9.firebasestorage.app\"}","GCLOUD_PROJECT":"campus-27dd9","EVENTARC_CLOUD_EVENT_SOURCE":"projects/campus-27dd9/locations/asia-southeast1/functions/campusDeviceSyncAttendance"},"runtime":"nodejs20","buildId":"73b65b9d-28af-40ad-b03d-24b5bc4f77e2","buildEnvironmentVariables":{"GOOGLE_NODE_RUN_SCRIPTS":""},"sourceToken":"670cb808-b4ab-4031-af36-058ae0b444a7","buildName":"projects/824074040304/locations/asia-southeast1/builds/73b65b9d-28af-40ad-b03d-24b5bc4f77e2","dockerRegistry":"ARTIFACT_REGISTRY","automaticUpdatePolicy":{},"buildServiceAccount":"projects/campus-27dd9/serviceAccounts/824074040304-compute@developer.gserviceaccount.com"},"versionId":"2","updateTime":"2026-04-01T20:06:35Z","buildId":"8ff36d54-3de4-4d57-9b3c-abb2d6cca775","sourceToken":"670cb808-b4ab-4031-af36-058ae0b444a7","buildName":"projects/824074040304/locations/asia-southeast1/builds/8ff36d54-3de4-4d57-9b3c-abb2d6cca775"}}
[debug] [2026-04-01T20:06:37.042Z] Got source token 670cb808-b4ab-4031-af36-058ae0b444a7 for region asia-southeast1
[debug] [2026-04-01T20:06:37.062Z] <<< [apiv2][status] GET https://cloudfunctions.googleapis.com/v1/operations/Y2FtcHVzLTI3ZGQ5L2FzaWEtc291dGhlYXN0MS9jYW1wdXNEZXZpY2VTdWJtaXRFbnJvbGxtZW50L2VTX0ZOUWp4RmVr 200
[debug] [2026-04-01T20:06:37.062Z] <<< [apiv2][body] GET https://cloudfunctions.googleapis.com/v1/operations/Y2FtcHVzLTI3ZGQ5L2FzaWEtc291dGhlYXN0MS9jYW1wdXNEZXZpY2VTdWJtaXRFbnJvbGxtZW50L2VTX0ZOUWp4RmVr {"name":"operations/Y2FtcHVzLTI3ZGQ5L2FzaWEtc291dGhlYXN0MS9jYW1wdXNEZXZpY2VTdWJtaXRFbnJvbGxtZW50L2VTX0ZOUWp4RmVr","metadata":{"@type":"type.googleapis.com/google.cloud.functions.v1.OperationMetadataV1","target":"projects/campus-27dd9/locations/asia-southeast1/functions/campusDeviceSubmitEnrollment","type":"UPDATE_FUNCTION","request":{"@type":"type.googleapis.com/google.cloud.functions.v1.CloudFunction","name":"projects/campus-27dd9/locations/asia-southeast1/functions/campusDeviceSubmitEnrollment","httpsTrigger":{"url":"https://asia-southeast1-campus-27dd9.cloudfunctions.net/campusDeviceSubmitEnrollment","securityLevel":"SECURE_ALWAYS"},"status":"ACTIVE","entryPoint":"campusDeviceSubmitEnrollment","updateTime":"2026-04-01T20:03:44.503Z","versionId":"1","labels":{"deployment-tool":"cli-firebase","firebase-functions-codebase":"portable-device","firebase-functions-hash":"bb3755a4cdd460bb9cb3b79b7efde5e0203a1bf7"},"sourceUploadUrl":"https://storage.googleapis.com/uploads-1047370624808.asia-southeast1.cloudfunctions.appspot.com/114523c1-7a1c-4a41-9e44-ad3850135e47.zip?GoogleAccessId=service-824074040304@gcf-admin-robot.iam.gserviceaccount.com&Expires=1775075725&Signature=ut3PfPlxFmJHthp7pLRvQqXoUyfo0kHTFoJakLTlEW7A8hqome15KHZQ9lO431VTKOfCSaJKV%2BLgfLLCXSkZHYfm5txRpf5opmSjI9TdukHQJrAO6AQVbyHLm%2BpnUm8nLC3o9u%2BT%2BssQSkeVfxtda80%2FdmQ%2B3QG5PvCu8wgmeAsW6c7RnuNWjNlJnxhNSgTUt%2FAN1N%2BhQU9%2Fw42jLmzzTGuVkqpqE%2BVZo8kwqdqS7EXe0rsIELuAjJwyNE3Jzb7Qp%2FlwSBRMXUj7gMEJOKulOLPf1ODt9a5QsJNPodpTfpF6ca5BnTysYy%2F9KPaUWQmo6g57kJoFAtf1TqIDV9Kp7w%3D%3D","environmentVariables":{"FIREBASE_CONFIG":"{\"projectId\":\"campus-27dd9\",\"storageBucket\":\"campus-27dd9.firebasestorage.app\"}","GCLOUD_PROJECT":"campus-27dd9","EVENTARC_CLOUD_EVENT_SOURCE":"projects/campus-27dd9/locations/asia-southeast1/functions/campusDeviceSubmitEnrollment"},"runtime":"nodejs20","buildId":"73b65b9d-28af-40ad-b03d-24b5bc4f77e2","buildEnvironmentVariables":{"GOOGLE_NODE_RUN_SCRIPTS":""},"sourceToken":"670cb808-b4ab-4031-af36-058ae0b444a7","buildName":"projects/824074040304/locations/asia-southeast1/builds/73b65b9d-28af-40ad-b03d-24b5bc4f77e2","dockerRegistry":"ARTIFACT_REGISTRY","automaticUpdatePolicy":{},"buildServiceAccount":"projects/campus-27dd9/serviceAccounts/824074040304-compute@developer.gserviceaccount.com"},"versionId":"2","updateTime":"2026-04-01T20:06:36Z","buildId":"8ff36d54-3de4-4d57-9b3c-abb2d6cca775","sourceToken":"670cb808-b4ab-4031-af36-058ae0b444a7","buildName":"projects/824074040304/locations/asia-southeast1/builds/8ff36d54-3de4-4d57-9b3c-abb2d6cca775"}}
[debug] [2026-04-01T20:06:37.062Z] Got source token 670cb808-b4ab-4031-af36-058ae0b444a7 for region asia-southeast1
[debug] [2026-04-01T20:06:37.091Z] <<< [apiv2][status] GET https://cloudfunctions.googleapis.com/v1/operations/Y2FtcHVzLTI3ZGQ5L2FzaWEtc291dGhlYXN0MS9jYW1wdXNEZXZpY2VDb25maXJtUGFpcmluZy9mZUttY3dENG1SSQ 200
[debug] [2026-04-01T20:06:37.091Z] <<< [apiv2][body] GET https://cloudfunctions.googleapis.com/v1/operations/Y2FtcHVzLTI3ZGQ5L2FzaWEtc291dGhlYXN0MS9jYW1wdXNEZXZpY2VDb25maXJtUGFpcmluZy9mZUttY3dENG1SSQ {"name":"operations/Y2FtcHVzLTI3ZGQ5L2FzaWEtc291dGhlYXN0MS9jYW1wdXNEZXZpY2VDb25maXJtUGFpcmluZy9mZUttY3dENG1SSQ","metadata":{"@type":"type.googleapis.com/google.cloud.functions.v1.OperationMetadataV1","target":"projects/campus-27dd9/locations/asia-southeast1/functions/campusDeviceConfirmPairing","type":"UPDATE_FUNCTION","request":{"@type":"type.googleapis.com/google.cloud.functions.v1.CloudFunction","name":"projects/campus-27dd9/locations/asia-southeast1/functions/campusDeviceConfirmPairing","httpsTrigger":{"url":"https://asia-southeast1-campus-27dd9.cloudfunctions.net/campusDeviceConfirmPairing","securityLevel":"SECURE_ALWAYS"},"status":"ACTIVE","entryPoint":"campusDeviceConfirmPairing","updateTime":"2026-04-01T20:03:42.793Z","versionId":"1","labels":{"deployment-tool":"cli-firebase","firebase-functions-codebase":"portable-device","firebase-functions-hash":"bb3755a4cdd460bb9cb3b79b7efde5e0203a1bf7"},"sourceUploadUrl":"https://storage.googleapis.com/uploads-1047370624808.asia-southeast1.cloudfunctions.appspot.com/114523c1-7a1c-4a41-9e44-ad3850135e47.zip?GoogleAccessId=service-824074040304@gcf-admin-robot.iam.gserviceaccount.com&Expires=1775075725&Signature=ut3PfPlxFmJHthp7pLRvQqXoUyfo0kHTFoJakLTlEW7A8hqome15KHZQ9lO431VTKOfCSaJKV%2BLgfLLCXSkZHYfm5txRpf5opmSjI9TdukHQJrAO6AQVbyHLm%2BpnUm8nLC3o9u%2BT%2BssQSkeVfxtda80%2FdmQ%2B3QG5PvCu8wgmeAsW6c7RnuNWjNlJnxhNSgTUt%2FAN1N%2BhQU9%2Fw42jLmzzTGuVkqpqE%2BVZo8kwqdqS7EXe0rsIELuAjJwyNE3Jzb7Qp%2FlwSBRMXUj7gMEJOKulOLPf1ODt9a5QsJNPodpTfpF6ca5BnTysYy%2F9KPaUWQmo6g57kJoFAtf1TqIDV9Kp7w%3D%3D","environmentVariables":{"FIREBASE_CONFIG":"{\"projectId\":\"campus-27dd9\",\"storageBucket\":\"campus-27dd9.firebasestorage.app\"}","GCLOUD_PROJECT":"campus-27dd9","EVENTARC_CLOUD_EVENT_SOURCE":"projects/campus-27dd9/locations/asia-southeast1/functions/campusDeviceConfirmPairing"},"runtime":"nodejs20","buildId":"73b65b9d-28af-40ad-b03d-24b5bc4f77e2","buildEnvironmentVariables":{"GOOGLE_NODE_RUN_SCRIPTS":""},"sourceToken":"670cb808-b4ab-4031-af36-058ae0b444a7","buildName":"projects/824074040304/locations/asia-southeast1/builds/73b65b9d-28af-40ad-b03d-24b5bc4f77e2","dockerRegistry":"ARTIFACT_REGISTRY","automaticUpdatePolicy":{},"buildServiceAccount":"projects/campus-27dd9/serviceAccounts/824074040304-compute@developer.gserviceaccount.com"},"versionId":"2","updateTime":"2026-04-01T20:06:35Z","buildId":"8ff36d54-3de4-4d57-9b3c-abb2d6cca775","sourceToken":"670cb808-b4ab-4031-af36-058ae0b444a7","buildName":"projects/824074040304/locations/asia-southeast1/builds/8ff36d54-3de4-4d57-9b3c-abb2d6cca775"}}
[debug] [2026-04-01T20:06:37.091Z] Got source token 670cb808-b4ab-4031-af36-058ae0b444a7 for region asia-southeast1
[debug] [2026-04-01T20:06:37.169Z] <<< [apiv2][status] GET https://cloudfunctions.googleapis.com/v1/operations/Y2FtcHVzLTI3ZGQ5L2FzaWEtc291dGhlYXN0MS9jYW1wdXNEZXZpY2VQZW5kaW5nRW5yb2xsbWVudHMvS1NLMl9xRkpDc1k 200
[debug] [2026-04-01T20:06:37.169Z] <<< [apiv2][body] GET https://cloudfunctions.googleapis.com/v1/operations/Y2FtcHVzLTI3ZGQ5L2FzaWEtc291dGhlYXN0MS9jYW1wdXNEZXZpY2VQZW5kaW5nRW5yb2xsbWVudHMvS1NLMl9xRkpDc1k {"name":"operations/Y2FtcHVzLTI3ZGQ5L2FzaWEtc291dGhlYXN0MS9jYW1wdXNEZXZpY2VQZW5kaW5nRW5yb2xsbWVudHMvS1NLMl9xRkpDc1k","metadata":{"@type":"type.googleapis.com/google.cloud.functions.v1.OperationMetadataV1","target":"projects/campus-27dd9/locations/asia-southeast1/functions/campusDevicePendingEnrollments","type":"UPDATE_FUNCTION","request":{"@type":"type.googleapis.com/google.cloud.functions.v1.CloudFunction","name":"projects/campus-27dd9/locations/asia-southeast1/functions/campusDevicePendingEnrollments","httpsTrigger":{"url":"https://asia-southeast1-campus-27dd9.cloudfunctions.net/campusDevicePendingEnrollments","securityLevel":"SECURE_ALWAYS"},"status":"ACTIVE","entryPoint":"campusDevicePendingEnrollments","updateTime":"2026-04-01T20:03:42.832Z","versionId":"1","labels":{"deployment-tool":"cli-firebase","firebase-functions-codebase":"portable-device","firebase-functions-hash":"bb3755a4cdd460bb9cb3b79b7efde5e0203a1bf7"},"sourceUploadUrl":"https://storage.googleapis.com/uploads-1047370624808.asia-southeast1.cloudfunctions.appspot.com/114523c1-7a1c-4a41-9e44-ad3850135e47.zip?GoogleAccessId=service-824074040304@gcf-admin-robot.iam.gserviceaccount.com&Expires=1775075725&Signature=ut3PfPlxFmJHthp7pLRvQqXoUyfo0kHTFoJakLTlEW7A8hqome15KHZQ9lO431VTKOfCSaJKV%2BLgfLLCXSkZHYfm5txRpf5opmSjI9TdukHQJrAO6AQVbyHLm%2BpnUm8nLC3o9u%2BT%2BssQSkeVfxtda80%2FdmQ%2B3QG5PvCu8wgmeAsW6c7RnuNWjNlJnxhNSgTUt%2FAN1N%2BhQU9%2Fw42jLmzzTGuVkqpqE%2BVZo8kwqdqS7EXe0rsIELuAjJwyNE3Jzb7Qp%2FlwSBRMXUj7gMEJOKulOLPf1ODt9a5QsJNPodpTfpF6ca5BnTysYy%2F9KPaUWQmo6g57kJoFAtf1TqIDV9Kp7w%3D%3D","environmentVariables":{"FIREBASE_CONFIG":"{\"projectId\":\"campus-27dd9\",\"storageBucket\":\"campus-27dd9.firebasestorage.app\"}","GCLOUD_PROJECT":"campus-27dd9","EVENTARC_CLOUD_EVENT_SOURCE":"projects/campus-27dd9/locations/asia-southeast1/functions/campusDevicePendingEnrollments"},"runtime":"nodejs20","buildId":"73b65b9d-28af-40ad-b03d-24b5bc4f77e2","buildEnvironmentVariables":{"GOOGLE_NODE_RUN_SCRIPTS":""},"sourceToken":"670cb808-b4ab-4031-af36-058ae0b444a7","buildName":"projects/824074040304/locations/asia-southeast1/builds/73b65b9d-28af-40ad-b03d-24b5bc4f77e2","dockerRegistry":"ARTIFACT_REGISTRY","automaticUpdatePolicy":{},"buildServiceAccount":"projects/campus-27dd9/serviceAccounts/824074040304-compute@developer.gserviceaccount.com"},"versionId":"2","updateTime":"2026-04-01T20:06:35Z","buildId":"8ff36d54-3de4-4d57-9b3c-abb2d6cca775","sourceToken":"670cb808-b4ab-4031-af36-058ae0b444a7","buildName":"projects/824074040304/locations/asia-southeast1/builds/8ff36d54-3de4-4d57-9b3c-abb2d6cca775"}}
[debug] [2026-04-01T20:06:37.169Z] Got source token 670cb808-b4ab-4031-af36-058ae0b444a7 for region asia-southeast1
[debug] [2026-04-01T20:06:38.045Z] [update-portable-device-asia-southeast1-campusDeviceSyncAttendance] Retrying task index 0
[debug] [2026-04-01T20:06:38.045Z] Checked if tokens are valid: true, expires at: 1775076260943
[debug] [2026-04-01T20:06:38.046Z] Checked if tokens are valid: true, expires at: 1775076260943
[debug] [2026-04-01T20:06:38.046Z] >>> [apiv2][query] GET https://cloudfunctions.googleapis.com/v1/operations/Y2FtcHVzLTI3ZGQ5L2FzaWEtc291dGhlYXN0MS9jYW1wdXNEZXZpY2VTeW5jQXR0ZW5kYW5jZS9ubU4xVFg4eWJFVQ [none]
[debug] [2026-04-01T20:06:38.076Z] [update-portable-device-asia-southeast1-campusDeviceSubmitEnrollment] Retrying task index 0
[debug] [2026-04-01T20:06:38.076Z] Checked if tokens are valid: true, expires at: 1775076260943
[debug] [2026-04-01T20:06:38.076Z] Checked if tokens are valid: true, expires at: 1775076260943
[debug] [2026-04-01T20:06:38.076Z] >>> [apiv2][query] GET https://cloudfunctions.googleapis.com/v1/operations/Y2FtcHVzLTI3ZGQ5L2FzaWEtc291dGhlYXN0MS9jYW1wdXNEZXZpY2VTdWJtaXRFbnJvbGxtZW50L2VTX0ZOUWp4RmVr [none]
[debug] [2026-04-01T20:06:38.091Z] [update-portable-device-asia-southeast1-campusDeviceConfirmPairing] Retrying task index 0
[debug] [2026-04-01T20:06:38.091Z] Checked if tokens are valid: true, expires at: 1775076260943
[debug] [2026-04-01T20:06:38.092Z] Checked if tokens are valid: true, expires at: 1775076260943
[debug] [2026-04-01T20:06:38.092Z] >>> [apiv2][query] GET https://cloudfunctions.googleapis.com/v1/operations/Y2FtcHVzLTI3ZGQ5L2FzaWEtc291dGhlYXN0MS9jYW1wdXNEZXZpY2VDb25maXJtUGFpcmluZy9mZUttY3dENG1SSQ [none]
[debug] [2026-04-01T20:06:38.183Z] [update-portable-device-asia-southeast1-campusDevicePendingEnrollments] Retrying task index 0
[debug] [2026-04-01T20:06:38.184Z] Checked if tokens are valid: true, expires at: 1775076260943
[debug] [2026-04-01T20:06:38.184Z] Checked if tokens are valid: true, expires at: 1775076260943
[debug] [2026-04-01T20:06:38.184Z] >>> [apiv2][query] GET https://cloudfunctions.googleapis.com/v1/operations/Y2FtcHVzLTI3ZGQ5L2FzaWEtc291dGhlYXN0MS9jYW1wdXNEZXZpY2VQZW5kaW5nRW5yb2xsbWVudHMvS1NLMl9xRkpDc1k [none]
[debug] [2026-04-01T20:06:39.019Z] <<< [apiv2][status] GET https://cloudfunctions.googleapis.com/v1/operations/Y2FtcHVzLTI3ZGQ5L2FzaWEtc291dGhlYXN0MS9jYW1wdXNEZXZpY2VQZW5kaW5nRW5yb2xsbWVudHMvS1NLMl9xRkpDc1k 200
[debug] [2026-04-01T20:06:39.020Z] <<< [apiv2][body] GET https://cloudfunctions.googleapis.com/v1/operations/Y2FtcHVzLTI3ZGQ5L2FzaWEtc291dGhlYXN0MS9jYW1wdXNEZXZpY2VQZW5kaW5nRW5yb2xsbWVudHMvS1NLMl9xRkpDc1k {"name":"operations/Y2FtcHVzLTI3ZGQ5L2FzaWEtc291dGhlYXN0MS9jYW1wdXNEZXZpY2VQZW5kaW5nRW5yb2xsbWVudHMvS1NLMl9xRkpDc1k","metadata":{"@type":"type.googleapis.com/google.cloud.functions.v1.OperationMetadataV1","target":"projects/campus-27dd9/locations/asia-southeast1/functions/campusDevicePendingEnrollments","type":"UPDATE_FUNCTION","request":{"@type":"type.googleapis.com/google.cloud.functions.v1.CloudFunction","name":"projects/campus-27dd9/locations/asia-southeast1/functions/campusDevicePendingEnrollments","httpsTrigger":{"url":"https://asia-southeast1-campus-27dd9.cloudfunctions.net/campusDevicePendingEnrollments","securityLevel":"SECURE_ALWAYS"},"status":"ACTIVE","entryPoint":"campusDevicePendingEnrollments","updateTime":"2026-04-01T20:03:42.832Z","versionId":"1","labels":{"deployment-tool":"cli-firebase","firebase-functions-codebase":"portable-device","firebase-functions-hash":"bb3755a4cdd460bb9cb3b79b7efde5e0203a1bf7"},"sourceUploadUrl":"https://storage.googleapis.com/uploads-1047370624808.asia-southeast1.cloudfunctions.appspot.com/114523c1-7a1c-4a41-9e44-ad3850135e47.zip?GoogleAccessId=service-824074040304@gcf-admin-robot.iam.gserviceaccount.com&Expires=1775075725&Signature=ut3PfPlxFmJHthp7pLRvQqXoUyfo0kHTFoJakLTlEW7A8hqome15KHZQ9lO431VTKOfCSaJKV%2BLgfLLCXSkZHYfm5txRpf5opmSjI9TdukHQJrAO6AQVbyHLm%2BpnUm8nLC3o9u%2BT%2BssQSkeVfxtda80%2FdmQ%2B3QG5PvCu8wgmeAsW6c7RnuNWjNlJnxhNSgTUt%2FAN1N%2BhQU9%2Fw42jLmzzTGuVkqpqE%2BVZo8kwqdqS7EXe0rsIELuAjJwyNE3Jzb7Qp%2FlwSBRMXUj7gMEJOKulOLPf1ODt9a5QsJNPodpTfpF6ca5BnTysYy%2F9KPaUWQmo6g57kJoFAtf1TqIDV9Kp7w%3D%3D","environmentVariables":{"FIREBASE_CONFIG":"{\"projectId\":\"campus-27dd9\",\"storageBucket\":\"campus-27dd9.firebasestorage.app\"}","GCLOUD_PROJECT":"campus-27dd9","EVENTARC_CLOUD_EVENT_SOURCE":"projects/campus-27dd9/locations/asia-southeast1/functions/campusDevicePendingEnrollments"},"runtime":"nodejs20","buildId":"73b65b9d-28af-40ad-b03d-24b5bc4f77e2","buildEnvironmentVariables":{"GOOGLE_NODE_RUN_SCRIPTS":""},"sourceToken":"670cb808-b4ab-4031-af36-058ae0b444a7","buildName":"projects/824074040304/locations/asia-southeast1/builds/73b65b9d-28af-40ad-b03d-24b5bc4f77e2","dockerRegistry":"ARTIFACT_REGISTRY","automaticUpdatePolicy":{},"buildServiceAccount":"projects/campus-27dd9/serviceAccounts/824074040304-compute@developer.gserviceaccount.com"},"versionId":"2","updateTime":"2026-04-01T20:06:35Z","buildId":"8ff36d54-3de4-4d57-9b3c-abb2d6cca775","sourceToken":"670cb808-b4ab-4031-af36-058ae0b444a7","buildName":"projects/824074040304/locations/asia-southeast1/builds/8ff36d54-3de4-4d57-9b3c-abb2d6cca775"}}
[debug] [2026-04-01T20:06:39.020Z] Got source token 670cb808-b4ab-4031-af36-058ae0b444a7 for region asia-southeast1
[debug] [2026-04-01T20:06:39.025Z] <<< [apiv2][status] GET https://cloudfunctions.googleapis.com/v1/operations/Y2FtcHVzLTI3ZGQ5L2FzaWEtc291dGhlYXN0MS9jYW1wdXNEZXZpY2VTeW5jQXR0ZW5kYW5jZS9ubU4xVFg4eWJFVQ 200
[debug] [2026-04-01T20:06:39.025Z] <<< [apiv2][body] GET https://cloudfunctions.googleapis.com/v1/operations/Y2FtcHVzLTI3ZGQ5L2FzaWEtc291dGhlYXN0MS9jYW1wdXNEZXZpY2VTeW5jQXR0ZW5kYW5jZS9ubU4xVFg4eWJFVQ {"name":"operations/Y2FtcHVzLTI3ZGQ5L2FzaWEtc291dGhlYXN0MS9jYW1wdXNEZXZpY2VTeW5jQXR0ZW5kYW5jZS9ubU4xVFg4eWJFVQ","metadata":{"@type":"type.googleapis.com/google.cloud.functions.v1.OperationMetadataV1","target":"projects/campus-27dd9/locations/asia-southeast1/functions/campusDeviceSyncAttendance","type":"UPDATE_FUNCTION","request":{"@type":"type.googleapis.com/google.cloud.functions.v1.CloudFunction","name":"projects/campus-27dd9/locations/asia-southeast1/functions/campusDeviceSyncAttendance","httpsTrigger":{"url":"https://asia-southeast1-campus-27dd9.cloudfunctions.net/campusDeviceSyncAttendance","securityLevel":"SECURE_ALWAYS"},"status":"ACTIVE","entryPoint":"campusDeviceSyncAttendance","updateTime":"2026-04-01T20:03:43.505Z","versionId":"1","labels":{"deployment-tool":"cli-firebase","firebase-functions-codebase":"portable-device","firebase-functions-hash":"bb3755a4cdd460bb9cb3b79b7efde5e0203a1bf7"},"sourceUploadUrl":"https://storage.googleapis.com/uploads-1047370624808.asia-southeast1.cloudfunctions.appspot.com/114523c1-7a1c-4a41-9e44-ad3850135e47.zip?GoogleAccessId=service-824074040304@gcf-admin-robot.iam.gserviceaccount.com&Expires=1775075725&Signature=ut3PfPlxFmJHthp7pLRvQqXoUyfo0kHTFoJakLTlEW7A8hqome15KHZQ9lO431VTKOfCSaJKV%2BLgfLLCXSkZHYfm5txRpf5opmSjI9TdukHQJrAO6AQVbyHLm%2BpnUm8nLC3o9u%2BT%2BssQSkeVfxtda80%2FdmQ%2B3QG5PvCu8wgmeAsW6c7RnuNWjNlJnxhNSgTUt%2FAN1N%2BhQU9%2Fw42jLmzzTGuVkqpqE%2BVZo8kwqdqS7EXe0rsIELuAjJwyNE3Jzb7Qp%2FlwSBRMXUj7gMEJOKulOLPf1ODt9a5QsJNPodpTfpF6ca5BnTysYy%2F9KPaUWQmo6g57kJoFAtf1TqIDV9Kp7w%3D%3D","environmentVariables":{"FIREBASE_CONFIG":"{\"projectId\":\"campus-27dd9\",\"storageBucket\":\"campus-27dd9.firebasestorage.app\"}","GCLOUD_PROJECT":"campus-27dd9","EVENTARC_CLOUD_EVENT_SOURCE":"projects/campus-27dd9/locations/asia-southeast1/functions/campusDeviceSyncAttendance"},"runtime":"nodejs20","buildId":"73b65b9d-28af-40ad-b03d-24b5bc4f77e2","buildEnvironmentVariables":{"GOOGLE_NODE_RUN_SCRIPTS":""},"sourceToken":"670cb808-b4ab-4031-af36-058ae0b444a7","buildName":"projects/824074040304/locations/asia-southeast1/builds/73b65b9d-28af-40ad-b03d-24b5bc4f77e2","dockerRegistry":"ARTIFACT_REGISTRY","automaticUpdatePolicy":{},"buildServiceAccount":"projects/campus-27dd9/serviceAccounts/824074040304-compute@developer.gserviceaccount.com"},"versionId":"2","updateTime":"2026-04-01T20:06:35Z","buildId":"8ff36d54-3de4-4d57-9b3c-abb2d6cca775","sourceToken":"670cb808-b4ab-4031-af36-058ae0b444a7","buildName":"projects/824074040304/locations/asia-southeast1/builds/8ff36d54-3de4-4d57-9b3c-abb2d6cca775"}}
[debug] [2026-04-01T20:06:39.025Z] Got source token 670cb808-b4ab-4031-af36-058ae0b444a7 for region asia-southeast1
[debug] [2026-04-01T20:06:39.042Z] <<< [apiv2][status] GET https://cloudfunctions.googleapis.com/v1/operations/Y2FtcHVzLTI3ZGQ5L2FzaWEtc291dGhlYXN0MS9jYW1wdXNEZXZpY2VTdWJtaXRFbnJvbGxtZW50L2VTX0ZOUWp4RmVr 200
[debug] [2026-04-01T20:06:39.042Z] <<< [apiv2][body] GET https://cloudfunctions.googleapis.com/v1/operations/Y2FtcHVzLTI3ZGQ5L2FzaWEtc291dGhlYXN0MS9jYW1wdXNEZXZpY2VTdWJtaXRFbnJvbGxtZW50L2VTX0ZOUWp4RmVr {"name":"operations/Y2FtcHVzLTI3ZGQ5L2FzaWEtc291dGhlYXN0MS9jYW1wdXNEZXZpY2VTdWJtaXRFbnJvbGxtZW50L2VTX0ZOUWp4RmVr","metadata":{"@type":"type.googleapis.com/google.cloud.functions.v1.OperationMetadataV1","target":"projects/campus-27dd9/locations/asia-southeast1/functions/campusDeviceSubmitEnrollment","type":"UPDATE_FUNCTION","request":{"@type":"type.googleapis.com/google.cloud.functions.v1.CloudFunction","name":"projects/campus-27dd9/locations/asia-southeast1/functions/campusDeviceSubmitEnrollment","httpsTrigger":{"url":"https://asia-southeast1-campus-27dd9.cloudfunctions.net/campusDeviceSubmitEnrollment","securityLevel":"SECURE_ALWAYS"},"status":"ACTIVE","entryPoint":"campusDeviceSubmitEnrollment","updateTime":"2026-04-01T20:03:44.503Z","versionId":"1","labels":{"deployment-tool":"cli-firebase","firebase-functions-codebase":"portable-device","firebase-functions-hash":"bb3755a4cdd460bb9cb3b79b7efde5e0203a1bf7"},"sourceUploadUrl":"https://storage.googleapis.com/uploads-1047370624808.asia-southeast1.cloudfunctions.appspot.com/114523c1-7a1c-4a41-9e44-ad3850135e47.zip?GoogleAccessId=service-824074040304@gcf-admin-robot.iam.gserviceaccount.com&Expires=1775075725&Signature=ut3PfPlxFmJHthp7pLRvQqXoUyfo0kHTFoJakLTlEW7A8hqome15KHZQ9lO431VTKOfCSaJKV%2BLgfLLCXSkZHYfm5txRpf5opmSjI9TdukHQJrAO6AQVbyHLm%2BpnUm8nLC3o9u%2BT%2BssQSkeVfxtda80%2FdmQ%2B3QG5PvCu8wgmeAsW6c7RnuNWjNlJnxhNSgTUt%2FAN1N%2BhQU9%2Fw42jLmzzTGuVkqpqE%2BVZo8kwqdqS7EXe0rsIELuAjJwyNE3Jzb7Qp%2FlwSBRMXUj7gMEJOKulOLPf1ODt9a5QsJNPodpTfpF6ca5BnTysYy%2F9KPaUWQmo6g57kJoFAtf1TqIDV9Kp7w%3D%3D","environmentVariables":{"FIREBASE_CONFIG":"{\"projectId\":\"campus-27dd9\",\"storageBucket\":\"campus-27dd9.firebasestorage.app\"}","GCLOUD_PROJECT":"campus-27dd9","EVENTARC_CLOUD_EVENT_SOURCE":"projects/campus-27dd9/locations/asia-southeast1/functions/campusDeviceSubmitEnrollment"},"runtime":"nodejs20","buildId":"73b65b9d-28af-40ad-b03d-24b5bc4f77e2","buildEnvironmentVariables":{"GOOGLE_NODE_RUN_SCRIPTS":""},"sourceToken":"670cb808-b4ab-4031-af36-058ae0b444a7","buildName":"projects/824074040304/locations/asia-southeast1/builds/73b65b9d-28af-40ad-b03d-24b5bc4f77e2","dockerRegistry":"ARTIFACT_REGISTRY","automaticUpdatePolicy":{},"buildServiceAccount":"projects/campus-27dd9/serviceAccounts/824074040304-compute@developer.gserviceaccount.com"},"versionId":"2","updateTime":"2026-04-01T20:06:36Z","buildId":"8ff36d54-3de4-4d57-9b3c-abb2d6cca775","sourceToken":"670cb808-b4ab-4031-af36-058ae0b444a7","buildName":"projects/824074040304/locations/asia-southeast1/builds/8ff36d54-3de4-4d57-9b3c-abb2d6cca775"}}
[debug] [2026-04-01T20:06:39.042Z] Got source token 670cb808-b4ab-4031-af36-058ae0b444a7 for region asia-southeast1
[debug] [2026-04-01T20:06:39.065Z] <<< [apiv2][status] GET https://cloudfunctions.googleapis.com/v1/operations/Y2FtcHVzLTI3ZGQ5L2FzaWEtc291dGhlYXN0MS9jYW1wdXNEZXZpY2VDb25maXJtUGFpcmluZy9mZUttY3dENG1SSQ 200
[debug] [2026-04-01T20:06:39.065Z] <<< [apiv2][body] GET https://cloudfunctions.googleapis.com/v1/operations/Y2FtcHVzLTI3ZGQ5L2FzaWEtc291dGhlYXN0MS9jYW1wdXNEZXZpY2VDb25maXJtUGFpcmluZy9mZUttY3dENG1SSQ {"name":"operations/Y2FtcHVzLTI3ZGQ5L2FzaWEtc291dGhlYXN0MS9jYW1wdXNEZXZpY2VDb25maXJtUGFpcmluZy9mZUttY3dENG1SSQ","metadata":{"@type":"type.googleapis.com/google.cloud.functions.v1.OperationMetadataV1","target":"projects/campus-27dd9/locations/asia-southeast1/functions/campusDeviceConfirmPairing","type":"UPDATE_FUNCTION","request":{"@type":"type.googleapis.com/google.cloud.functions.v1.CloudFunction","name":"projects/campus-27dd9/locations/asia-southeast1/functions/campusDeviceConfirmPairing","httpsTrigger":{"url":"https://asia-southeast1-campus-27dd9.cloudfunctions.net/campusDeviceConfirmPairing","securityLevel":"SECURE_ALWAYS"},"status":"ACTIVE","entryPoint":"campusDeviceConfirmPairing","updateTime":"2026-04-01T20:03:42.793Z","versionId":"1","labels":{"deployment-tool":"cli-firebase","firebase-functions-codebase":"portable-device","firebase-functions-hash":"bb3755a4cdd460bb9cb3b79b7efde5e0203a1bf7"},"sourceUploadUrl":"https://storage.googleapis.com/uploads-1047370624808.asia-southeast1.cloudfunctions.appspot.com/114523c1-7a1c-4a41-9e44-ad3850135e47.zip?GoogleAccessId=service-824074040304@gcf-admin-robot.iam.gserviceaccount.com&Expires=1775075725&Signature=ut3PfPlxFmJHthp7pLRvQqXoUyfo0kHTFoJakLTlEW7A8hqome15KHZQ9lO431VTKOfCSaJKV%2BLgfLLCXSkZHYfm5txRpf5opmSjI9TdukHQJrAO6AQVbyHLm%2BpnUm8nLC3o9u%2BT%2BssQSkeVfxtda80%2FdmQ%2B3QG5PvCu8wgmeAsW6c7RnuNWjNlJnxhNSgTUt%2FAN1N%2BhQU9%2Fw42jLmzzTGuVkqpqE%2BVZo8kwqdqS7EXe0rsIELuAjJwyNE3Jzb7Qp%2FlwSBRMXUj7gMEJOKulOLPf1ODt9a5QsJNPodpTfpF6ca5BnTysYy%2F9KPaUWQmo6g57kJoFAtf1TqIDV9Kp7w%3D%3D","environmentVariables":{"FIREBASE_CONFIG":"{\"projectId\":\"campus-27dd9\",\"storageBucket\":\"campus-27dd9.firebasestorage.app\"}","GCLOUD_PROJECT":"campus-27dd9","EVENTARC_CLOUD_EVENT_SOURCE":"projects/campus-27dd9/locations/asia-southeast1/functions/campusDeviceConfirmPairing"},"runtime":"nodejs20","buildId":"73b65b9d-28af-40ad-b03d-24b5bc4f77e2","buildEnvironmentVariables":{"GOOGLE_NODE_RUN_SCRIPTS":""},"sourceToken":"670cb808-b4ab-4031-af36-058ae0b444a7","buildName":"projects/824074040304/locations/asia-southeast1/builds/73b65b9d-28af-40ad-b03d-24b5bc4f77e2","dockerRegistry":"ARTIFACT_REGISTRY","automaticUpdatePolicy":{},"buildServiceAccount":"projects/campus-27dd9/serviceAccounts/824074040304-compute@developer.gserviceaccount.com"},"versionId":"2","updateTime":"2026-04-01T20:06:35Z","buildId":"8ff36d54-3de4-4d57-9b3c-abb2d6cca775","sourceToken":"670cb808-b4ab-4031-af36-058ae0b444a7","buildName":"projects/824074040304/locations/asia-southeast1/builds/8ff36d54-3de4-4d57-9b3c-abb2d6cca775"}}
[debug] [2026-04-01T20:06:39.065Z] Got source token 670cb808-b4ab-4031-af36-058ae0b444a7 for region asia-southeast1
[debug] [2026-04-01T20:06:41.032Z] [update-portable-device-asia-southeast1-campusDevicePendingEnrollments] Retrying task index 0
[debug] [2026-04-01T20:06:41.032Z] Checked if tokens are valid: true, expires at: 1775076260943
[debug] [2026-04-01T20:06:41.032Z] Checked if tokens are valid: true, expires at: 1775076260943
[debug] [2026-04-01T20:06:41.032Z] >>> [apiv2][query] GET https://cloudfunctions.googleapis.com/v1/operations/Y2FtcHVzLTI3ZGQ5L2FzaWEtc291dGhlYXN0MS9jYW1wdXNEZXZpY2VQZW5kaW5nRW5yb2xsbWVudHMvS1NLMl9xRkpDc1k [none]
[debug] [2026-04-01T20:06:41.033Z] [update-portable-device-asia-southeast1-campusDeviceSyncAttendance] Retrying task index 0
[debug] [2026-04-01T20:06:41.033Z] Checked if tokens are valid: true, expires at: 1775076260943
[debug] [2026-04-01T20:06:41.033Z] Checked if tokens are valid: true, expires at: 1775076260943
[debug] [2026-04-01T20:06:41.033Z] >>> [apiv2][query] GET https://cloudfunctions.googleapis.com/v1/operations/Y2FtcHVzLTI3ZGQ5L2FzaWEtc291dGhlYXN0MS9jYW1wdXNEZXZpY2VTeW5jQXR0ZW5kYW5jZS9ubU4xVFg4eWJFVQ [none]
[debug] [2026-04-01T20:06:41.047Z] [update-portable-device-asia-southeast1-campusDeviceSubmitEnrollment] Retrying task index 0
[debug] [2026-04-01T20:06:41.047Z] Checked if tokens are valid: true, expires at: 1775076260943
[debug] [2026-04-01T20:06:41.047Z] Checked if tokens are valid: true, expires at: 1775076260943
[debug] [2026-04-01T20:06:41.048Z] >>> [apiv2][query] GET https://cloudfunctions.googleapis.com/v1/operations/Y2FtcHVzLTI3ZGQ5L2FzaWEtc291dGhlYXN0MS9jYW1wdXNEZXZpY2VTdWJtaXRFbnJvbGxtZW50L2VTX0ZOUWp4RmVr [none]
[debug] [2026-04-01T20:06:41.078Z] [update-portable-device-asia-southeast1-campusDeviceConfirmPairing] Retrying task index 0
[debug] [2026-04-01T20:06:41.078Z] Checked if tokens are valid: true, expires at: 1775076260943
[debug] [2026-04-01T20:06:41.078Z] Checked if tokens are valid: true, expires at: 1775076260943
[debug] [2026-04-01T20:06:41.078Z] >>> [apiv2][query] GET https://cloudfunctions.googleapis.com/v1/operations/Y2FtcHVzLTI3ZGQ5L2FzaWEtc291dGhlYXN0MS9jYW1wdXNEZXZpY2VDb25maXJtUGFpcmluZy9mZUttY3dENG1SSQ [none]
[debug] [2026-04-01T20:06:41.481Z] <<< [apiv2][status] GET https://cloudfunctions.googleapis.com/v1/operations/Y2FtcHVzLTI3ZGQ5L2FzaWEtc291dGhlYXN0MS9jYW1wdXNEZXZpY2VDb25maXJtUGFpcmluZy9mZUttY3dENG1SSQ 200
[debug] [2026-04-01T20:06:41.481Z] <<< [apiv2][body] GET https://cloudfunctions.googleapis.com/v1/operations/Y2FtcHVzLTI3ZGQ5L2FzaWEtc291dGhlYXN0MS9jYW1wdXNEZXZpY2VDb25maXJtUGFpcmluZy9mZUttY3dENG1SSQ {"name":"operations/Y2FtcHVzLTI3ZGQ5L2FzaWEtc291dGhlYXN0MS9jYW1wdXNEZXZpY2VDb25maXJtUGFpcmluZy9mZUttY3dENG1SSQ","metadata":{"@type":"type.googleapis.com/google.cloud.functions.v1.OperationMetadataV1","target":"projects/campus-27dd9/locations/asia-southeast1/functions/campusDeviceConfirmPairing","type":"UPDATE_FUNCTION","request":{"@type":"type.googleapis.com/google.cloud.functions.v1.CloudFunction","name":"projects/campus-27dd9/locations/asia-southeast1/functions/campusDeviceConfirmPairing","httpsTrigger":{"url":"https://asia-southeast1-campus-27dd9.cloudfunctions.net/campusDeviceConfirmPairing","securityLevel":"SECURE_ALWAYS"},"status":"ACTIVE","entryPoint":"campusDeviceConfirmPairing","updateTime":"2026-04-01T20:03:42.793Z","versionId":"1","labels":{"deployment-tool":"cli-firebase","firebase-functions-codebase":"portable-device","firebase-functions-hash":"bb3755a4cdd460bb9cb3b79b7efde5e0203a1bf7"},"sourceUploadUrl":"https://storage.googleapis.com/uploads-1047370624808.asia-southeast1.cloudfunctions.appspot.com/114523c1-7a1c-4a41-9e44-ad3850135e47.zip?GoogleAccessId=service-824074040304@gcf-admin-robot.iam.gserviceaccount.com&Expires=1775075725&Signature=ut3PfPlxFmJHthp7pLRvQqXoUyfo0kHTFoJakLTlEW7A8hqome15KHZQ9lO431VTKOfCSaJKV%2BLgfLLCXSkZHYfm5txRpf5opmSjI9TdukHQJrAO6AQVbyHLm%2BpnUm8nLC3o9u%2BT%2BssQSkeVfxtda80%2FdmQ%2B3QG5PvCu8wgmeAsW6c7RnuNWjNlJnxhNSgTUt%2FAN1N%2BhQU9%2Fw42jLmzzTGuVkqpqE%2BVZo8kwqdqS7EXe0rsIELuAjJwyNE3Jzb7Qp%2FlwSBRMXUj7gMEJOKulOLPf1ODt9a5QsJNPodpTfpF6ca5BnTysYy%2F9KPaUWQmo6g57kJoFAtf1TqIDV9Kp7w%3D%3D","environmentVariables":{"FIREBASE_CONFIG":"{\"projectId\":\"campus-27dd9\",\"storageBucket\":\"campus-27dd9.firebasestorage.app\"}","GCLOUD_PROJECT":"campus-27dd9","EVENTARC_CLOUD_EVENT_SOURCE":"projects/campus-27dd9/locations/asia-southeast1/functions/campusDeviceConfirmPairing"},"runtime":"nodejs20","buildId":"73b65b9d-28af-40ad-b03d-24b5bc4f77e2","buildEnvironmentVariables":{"GOOGLE_NODE_RUN_SCRIPTS":""},"sourceToken":"670cb808-b4ab-4031-af36-058ae0b444a7","buildName":"projects/824074040304/locations/asia-southeast1/builds/73b65b9d-28af-40ad-b03d-24b5bc4f77e2","dockerRegistry":"ARTIFACT_REGISTRY","automaticUpdatePolicy":{},"buildServiceAccount":"projects/campus-27dd9/serviceAccounts/824074040304-compute@developer.gserviceaccount.com"},"versionId":"2","updateTime":"2026-04-01T20:06:35Z","buildId":"8ff36d54-3de4-4d57-9b3c-abb2d6cca775","sourceToken":"670cb808-b4ab-4031-af36-058ae0b444a7","buildName":"projects/824074040304/locations/asia-southeast1/builds/8ff36d54-3de4-4d57-9b3c-abb2d6cca775"}}
[debug] [2026-04-01T20:06:41.481Z] Got source token 670cb808-b4ab-4031-af36-058ae0b444a7 for region asia-southeast1
[debug] [2026-04-01T20:06:41.844Z] <<< [apiv2][status] GET https://cloudfunctions.googleapis.com/v1/operations/Y2FtcHVzLTI3ZGQ5L2FzaWEtc291dGhlYXN0MS9jYW1wdXNEZXZpY2VQZW5kaW5nRW5yb2xsbWVudHMvS1NLMl9xRkpDc1k 200
[debug] [2026-04-01T20:06:41.844Z] <<< [apiv2][body] GET https://cloudfunctions.googleapis.com/v1/operations/Y2FtcHVzLTI3ZGQ5L2FzaWEtc291dGhlYXN0MS9jYW1wdXNEZXZpY2VQZW5kaW5nRW5yb2xsbWVudHMvS1NLMl9xRkpDc1k {"name":"operations/Y2FtcHVzLTI3ZGQ5L2FzaWEtc291dGhlYXN0MS9jYW1wdXNEZXZpY2VQZW5kaW5nRW5yb2xsbWVudHMvS1NLMl9xRkpDc1k","metadata":{"@type":"type.googleapis.com/google.cloud.functions.v1.OperationMetadataV1","target":"projects/campus-27dd9/locations/asia-southeast1/functions/campusDevicePendingEnrollments","type":"UPDATE_FUNCTION","request":{"@type":"type.googleapis.com/google.cloud.functions.v1.CloudFunction","name":"projects/campus-27dd9/locations/asia-southeast1/functions/campusDevicePendingEnrollments","httpsTrigger":{"url":"https://asia-southeast1-campus-27dd9.cloudfunctions.net/campusDevicePendingEnrollments","securityLevel":"SECURE_ALWAYS"},"status":"ACTIVE","entryPoint":"campusDevicePendingEnrollments","updateTime":"2026-04-01T20:03:42.832Z","versionId":"1","labels":{"deployment-tool":"cli-firebase","firebase-functions-codebase":"portable-device","firebase-functions-hash":"bb3755a4cdd460bb9cb3b79b7efde5e0203a1bf7"},"sourceUploadUrl":"https://storage.googleapis.com/uploads-1047370624808.asia-southeast1.cloudfunctions.appspot.com/114523c1-7a1c-4a41-9e44-ad3850135e47.zip?GoogleAccessId=service-824074040304@gcf-admin-robot.iam.gserviceaccount.com&Expires=1775075725&Signature=ut3PfPlxFmJHthp7pLRvQqXoUyfo0kHTFoJakLTlEW7A8hqome15KHZQ9lO431VTKOfCSaJKV%2BLgfLLCXSkZHYfm5txRpf5opmSjI9TdukHQJrAO6AQVbyHLm%2BpnUm8nLC3o9u%2BT%2BssQSkeVfxtda80%2FdmQ%2B3QG5PvCu8wgmeAsW6c7RnuNWjNlJnxhNSgTUt%2FAN1N%2BhQU9%2Fw42jLmzzTGuVkqpqE%2BVZo8kwqdqS7EXe0rsIELuAjJwyNE3Jzb7Qp%2FlwSBRMXUj7gMEJOKulOLPf1ODt9a5QsJNPodpTfpF6ca5BnTysYy%2F9KPaUWQmo6g57kJoFAtf1TqIDV9Kp7w%3D%3D","environmentVariables":{"FIREBASE_CONFIG":"{\"projectId\":\"campus-27dd9\",\"storageBucket\":\"campus-27dd9.firebasestorage.app\"}","GCLOUD_PROJECT":"campus-27dd9","EVENTARC_CLOUD_EVENT_SOURCE":"projects/campus-27dd9/locations/asia-southeast1/functions/campusDevicePendingEnrollments"},"runtime":"nodejs20","buildId":"73b65b9d-28af-40ad-b03d-24b5bc4f77e2","buildEnvironmentVariables":{"GOOGLE_NODE_RUN_SCRIPTS":""},"sourceToken":"670cb808-b4ab-4031-af36-058ae0b444a7","buildName":"projects/824074040304/locations/asia-southeast1/builds/73b65b9d-28af-40ad-b03d-24b5bc4f77e2","dockerRegistry":"ARTIFACT_REGISTRY","automaticUpdatePolicy":{},"buildServiceAccount":"projects/campus-27dd9/serviceAccounts/824074040304-compute@developer.gserviceaccount.com"},"versionId":"2","updateTime":"2026-04-01T20:06:35Z","buildId":"8ff36d54-3de4-4d57-9b3c-abb2d6cca775","sourceToken":"670cb808-b4ab-4031-af36-058ae0b444a7","buildName":"projects/824074040304/locations/asia-southeast1/builds/8ff36d54-3de4-4d57-9b3c-abb2d6cca775"}}
[debug] [2026-04-01T20:06:41.844Z] Got source token 670cb808-b4ab-4031-af36-058ae0b444a7 for region asia-southeast1
[debug] [2026-04-01T20:06:42.001Z] <<< [apiv2][status] GET https://cloudfunctions.googleapis.com/v1/operations/Y2FtcHVzLTI3ZGQ5L2FzaWEtc291dGhlYXN0MS9jYW1wdXNEZXZpY2VTeW5jQXR0ZW5kYW5jZS9ubU4xVFg4eWJFVQ 200
[debug] [2026-04-01T20:06:42.001Z] <<< [apiv2][body] GET https://cloudfunctions.googleapis.com/v1/operations/Y2FtcHVzLTI3ZGQ5L2FzaWEtc291dGhlYXN0MS9jYW1wdXNEZXZpY2VTeW5jQXR0ZW5kYW5jZS9ubU4xVFg4eWJFVQ {"name":"operations/Y2FtcHVzLTI3ZGQ5L2FzaWEtc291dGhlYXN0MS9jYW1wdXNEZXZpY2VTeW5jQXR0ZW5kYW5jZS9ubU4xVFg4eWJFVQ","metadata":{"@type":"type.googleapis.com/google.cloud.functions.v1.OperationMetadataV1","target":"projects/campus-27dd9/locations/asia-southeast1/functions/campusDeviceSyncAttendance","type":"UPDATE_FUNCTION","request":{"@type":"type.googleapis.com/google.cloud.functions.v1.CloudFunction","name":"projects/campus-27dd9/locations/asia-southeast1/functions/campusDeviceSyncAttendance","httpsTrigger":{"url":"https://asia-southeast1-campus-27dd9.cloudfunctions.net/campusDeviceSyncAttendance","securityLevel":"SECURE_ALWAYS"},"status":"ACTIVE","entryPoint":"campusDeviceSyncAttendance","updateTime":"2026-04-01T20:03:43.505Z","versionId":"1","labels":{"deployment-tool":"cli-firebase","firebase-functions-codebase":"portable-device","firebase-functions-hash":"bb3755a4cdd460bb9cb3b79b7efde5e0203a1bf7"},"sourceUploadUrl":"https://storage.googleapis.com/uploads-1047370624808.asia-southeast1.cloudfunctions.appspot.com/114523c1-7a1c-4a41-9e44-ad3850135e47.zip?GoogleAccessId=service-824074040304@gcf-admin-robot.iam.gserviceaccount.com&Expires=1775075725&Signature=ut3PfPlxFmJHthp7pLRvQqXoUyfo0kHTFoJakLTlEW7A8hqome15KHZQ9lO431VTKOfCSaJKV%2BLgfLLCXSkZHYfm5txRpf5opmSjI9TdukHQJrAO6AQVbyHLm%2BpnUm8nLC3o9u%2BT%2BssQSkeVfxtda80%2FdmQ%2B3QG5PvCu8wgmeAsW6c7RnuNWjNlJnxhNSgTUt%2FAN1N%2BhQU9%2Fw42jLmzzTGuVkqpqE%2BVZo8kwqdqS7EXe0rsIELuAjJwyNE3Jzb7Qp%2FlwSBRMXUj7gMEJOKulOLPf1ODt9a5QsJNPodpTfpF6ca5BnTysYy%2F9KPaUWQmo6g57kJoFAtf1TqIDV9Kp7w%3D%3D","environmentVariables":{"FIREBASE_CONFIG":"{\"projectId\":\"campus-27dd9\",\"storageBucket\":\"campus-27dd9.firebasestorage.app\"}","GCLOUD_PROJECT":"campus-27dd9","EVENTARC_CLOUD_EVENT_SOURCE":"projects/campus-27dd9/locations/asia-southeast1/functions/campusDeviceSyncAttendance"},"runtime":"nodejs20","buildId":"73b65b9d-28af-40ad-b03d-24b5bc4f77e2","buildEnvironmentVariables":{"GOOGLE_NODE_RUN_SCRIPTS":""},"sourceToken":"670cb808-b4ab-4031-af36-058ae0b444a7","buildName":"projects/824074040304/locations/asia-southeast1/builds/73b65b9d-28af-40ad-b03d-24b5bc4f77e2","dockerRegistry":"ARTIFACT_REGISTRY","automaticUpdatePolicy":{},"buildServiceAccount":"projects/campus-27dd9/serviceAccounts/824074040304-compute@developer.gserviceaccount.com"},"versionId":"2","updateTime":"2026-04-01T20:06:35Z","buildId":"8ff36d54-3de4-4d57-9b3c-abb2d6cca775","sourceToken":"670cb808-b4ab-4031-af36-058ae0b444a7","buildName":"projects/824074040304/locations/asia-southeast1/builds/8ff36d54-3de4-4d57-9b3c-abb2d6cca775"}}
[debug] [2026-04-01T20:06:42.001Z] Got source token 670cb808-b4ab-4031-af36-058ae0b444a7 for region asia-southeast1
[debug] [2026-04-01T20:06:42.018Z] <<< [apiv2][status] GET https://cloudfunctions.googleapis.com/v1/operations/Y2FtcHVzLTI3ZGQ5L2FzaWEtc291dGhlYXN0MS9jYW1wdXNEZXZpY2VTdWJtaXRFbnJvbGxtZW50L2VTX0ZOUWp4RmVr 200
[debug] [2026-04-01T20:06:42.018Z] <<< [apiv2][body] GET https://cloudfunctions.googleapis.com/v1/operations/Y2FtcHVzLTI3ZGQ5L2FzaWEtc291dGhlYXN0MS9jYW1wdXNEZXZpY2VTdWJtaXRFbnJvbGxtZW50L2VTX0ZOUWp4RmVr {"name":"operations/Y2FtcHVzLTI3ZGQ5L2FzaWEtc291dGhlYXN0MS9jYW1wdXNEZXZpY2VTdWJtaXRFbnJvbGxtZW50L2VTX0ZOUWp4RmVr","metadata":{"@type":"type.googleapis.com/google.cloud.functions.v1.OperationMetadataV1","target":"projects/campus-27dd9/locations/asia-southeast1/functions/campusDeviceSubmitEnrollment","type":"UPDATE_FUNCTION","request":{"@type":"type.googleapis.com/google.cloud.functions.v1.CloudFunction","name":"projects/campus-27dd9/locations/asia-southeast1/functions/campusDeviceSubmitEnrollment","httpsTrigger":{"url":"https://asia-southeast1-campus-27dd9.cloudfunctions.net/campusDeviceSubmitEnrollment","securityLevel":"SECURE_ALWAYS"},"status":"ACTIVE","entryPoint":"campusDeviceSubmitEnrollment","updateTime":"2026-04-01T20:03:44.503Z","versionId":"1","labels":{"deployment-tool":"cli-firebase","firebase-functions-codebase":"portable-device","firebase-functions-hash":"bb3755a4cdd460bb9cb3b79b7efde5e0203a1bf7"},"sourceUploadUrl":"https://storage.googleapis.com/uploads-1047370624808.asia-southeast1.cloudfunctions.appspot.com/114523c1-7a1c-4a41-9e44-ad3850135e47.zip?GoogleAccessId=service-824074040304@gcf-admin-robot.iam.gserviceaccount.com&Expires=1775075725&Signature=ut3PfPlxFmJHthp7pLRvQqXoUyfo0kHTFoJakLTlEW7A8hqome15KHZQ9lO431VTKOfCSaJKV%2BLgfLLCXSkZHYfm5txRpf5opmSjI9TdukHQJrAO6AQVbyHLm%2BpnUm8nLC3o9u%2BT%2BssQSkeVfxtda80%2FdmQ%2B3QG5PvCu8wgmeAsW6c7RnuNWjNlJnxhNSgTUt%2FAN1N%2BhQU9%2Fw42jLmzzTGuVkqpqE%2BVZo8kwqdqS7EXe0rsIELuAjJwyNE3Jzb7Qp%2FlwSBRMXUj7gMEJOKulOLPf1ODt9a5QsJNPodpTfpF6ca5BnTysYy%2F9KPaUWQmo6g57kJoFAtf1TqIDV9Kp7w%3D%3D","environmentVariables":{"FIREBASE_CONFIG":"{\"projectId\":\"campus-27dd9\",\"storageBucket\":\"campus-27dd9.firebasestorage.app\"}","GCLOUD_PROJECT":"campus-27dd9","EVENTARC_CLOUD_EVENT_SOURCE":"projects/campus-27dd9/locations/asia-southeast1/functions/campusDeviceSubmitEnrollment"},"runtime":"nodejs20","buildId":"73b65b9d-28af-40ad-b03d-24b5bc4f77e2","buildEnvironmentVariables":{"GOOGLE_NODE_RUN_SCRIPTS":""},"sourceToken":"670cb808-b4ab-4031-af36-058ae0b444a7","buildName":"projects/824074040304/locations/asia-southeast1/builds/73b65b9d-28af-40ad-b03d-24b5bc4f77e2","dockerRegistry":"ARTIFACT_REGISTRY","automaticUpdatePolicy":{},"buildServiceAccount":"projects/campus-27dd9/serviceAccounts/824074040304-compute@developer.gserviceaccount.com"},"versionId":"2","updateTime":"2026-04-01T20:06:36Z","buildId":"8ff36d54-3de4-4d57-9b3c-abb2d6cca775","sourceToken":"670cb808-b4ab-4031-af36-058ae0b444a7","buildName":"projects/824074040304/locations/asia-southeast1/builds/8ff36d54-3de4-4d57-9b3c-abb2d6cca775"}}
[debug] [2026-04-01T20:06:42.018Z] Got source token 670cb808-b4ab-4031-af36-058ae0b444a7 for region asia-southeast1
[debug] [2026-04-01T20:06:43.414Z] [update-portable-device-asia-southeast1-campusDeviceLatestEvent] Retrying task index 0
[debug] [2026-04-01T20:06:43.414Z] Checked if tokens are valid: true, expires at: 1775076260943
[debug] [2026-04-01T20:06:43.414Z] Checked if tokens are valid: true, expires at: 1775076260943
[debug] [2026-04-01T20:06:43.414Z] >>> [apiv2][query] GET https://cloudfunctions.googleapis.com/v1/operations/Y2FtcHVzLTI3ZGQ5L2FzaWEtc291dGhlYXN0MS9jYW1wdXNEZXZpY2VMYXRlc3RFdmVudC9ERzl5b2cxSWNaQQ [none]
[debug] [2026-04-01T20:06:44.377Z] <<< [apiv2][status] GET https://cloudfunctions.googleapis.com/v1/operations/Y2FtcHVzLTI3ZGQ5L2FzaWEtc291dGhlYXN0MS9jYW1wdXNEZXZpY2VMYXRlc3RFdmVudC9ERzl5b2cxSWNaQQ 200
[debug] [2026-04-01T20:06:44.377Z] <<< [apiv2][body] GET https://cloudfunctions.googleapis.com/v1/operations/Y2FtcHVzLTI3ZGQ5L2FzaWEtc291dGhlYXN0MS9jYW1wdXNEZXZpY2VMYXRlc3RFdmVudC9ERzl5b2cxSWNaQQ {"name":"operations/Y2FtcHVzLTI3ZGQ5L2FzaWEtc291dGhlYXN0MS9jYW1wdXNEZXZpY2VMYXRlc3RFdmVudC9ERzl5b2cxSWNaQQ","metadata":{"@type":"type.googleapis.com/google.cloud.functions.v1.OperationMetadataV1","target":"projects/campus-27dd9/locations/asia-southeast1/functions/campusDeviceLatestEvent","type":"UPDATE_FUNCTION","request":{"@type":"type.googleapis.com/google.cloud.functions.v1.CloudFunction","name":"projects/campus-27dd9/locations/asia-southeast1/functions/campusDeviceLatestEvent","httpsTrigger":{"url":"https://asia-southeast1-campus-27dd9.cloudfunctions.net/campusDeviceLatestEvent","securityLevel":"SECURE_ALWAYS"},"status":"ACTIVE","entryPoint":"campusDeviceLatestEvent","updateTime":"2026-04-01T20:03:43.310Z","versionId":"1","labels":{"deployment-tool":"cli-firebase","firebase-functions-codebase":"portable-device","firebase-functions-hash":"bb3755a4cdd460bb9cb3b79b7efde5e0203a1bf7"},"sourceUploadUrl":"https://storage.googleapis.com/uploads-1047370624808.asia-southeast1.cloudfunctions.appspot.com/114523c1-7a1c-4a41-9e44-ad3850135e47.zip?GoogleAccessId=service-824074040304@gcf-admin-robot.iam.gserviceaccount.com&Expires=1775075725&Signature=ut3PfPlxFmJHthp7pLRvQqXoUyfo0kHTFoJakLTlEW7A8hqome15KHZQ9lO431VTKOfCSaJKV%2BLgfLLCXSkZHYfm5txRpf5opmSjI9TdukHQJrAO6AQVbyHLm%2BpnUm8nLC3o9u%2BT%2BssQSkeVfxtda80%2FdmQ%2B3QG5PvCu8wgmeAsW6c7RnuNWjNlJnxhNSgTUt%2FAN1N%2BhQU9%2Fw42jLmzzTGuVkqpqE%2BVZo8kwqdqS7EXe0rsIELuAjJwyNE3Jzb7Qp%2FlwSBRMXUj7gMEJOKulOLPf1ODt9a5QsJNPodpTfpF6ca5BnTysYy%2F9KPaUWQmo6g57kJoFAtf1TqIDV9Kp7w%3D%3D","environmentVariables":{"FIREBASE_CONFIG":"{\"projectId\":\"campus-27dd9\",\"storageBucket\":\"campus-27dd9.firebasestorage.app\"}","GCLOUD_PROJECT":"campus-27dd9","EVENTARC_CLOUD_EVENT_SOURCE":"projects/campus-27dd9/locations/asia-southeast1/functions/campusDeviceLatestEvent"},"runtime":"nodejs20","buildId":"73b65b9d-28af-40ad-b03d-24b5bc4f77e2","buildEnvironmentVariables":{"GOOGLE_NODE_RUN_SCRIPTS":""},"buildName":"projects/824074040304/locations/asia-southeast1/builds/73b65b9d-28af-40ad-b03d-24b5bc4f77e2","dockerRegistry":"ARTIFACT_REGISTRY","automaticUpdatePolicy":{},"buildServiceAccount":"projects/campus-27dd9/serviceAccounts/824074040304-compute@developer.gserviceaccount.com"},"versionId":"2","updateTime":"2026-04-01T20:05:28Z","buildId":"8ff36d54-3de4-4d57-9b3c-abb2d6cca775","sourceToken":"670cb808-b4ab-4031-af36-058ae0b444a7","buildName":"projects/824074040304/locations/asia-southeast1/builds/8ff36d54-3de4-4d57-9b3c-abb2d6cca775"}}
[debug] [2026-04-01T20:06:44.378Z] Got source token 670cb808-b4ab-4031-af36-058ae0b444a7 for region asia-southeast1
[debug] [2026-04-01T20:06:45.481Z] [update-portable-device-asia-southeast1-campusDeviceConfirmPairing] Retrying task index 0
[debug] [2026-04-01T20:06:45.482Z] Checked if tokens are valid: true, expires at: 1775076260943
[debug] [2026-04-01T20:06:45.482Z] Checked if tokens are valid: true, expires at: 1775076260943
[debug] [2026-04-01T20:06:45.482Z] >>> [apiv2][query] GET https://cloudfunctions.googleapis.com/v1/operations/Y2FtcHVzLTI3ZGQ5L2FzaWEtc291dGhlYXN0MS9jYW1wdXNEZXZpY2VDb25maXJtUGFpcmluZy9mZUttY3dENG1SSQ [none]
[debug] [2026-04-01T20:06:45.722Z] <<< [apiv2][status] GET https://cloudfunctions.googleapis.com/v1/operations/Y2FtcHVzLTI3ZGQ5L2FzaWEtc291dGhlYXN0MS9jYW1wdXNEZXZpY2VDb25maXJtUGFpcmluZy9mZUttY3dENG1SSQ 200
[debug] [2026-04-01T20:06:45.722Z] <<< [apiv2][body] GET https://cloudfunctions.googleapis.com/v1/operations/Y2FtcHVzLTI3ZGQ5L2FzaWEtc291dGhlYXN0MS9jYW1wdXNEZXZpY2VDb25maXJtUGFpcmluZy9mZUttY3dENG1SSQ {"name":"operations/Y2FtcHVzLTI3ZGQ5L2FzaWEtc291dGhlYXN0MS9jYW1wdXNEZXZpY2VDb25maXJtUGFpcmluZy9mZUttY3dENG1SSQ","metadata":{"@type":"type.googleapis.com/google.cloud.functions.v1.OperationMetadataV1","target":"projects/campus-27dd9/locations/asia-southeast1/functions/campusDeviceConfirmPairing","type":"UPDATE_FUNCTION","request":{"@type":"type.googleapis.com/google.cloud.functions.v1.CloudFunction","name":"projects/campus-27dd9/locations/asia-southeast1/functions/campusDeviceConfirmPairing","httpsTrigger":{"url":"https://asia-southeast1-campus-27dd9.cloudfunctions.net/campusDeviceConfirmPairing","securityLevel":"SECURE_ALWAYS"},"status":"ACTIVE","entryPoint":"campusDeviceConfirmPairing","updateTime":"2026-04-01T20:03:42.793Z","versionId":"1","labels":{"deployment-tool":"cli-firebase","firebase-functions-codebase":"portable-device","firebase-functions-hash":"bb3755a4cdd460bb9cb3b79b7efde5e0203a1bf7"},"sourceUploadUrl":"https://storage.googleapis.com/uploads-1047370624808.asia-southeast1.cloudfunctions.appspot.com/114523c1-7a1c-4a41-9e44-ad3850135e47.zip?GoogleAccessId=service-824074040304@gcf-admin-robot.iam.gserviceaccount.com&Expires=1775075725&Signature=ut3PfPlxFmJHthp7pLRvQqXoUyfo0kHTFoJakLTlEW7A8hqome15KHZQ9lO431VTKOfCSaJKV%2BLgfLLCXSkZHYfm5txRpf5opmSjI9TdukHQJrAO6AQVbyHLm%2BpnUm8nLC3o9u%2BT%2BssQSkeVfxtda80%2FdmQ%2B3QG5PvCu8wgmeAsW6c7RnuNWjNlJnxhNSgTUt%2FAN1N%2BhQU9%2Fw42jLmzzTGuVkqpqE%2BVZo8kwqdqS7EXe0rsIELuAjJwyNE3Jzb7Qp%2FlwSBRMXUj7gMEJOKulOLPf1ODt9a5QsJNPodpTfpF6ca5BnTysYy%2F9KPaUWQmo6g57kJoFAtf1TqIDV9Kp7w%3D%3D","environmentVariables":{"FIREBASE_CONFIG":"{\"projectId\":\"campus-27dd9\",\"storageBucket\":\"campus-27dd9.firebasestorage.app\"}","GCLOUD_PROJECT":"campus-27dd9","EVENTARC_CLOUD_EVENT_SOURCE":"projects/campus-27dd9/locations/asia-southeast1/functions/campusDeviceConfirmPairing"},"runtime":"nodejs20","buildId":"73b65b9d-28af-40ad-b03d-24b5bc4f77e2","buildEnvironmentVariables":{"GOOGLE_NODE_RUN_SCRIPTS":""},"sourceToken":"670cb808-b4ab-4031-af36-058ae0b444a7","buildName":"projects/824074040304/locations/asia-southeast1/builds/73b65b9d-28af-40ad-b03d-24b5bc4f77e2","dockerRegistry":"ARTIFACT_REGISTRY","automaticUpdatePolicy":{},"buildServiceAccount":"projects/campus-27dd9/serviceAccounts/824074040304-compute@developer.gserviceaccount.com"},"versionId":"2","updateTime":"2026-04-01T20:06:35Z","buildId":"8ff36d54-3de4-4d57-9b3c-abb2d6cca775","sourceToken":"670cb808-b4ab-4031-af36-058ae0b444a7","buildName":"projects/824074040304/locations/asia-southeast1/builds/8ff36d54-3de4-4d57-9b3c-abb2d6cca775"}}
[debug] [2026-04-01T20:06:45.722Z] Got source token 670cb808-b4ab-4031-af36-058ae0b444a7 for region asia-southeast1
[debug] [2026-04-01T20:06:45.856Z] [update-portable-device-asia-southeast1-campusDevicePendingEnrollments] Retrying task index 0
[debug] [2026-04-01T20:06:45.856Z] Checked if tokens are valid: true, expires at: 1775076260943
[debug] [2026-04-01T20:06:45.856Z] Checked if tokens are valid: true, expires at: 1775076260943
[debug] [2026-04-01T20:06:45.856Z] >>> [apiv2][query] GET https://cloudfunctions.googleapis.com/v1/operations/Y2FtcHVzLTI3ZGQ5L2FzaWEtc291dGhlYXN0MS9jYW1wdXNEZXZpY2VQZW5kaW5nRW5yb2xsbWVudHMvS1NLMl9xRkpDc1k [none]
[debug] [2026-04-01T20:06:46.012Z] [update-portable-device-asia-southeast1-campusDeviceSyncAttendance] Retrying task index 0
[debug] [2026-04-01T20:06:46.012Z] Checked if tokens are valid: true, expires at: 1775076260943
[debug] [2026-04-01T20:06:46.012Z] Checked if tokens are valid: true, expires at: 1775076260943
[debug] [2026-04-01T20:06:46.012Z] >>> [apiv2][query] GET https://cloudfunctions.googleapis.com/v1/operations/Y2FtcHVzLTI3ZGQ5L2FzaWEtc291dGhlYXN0MS9jYW1wdXNEZXZpY2VTeW5jQXR0ZW5kYW5jZS9ubU4xVFg4eWJFVQ [none]
[debug] [2026-04-01T20:06:46.027Z] [update-portable-device-asia-southeast1-campusDeviceSubmitEnrollment] Retrying task index 0
[debug] [2026-04-01T20:06:46.027Z] Checked if tokens are valid: true, expires at: 1775076260943
[debug] [2026-04-01T20:06:46.027Z] Checked if tokens are valid: true, expires at: 1775076260943
[debug] [2026-04-01T20:06:46.027Z] >>> [apiv2][query] GET https://cloudfunctions.googleapis.com/v1/operations/Y2FtcHVzLTI3ZGQ5L2FzaWEtc291dGhlYXN0MS9jYW1wdXNEZXZpY2VTdWJtaXRFbnJvbGxtZW50L2VTX0ZOUWp4RmVr [none]
[debug] [2026-04-01T20:06:46.694Z] <<< [apiv2][status] GET https://cloudfunctions.googleapis.com/v1/operations/Y2FtcHVzLTI3ZGQ5L2FzaWEtc291dGhlYXN0MS9jYW1wdXNEZXZpY2VQZW5kaW5nRW5yb2xsbWVudHMvS1NLMl9xRkpDc1k 200
[debug] [2026-04-01T20:06:46.695Z] <<< [apiv2][body] GET https://cloudfunctions.googleapis.com/v1/operations/Y2FtcHVzLTI3ZGQ5L2FzaWEtc291dGhlYXN0MS9jYW1wdXNEZXZpY2VQZW5kaW5nRW5yb2xsbWVudHMvS1NLMl9xRkpDc1k {"name":"operations/Y2FtcHVzLTI3ZGQ5L2FzaWEtc291dGhlYXN0MS9jYW1wdXNEZXZpY2VQZW5kaW5nRW5yb2xsbWVudHMvS1NLMl9xRkpDc1k","metadata":{"@type":"type.googleapis.com/google.cloud.functions.v1.OperationMetadataV1","target":"projects/campus-27dd9/locations/asia-southeast1/functions/campusDevicePendingEnrollments","type":"UPDATE_FUNCTION","request":{"@type":"type.googleapis.com/google.cloud.functions.v1.CloudFunction","name":"projects/campus-27dd9/locations/asia-southeast1/functions/campusDevicePendingEnrollments","httpsTrigger":{"url":"https://asia-southeast1-campus-27dd9.cloudfunctions.net/campusDevicePendingEnrollments","securityLevel":"SECURE_ALWAYS"},"status":"ACTIVE","entryPoint":"campusDevicePendingEnrollments","updateTime":"2026-04-01T20:03:42.832Z","versionId":"1","labels":{"deployment-tool":"cli-firebase","firebase-functions-codebase":"portable-device","firebase-functions-hash":"bb3755a4cdd460bb9cb3b79b7efde5e0203a1bf7"},"sourceUploadUrl":"https://storage.googleapis.com/uploads-1047370624808.asia-southeast1.cloudfunctions.appspot.com/114523c1-7a1c-4a41-9e44-ad3850135e47.zip?GoogleAccessId=service-824074040304@gcf-admin-robot.iam.gserviceaccount.com&Expires=1775075725&Signature=ut3PfPlxFmJHthp7pLRvQqXoUyfo0kHTFoJakLTlEW7A8hqome15KHZQ9lO431VTKOfCSaJKV%2BLgfLLCXSkZHYfm5txRpf5opmSjI9TdukHQJrAO6AQVbyHLm%2BpnUm8nLC3o9u%2BT%2BssQSkeVfxtda80%2FdmQ%2B3QG5PvCu8wgmeAsW6c7RnuNWjNlJnxhNSgTUt%2FAN1N%2BhQU9%2Fw42jLmzzTGuVkqpqE%2BVZo8kwqdqS7EXe0rsIELuAjJwyNE3Jzb7Qp%2FlwSBRMXUj7gMEJOKulOLPf1ODt9a5QsJNPodpTfpF6ca5BnTysYy%2F9KPaUWQmo6g57kJoFAtf1TqIDV9Kp7w%3D%3D","environmentVariables":{"FIREBASE_CONFIG":"{\"projectId\":\"campus-27dd9\",\"storageBucket\":\"campus-27dd9.firebasestorage.app\"}","GCLOUD_PROJECT":"campus-27dd9","EVENTARC_CLOUD_EVENT_SOURCE":"projects/campus-27dd9/locations/asia-southeast1/functions/campusDevicePendingEnrollments"},"runtime":"nodejs20","buildId":"73b65b9d-28af-40ad-b03d-24b5bc4f77e2","buildEnvironmentVariables":{"GOOGLE_NODE_RUN_SCRIPTS":""},"sourceToken":"670cb808-b4ab-4031-af36-058ae0b444a7","buildName":"projects/824074040304/locations/asia-southeast1/builds/73b65b9d-28af-40ad-b03d-24b5bc4f77e2","dockerRegistry":"ARTIFACT_REGISTRY","automaticUpdatePolicy":{},"buildServiceAccount":"projects/campus-27dd9/serviceAccounts/824074040304-compute@developer.gserviceaccount.com"},"versionId":"2","updateTime":"2026-04-01T20:06:35Z","buildId":"8ff36d54-3de4-4d57-9b3c-abb2d6cca775","sourceToken":"670cb808-b4ab-4031-af36-058ae0b444a7","buildName":"projects/824074040304/locations/asia-southeast1/builds/8ff36d54-3de4-4d57-9b3c-abb2d6cca775"}}
[debug] [2026-04-01T20:06:46.695Z] Got source token 670cb808-b4ab-4031-af36-058ae0b444a7 for region asia-southeast1
[debug] [2026-04-01T20:06:46.813Z] <<< [apiv2][status] GET https://cloudfunctions.googleapis.com/v1/operations/Y2FtcHVzLTI3ZGQ5L2FzaWEtc291dGhlYXN0MS9jYW1wdXNEZXZpY2VTeW5jQXR0ZW5kYW5jZS9ubU4xVFg4eWJFVQ 200
[debug] [2026-04-01T20:06:46.813Z] <<< [apiv2][body] GET https://cloudfunctions.googleapis.com/v1/operations/Y2FtcHVzLTI3ZGQ5L2FzaWEtc291dGhlYXN0MS9jYW1wdXNEZXZpY2VTeW5jQXR0ZW5kYW5jZS9ubU4xVFg4eWJFVQ {"name":"operations/Y2FtcHVzLTI3ZGQ5L2FzaWEtc291dGhlYXN0MS9jYW1wdXNEZXZpY2VTeW5jQXR0ZW5kYW5jZS9ubU4xVFg4eWJFVQ","metadata":{"@type":"type.googleapis.com/google.cloud.functions.v1.OperationMetadataV1","target":"projects/campus-27dd9/locations/asia-southeast1/functions/campusDeviceSyncAttendance","type":"UPDATE_FUNCTION","request":{"@type":"type.googleapis.com/google.cloud.functions.v1.CloudFunction","name":"projects/campus-27dd9/locations/asia-southeast1/functions/campusDeviceSyncAttendance","httpsTrigger":{"url":"https://asia-southeast1-campus-27dd9.cloudfunctions.net/campusDeviceSyncAttendance","securityLevel":"SECURE_ALWAYS"},"status":"ACTIVE","entryPoint":"campusDeviceSyncAttendance","updateTime":"2026-04-01T20:03:43.505Z","versionId":"1","labels":{"deployment-tool":"cli-firebase","firebase-functions-codebase":"portable-device","firebase-functions-hash":"bb3755a4cdd460bb9cb3b79b7efde5e0203a1bf7"},"sourceUploadUrl":"https://storage.googleapis.com/uploads-1047370624808.asia-southeast1.cloudfunctions.appspot.com/114523c1-7a1c-4a41-9e44-ad3850135e47.zip?GoogleAccessId=service-824074040304@gcf-admin-robot.iam.gserviceaccount.com&Expires=1775075725&Signature=ut3PfPlxFmJHthp7pLRvQqXoUyfo0kHTFoJakLTlEW7A8hqome15KHZQ9lO431VTKOfCSaJKV%2BLgfLLCXSkZHYfm5txRpf5opmSjI9TdukHQJrAO6AQVbyHLm%2BpnUm8nLC3o9u%2BT%2BssQSkeVfxtda80%2FdmQ%2B3QG5PvCu8wgmeAsW6c7RnuNWjNlJnxhNSgTUt%2FAN1N%2BhQU9%2Fw42jLmzzTGuVkqpqE%2BVZo8kwqdqS7EXe0rsIELuAjJwyNE3Jzb7Qp%2FlwSBRMXUj7gMEJOKulOLPf1ODt9a5QsJNPodpTfpF6ca5BnTysYy%2F9KPaUWQmo6g57kJoFAtf1TqIDV9Kp7w%3D%3D","environmentVariables":{"FIREBASE_CONFIG":"{\"projectId\":\"campus-27dd9\",\"storageBucket\":\"campus-27dd9.firebasestorage.app\"}","GCLOUD_PROJECT":"campus-27dd9","EVENTARC_CLOUD_EVENT_SOURCE":"projects/campus-27dd9/locations/asia-southeast1/functions/campusDeviceSyncAttendance"},"runtime":"nodejs20","buildId":"73b65b9d-28af-40ad-b03d-24b5bc4f77e2","buildEnvironmentVariables":{"GOOGLE_NODE_RUN_SCRIPTS":""},"sourceToken":"670cb808-b4ab-4031-af36-058ae0b444a7","buildName":"projects/824074040304/locations/asia-southeast1/builds/73b65b9d-28af-40ad-b03d-24b5bc4f77e2","dockerRegistry":"ARTIFACT_REGISTRY","automaticUpdatePolicy":{},"buildServiceAccount":"projects/campus-27dd9/serviceAccounts/824074040304-compute@developer.gserviceaccount.com"},"versionId":"2","updateTime":"2026-04-01T20:06:35Z","buildId":"8ff36d54-3de4-4d57-9b3c-abb2d6cca775","sourceToken":"670cb808-b4ab-4031-af36-058ae0b444a7","buildName":"projects/824074040304/locations/asia-southeast1/builds/8ff36d54-3de4-4d57-9b3c-abb2d6cca775"}}
[debug] [2026-04-01T20:06:46.813Z] Got source token 670cb808-b4ab-4031-af36-058ae0b444a7 for region asia-southeast1
[debug] [2026-04-01T20:06:46.997Z] <<< [apiv2][status] GET https://cloudfunctions.googleapis.com/v1/operations/Y2FtcHVzLTI3ZGQ5L2FzaWEtc291dGhlYXN0MS9jYW1wdXNEZXZpY2VTdWJtaXRFbnJvbGxtZW50L2VTX0ZOUWp4RmVr 200
[debug] [2026-04-01T20:06:46.997Z] <<< [apiv2][body] GET https://cloudfunctions.googleapis.com/v1/operations/Y2FtcHVzLTI3ZGQ5L2FzaWEtc291dGhlYXN0MS9jYW1wdXNEZXZpY2VTdWJtaXRFbnJvbGxtZW50L2VTX0ZOUWp4RmVr {"name":"operations/Y2FtcHVzLTI3ZGQ5L2FzaWEtc291dGhlYXN0MS9jYW1wdXNEZXZpY2VTdWJtaXRFbnJvbGxtZW50L2VTX0ZOUWp4RmVr","metadata":{"@type":"type.googleapis.com/google.cloud.functions.v1.OperationMetadataV1","target":"projects/campus-27dd9/locations/asia-southeast1/functions/campusDeviceSubmitEnrollment","type":"UPDATE_FUNCTION","request":{"@type":"type.googleapis.com/google.cloud.functions.v1.CloudFunction","name":"projects/campus-27dd9/locations/asia-southeast1/functions/campusDeviceSubmitEnrollment","httpsTrigger":{"url":"https://asia-southeast1-campus-27dd9.cloudfunctions.net/campusDeviceSubmitEnrollment","securityLevel":"SECURE_ALWAYS"},"status":"ACTIVE","entryPoint":"campusDeviceSubmitEnrollment","updateTime":"2026-04-01T20:03:44.503Z","versionId":"1","labels":{"deployment-tool":"cli-firebase","firebase-functions-codebase":"portable-device","firebase-functions-hash":"bb3755a4cdd460bb9cb3b79b7efde5e0203a1bf7"},"sourceUploadUrl":"https://storage.googleapis.com/uploads-1047370624808.asia-southeast1.cloudfunctions.appspot.com/114523c1-7a1c-4a41-9e44-ad3850135e47.zip?GoogleAccessId=service-824074040304@gcf-admin-robot.iam.gserviceaccount.com&Expires=1775075725&Signature=ut3PfPlxFmJHthp7pLRvQqXoUyfo0kHTFoJakLTlEW7A8hqome15KHZQ9lO431VTKOfCSaJKV%2BLgfLLCXSkZHYfm5txRpf5opmSjI9TdukHQJrAO6AQVbyHLm%2BpnUm8nLC3o9u%2BT%2BssQSkeVfxtda80%2FdmQ%2B3QG5PvCu8wgmeAsW6c7RnuNWjNlJnxhNSgTUt%2FAN1N%2BhQU9%2Fw42jLmzzTGuVkqpqE%2BVZo8kwqdqS7EXe0rsIELuAjJwyNE3Jzb7Qp%2FlwSBRMXUj7gMEJOKulOLPf1ODt9a5QsJNPodpTfpF6ca5BnTysYy%2F9KPaUWQmo6g57kJoFAtf1TqIDV9Kp7w%3D%3D","environmentVariables":{"FIREBASE_CONFIG":"{\"projectId\":\"campus-27dd9\",\"storageBucket\":\"campus-27dd9.firebasestorage.app\"}","GCLOUD_PROJECT":"campus-27dd9","EVENTARC_CLOUD_EVENT_SOURCE":"projects/campus-27dd9/locations/asia-southeast1/functions/campusDeviceSubmitEnrollment"},"runtime":"nodejs20","buildId":"73b65b9d-28af-40ad-b03d-24b5bc4f77e2","buildEnvironmentVariables":{"GOOGLE_NODE_RUN_SCRIPTS":""},"sourceToken":"670cb808-b4ab-4031-af36-058ae0b444a7","buildName":"projects/824074040304/locations/asia-southeast1/builds/73b65b9d-28af-40ad-b03d-24b5bc4f77e2","dockerRegistry":"ARTIFACT_REGISTRY","automaticUpdatePolicy":{},"buildServiceAccount":"projects/campus-27dd9/serviceAccounts/824074040304-compute@developer.gserviceaccount.com"},"versionId":"2","updateTime":"2026-04-01T20:06:36Z","buildId":"8ff36d54-3de4-4d57-9b3c-abb2d6cca775","sourceToken":"670cb808-b4ab-4031-af36-058ae0b444a7","buildName":"projects/824074040304/locations/asia-southeast1/builds/8ff36d54-3de4-4d57-9b3c-abb2d6cca775"}}
[debug] [2026-04-01T20:06:46.997Z] Got source token 670cb808-b4ab-4031-af36-058ae0b444a7 for region asia-southeast1
[debug] [2026-04-01T20:06:53.733Z] [update-portable-device-asia-southeast1-campusDeviceConfirmPairing] Retrying task index 0
[debug] [2026-04-01T20:06:53.733Z] Checked if tokens are valid: true, expires at: 1775076260943
[debug] [2026-04-01T20:06:53.733Z] Checked if tokens are valid: true, expires at: 1775076260943
[debug] [2026-04-01T20:06:53.733Z] >>> [apiv2][query] GET https://cloudfunctions.googleapis.com/v1/operations/Y2FtcHVzLTI3ZGQ5L2FzaWEtc291dGhlYXN0MS9jYW1wdXNEZXZpY2VDb25maXJtUGFpcmluZy9mZUttY3dENG1SSQ [none]
[debug] [2026-04-01T20:06:54.330Z] <<< [apiv2][status] GET https://cloudfunctions.googleapis.com/v1/operations/Y2FtcHVzLTI3ZGQ5L2FzaWEtc291dGhlYXN0MS9jYW1wdXNEZXZpY2VDb25maXJtUGFpcmluZy9mZUttY3dENG1SSQ 200
[debug] [2026-04-01T20:06:54.330Z] <<< [apiv2][body] GET https://cloudfunctions.googleapis.com/v1/operations/Y2FtcHVzLTI3ZGQ5L2FzaWEtc291dGhlYXN0MS9jYW1wdXNEZXZpY2VDb25maXJtUGFpcmluZy9mZUttY3dENG1SSQ {"name":"operations/Y2FtcHVzLTI3ZGQ5L2FzaWEtc291dGhlYXN0MS9jYW1wdXNEZXZpY2VDb25maXJtUGFpcmluZy9mZUttY3dENG1SSQ","metadata":{"@type":"type.googleapis.com/google.cloud.functions.v1.OperationMetadataV1","target":"projects/campus-27dd9/locations/asia-southeast1/functions/campusDeviceConfirmPairing","type":"UPDATE_FUNCTION","request":{"@type":"type.googleapis.com/google.cloud.functions.v1.CloudFunction","name":"projects/campus-27dd9/locations/asia-southeast1/functions/campusDeviceConfirmPairing","httpsTrigger":{"url":"https://asia-southeast1-campus-27dd9.cloudfunctions.net/campusDeviceConfirmPairing","securityLevel":"SECURE_ALWAYS"},"status":"ACTIVE","entryPoint":"campusDeviceConfirmPairing","updateTime":"2026-04-01T20:03:42.793Z","versionId":"1","labels":{"deployment-tool":"cli-firebase","firebase-functions-codebase":"portable-device","firebase-functions-hash":"bb3755a4cdd460bb9cb3b79b7efde5e0203a1bf7"},"sourceUploadUrl":"https://storage.googleapis.com/uploads-1047370624808.asia-southeast1.cloudfunctions.appspot.com/114523c1-7a1c-4a41-9e44-ad3850135e47.zip?GoogleAccessId=service-824074040304@gcf-admin-robot.iam.gserviceaccount.com&Expires=1775075725&Signature=ut3PfPlxFmJHthp7pLRvQqXoUyfo0kHTFoJakLTlEW7A8hqome15KHZQ9lO431VTKOfCSaJKV%2BLgfLLCXSkZHYfm5txRpf5opmSjI9TdukHQJrAO6AQVbyHLm%2BpnUm8nLC3o9u%2BT%2BssQSkeVfxtda80%2FdmQ%2B3QG5PvCu8wgmeAsW6c7RnuNWjNlJnxhNSgTUt%2FAN1N%2BhQU9%2Fw42jLmzzTGuVkqpqE%2BVZo8kwqdqS7EXe0rsIELuAjJwyNE3Jzb7Qp%2FlwSBRMXUj7gMEJOKulOLPf1ODt9a5QsJNPodpTfpF6ca5BnTysYy%2F9KPaUWQmo6g57kJoFAtf1TqIDV9Kp7w%3D%3D","environmentVariables":{"FIREBASE_CONFIG":"{\"projectId\":\"campus-27dd9\",\"storageBucket\":\"campus-27dd9.firebasestorage.app\"}","GCLOUD_PROJECT":"campus-27dd9","EVENTARC_CLOUD_EVENT_SOURCE":"projects/campus-27dd9/locations/asia-southeast1/functions/campusDeviceConfirmPairing"},"runtime":"nodejs20","buildId":"73b65b9d-28af-40ad-b03d-24b5bc4f77e2","buildEnvironmentVariables":{"GOOGLE_NODE_RUN_SCRIPTS":""},"sourceToken":"670cb808-b4ab-4031-af36-058ae0b444a7","buildName":"projects/824074040304/locations/asia-southeast1/builds/73b65b9d-28af-40ad-b03d-24b5bc4f77e2","dockerRegistry":"ARTIFACT_REGISTRY","automaticUpdatePolicy":{},"buildServiceAccount":"projects/campus-27dd9/serviceAccounts/824074040304-compute@developer.gserviceaccount.com"},"versionId":"2","updateTime":"2026-04-01T20:06:52Z","buildId":"8ff36d54-3de4-4d57-9b3c-abb2d6cca775","sourceToken":"670cb808-b4ab-4031-af36-058ae0b444a7","buildName":"projects/824074040304/locations/asia-southeast1/builds/8ff36d54-3de4-4d57-9b3c-abb2d6cca775"},"done":true,"response":{"@type":"type.googleapis.com/google.cloud.functions.v1.CloudFunction","name":"projects/campus-27dd9/locations/asia-southeast1/functions/campusDeviceConfirmPairing","httpsTrigger":{"url":"https://asia-southeast1-campus-27dd9.cloudfunctions.net/campusDeviceConfirmPairing","securityLevel":"SECURE_ALWAYS"},"status":"ACTIVE","entryPoint":"campusDeviceConfirmPairing","timeout":"60s","availableMemoryMb":256,"serviceAccountEmail":"campus-27dd9@appspot.gserviceaccount.com","updateTime":"2026-04-01T20:06:52.042Z","versionId":"2","labels":{"deployment-tool":"cli-firebase","firebase-functions-codebase":"portable-device","firebase-functions-hash":"bb3755a4cdd460bb9cb3b79b7efde5e0203a1bf7"},"sourceUploadUrl":"https://storage.googleapis.com/uploads-1047370624808.asia-southeast1.cloudfunctions.appspot.com/114523c1-7a1c-4a41-9e44-ad3850135e47.zip","environmentVariables":{"FIREBASE_CONFIG":"{\"projectId\":\"campus-27dd9\",\"storageBucket\":\"campus-27dd9.firebasestorage.app\"}","GCLOUD_PROJECT":"campus-27dd9","EVENTARC_CLOUD_EVENT_SOURCE":"projects/campus-27dd9/locations/asia-southeast1/functions/campusDeviceConfirmPairing"},"runtime":"nodejs20","ingressSettings":"ALLOW_ALL","buildId":"8ff36d54-3de4-4d57-9b3c-abb2d6cca775","buildEnvironmentVariables":{"GOOGLE_NODE_RUN_SCRIPTS":""},"buildName":"projects/824074040304/locations/asia-southeast1/builds/8ff36d54-3de4-4d57-9b3c-abb2d6cca775","dockerRegistry":"ARTIFACT_REGISTRY","automaticUpdatePolicy":{},"buildServiceAccount":"projects/campus-27dd9/serviceAccounts/824074040304-compute@developer.gserviceaccount.com"}}
[debug] [2026-04-01T20:06:54.330Z] Got source token 670cb808-b4ab-4031-af36-058ae0b444a7 for region asia-southeast1
[info] +  functions[portable-device:campusDeviceConfirmPairing(asia-southeast1)] Successful update operation. 
[debug] [2026-04-01T20:06:54.391Z] [update-portable-device-asia-southeast1-campusDeviceLatestEvent] Retrying task index 0
[debug] [2026-04-01T20:06:54.391Z] Checked if tokens are valid: true, expires at: 1775076260943
[debug] [2026-04-01T20:06:54.391Z] Checked if tokens are valid: true, expires at: 1775076260943
[debug] [2026-04-01T20:06:54.391Z] >>> [apiv2][query] GET https://cloudfunctions.googleapis.com/v1/operations/Y2FtcHVzLTI3ZGQ5L2FzaWEtc291dGhlYXN0MS9jYW1wdXNEZXZpY2VMYXRlc3RFdmVudC9ERzl5b2cxSWNaQQ [none]
[debug] [2026-04-01T20:06:54.706Z] [update-portable-device-asia-southeast1-campusDevicePendingEnrollments] Retrying task index 0
[debug] [2026-04-01T20:06:54.706Z] Checked if tokens are valid: true, expires at: 1775076260943
[debug] [2026-04-01T20:06:54.706Z] Checked if tokens are valid: true, expires at: 1775076260943
[debug] [2026-04-01T20:06:54.706Z] >>> [apiv2][query] GET https://cloudfunctions.googleapis.com/v1/operations/Y2FtcHVzLTI3ZGQ5L2FzaWEtc291dGhlYXN0MS9jYW1wdXNEZXZpY2VQZW5kaW5nRW5yb2xsbWVudHMvS1NLMl9xRkpDc1k [none]
[debug] [2026-04-01T20:06:54.816Z] [update-portable-device-asia-southeast1-campusDeviceSyncAttendance] Retrying task index 0
[debug] [2026-04-01T20:06:54.816Z] Checked if tokens are valid: true, expires at: 1775076260943
[debug] [2026-04-01T20:06:54.816Z] Checked if tokens are valid: true, expires at: 1775076260943
[debug] [2026-04-01T20:06:54.816Z] >>> [apiv2][query] GET https://cloudfunctions.googleapis.com/v1/operations/Y2FtcHVzLTI3ZGQ5L2FzaWEtc291dGhlYXN0MS9jYW1wdXNEZXZpY2VTeW5jQXR0ZW5kYW5jZS9ubU4xVFg4eWJFVQ [none]
[debug] [2026-04-01T20:06:55.004Z] [update-portable-device-asia-southeast1-campusDeviceSubmitEnrollment] Retrying task index 0
[debug] [2026-04-01T20:06:55.004Z] Checked if tokens are valid: true, expires at: 1775076260943
[debug] [2026-04-01T20:06:55.004Z] Checked if tokens are valid: true, expires at: 1775076260943
[debug] [2026-04-01T20:06:55.004Z] >>> [apiv2][query] GET https://cloudfunctions.googleapis.com/v1/operations/Y2FtcHVzLTI3ZGQ5L2FzaWEtc291dGhlYXN0MS9jYW1wdXNEZXZpY2VTdWJtaXRFbnJvbGxtZW50L2VTX0ZOUWp4RmVr [none]
[debug] [2026-04-01T20:06:55.368Z] <<< [apiv2][status] GET https://cloudfunctions.googleapis.com/v1/operations/Y2FtcHVzLTI3ZGQ5L2FzaWEtc291dGhlYXN0MS9jYW1wdXNEZXZpY2VMYXRlc3RFdmVudC9ERzl5b2cxSWNaQQ 200
[debug] [2026-04-01T20:06:55.368Z] <<< [apiv2][body] GET https://cloudfunctions.googleapis.com/v1/operations/Y2FtcHVzLTI3ZGQ5L2FzaWEtc291dGhlYXN0MS9jYW1wdXNEZXZpY2VMYXRlc3RFdmVudC9ERzl5b2cxSWNaQQ {"name":"operations/Y2FtcHVzLTI3ZGQ5L2FzaWEtc291dGhlYXN0MS9jYW1wdXNEZXZpY2VMYXRlc3RFdmVudC9ERzl5b2cxSWNaQQ","metadata":{"@type":"type.googleapis.com/google.cloud.functions.v1.OperationMetadataV1","target":"projects/campus-27dd9/locations/asia-southeast1/functions/campusDeviceLatestEvent","type":"UPDATE_FUNCTION","request":{"@type":"type.googleapis.com/google.cloud.functions.v1.CloudFunction","name":"projects/campus-27dd9/locations/asia-southeast1/functions/campusDeviceLatestEvent","httpsTrigger":{"url":"https://asia-southeast1-campus-27dd9.cloudfunctions.net/campusDeviceLatestEvent","securityLevel":"SECURE_ALWAYS"},"status":"ACTIVE","entryPoint":"campusDeviceLatestEvent","updateTime":"2026-04-01T20:03:43.310Z","versionId":"1","labels":{"deployment-tool":"cli-firebase","firebase-functions-codebase":"portable-device","firebase-functions-hash":"bb3755a4cdd460bb9cb3b79b7efde5e0203a1bf7"},"sourceUploadUrl":"https://storage.googleapis.com/uploads-1047370624808.asia-southeast1.cloudfunctions.appspot.com/114523c1-7a1c-4a41-9e44-ad3850135e47.zip?GoogleAccessId=service-824074040304@gcf-admin-robot.iam.gserviceaccount.com&Expires=1775075725&Signature=ut3PfPlxFmJHthp7pLRvQqXoUyfo0kHTFoJakLTlEW7A8hqome15KHZQ9lO431VTKOfCSaJKV%2BLgfLLCXSkZHYfm5txRpf5opmSjI9TdukHQJrAO6AQVbyHLm%2BpnUm8nLC3o9u%2BT%2BssQSkeVfxtda80%2FdmQ%2B3QG5PvCu8wgmeAsW6c7RnuNWjNlJnxhNSgTUt%2FAN1N%2BhQU9%2Fw42jLmzzTGuVkqpqE%2BVZo8kwqdqS7EXe0rsIELuAjJwyNE3Jzb7Qp%2FlwSBRMXUj7gMEJOKulOLPf1ODt9a5QsJNPodpTfpF6ca5BnTysYy%2F9KPaUWQmo6g57kJoFAtf1TqIDV9Kp7w%3D%3D","environmentVariables":{"FIREBASE_CONFIG":"{\"projectId\":\"campus-27dd9\",\"storageBucket\":\"campus-27dd9.firebasestorage.app\"}","GCLOUD_PROJECT":"campus-27dd9","EVENTARC_CLOUD_EVENT_SOURCE":"projects/campus-27dd9/locations/asia-southeast1/functions/campusDeviceLatestEvent"},"runtime":"nodejs20","buildId":"73b65b9d-28af-40ad-b03d-24b5bc4f77e2","buildEnvironmentVariables":{"GOOGLE_NODE_RUN_SCRIPTS":""},"buildName":"projects/824074040304/locations/asia-southeast1/builds/73b65b9d-28af-40ad-b03d-24b5bc4f77e2","dockerRegistry":"ARTIFACT_REGISTRY","automaticUpdatePolicy":{},"buildServiceAccount":"projects/campus-27dd9/serviceAccounts/824074040304-compute@developer.gserviceaccount.com"},"versionId":"2","updateTime":"2026-04-01T20:06:52Z","buildId":"8ff36d54-3de4-4d57-9b3c-abb2d6cca775","sourceToken":"670cb808-b4ab-4031-af36-058ae0b444a7","buildName":"projects/824074040304/locations/asia-southeast1/builds/8ff36d54-3de4-4d57-9b3c-abb2d6cca775"},"done":true,"response":{"@type":"type.googleapis.com/google.cloud.functions.v1.CloudFunction","name":"projects/campus-27dd9/locations/asia-southeast1/functions/campusDeviceLatestEvent","httpsTrigger":{"url":"https://asia-southeast1-campus-27dd9.cloudfunctions.net/campusDeviceLatestEvent","securityLevel":"SECURE_ALWAYS"},"status":"ACTIVE","entryPoint":"campusDeviceLatestEvent","timeout":"60s","availableMemoryMb":256,"serviceAccountEmail":"campus-27dd9@appspot.gserviceaccount.com","updateTime":"2026-04-01T20:06:52.022Z","versionId":"2","labels":{"deployment-tool":"cli-firebase","firebase-functions-codebase":"portable-device","firebase-functions-hash":"bb3755a4cdd460bb9cb3b79b7efde5e0203a1bf7"},"sourceUploadUrl":"https://storage.googleapis.com/uploads-1047370624808.asia-southeast1.cloudfunctions.appspot.com/114523c1-7a1c-4a41-9e44-ad3850135e47.zip","environmentVariables":{"FIREBASE_CONFIG":"{\"projectId\":\"campus-27dd9\",\"storageBucket\":\"campus-27dd9.firebasestorage.app\"}","GCLOUD_PROJECT":"campus-27dd9","EVENTARC_CLOUD_EVENT_SOURCE":"projects/campus-27dd9/locations/asia-southeast1/functions/campusDeviceLatestEvent"},"runtime":"nodejs20","ingressSettings":"ALLOW_ALL","buildId":"8ff36d54-3de4-4d57-9b3c-abb2d6cca775","buildEnvironmentVariables":{"GOOGLE_NODE_RUN_SCRIPTS":""},"buildName":"projects/824074040304/locations/asia-southeast1/builds/8ff36d54-3de4-4d57-9b3c-abb2d6cca775","dockerRegistry":"ARTIFACT_REGISTRY","automaticUpdatePolicy":{},"buildServiceAccount":"projects/campus-27dd9/serviceAccounts/824074040304-compute@developer.gserviceaccount.com"}}
[debug] [2026-04-01T20:06:55.368Z] Got source token 670cb808-b4ab-4031-af36-058ae0b444a7 for region asia-southeast1
[info] +  functions[portable-device:campusDeviceLatestEvent(asia-southeast1)] Successful update operation. 
[debug] [2026-04-01T20:06:55.821Z] <<< [apiv2][status] GET https://cloudfunctions.googleapis.com/v1/operations/Y2FtcHVzLTI3ZGQ5L2FzaWEtc291dGhlYXN0MS9jYW1wdXNEZXZpY2VQZW5kaW5nRW5yb2xsbWVudHMvS1NLMl9xRkpDc1k 200
[debug] [2026-04-01T20:06:55.821Z] <<< [apiv2][body] GET https://cloudfunctions.googleapis.com/v1/operations/Y2FtcHVzLTI3ZGQ5L2FzaWEtc291dGhlYXN0MS9jYW1wdXNEZXZpY2VQZW5kaW5nRW5yb2xsbWVudHMvS1NLMl9xRkpDc1k {"name":"operations/Y2FtcHVzLTI3ZGQ5L2FzaWEtc291dGhlYXN0MS9jYW1wdXNEZXZpY2VQZW5kaW5nRW5yb2xsbWVudHMvS1NLMl9xRkpDc1k","metadata":{"@type":"type.googleapis.com/google.cloud.functions.v1.OperationMetadataV1","target":"projects/campus-27dd9/locations/asia-southeast1/functions/campusDevicePendingEnrollments","type":"UPDATE_FUNCTION","request":{"@type":"type.googleapis.com/google.cloud.functions.v1.CloudFunction","name":"projects/campus-27dd9/locations/asia-southeast1/functions/campusDevicePendingEnrollments","httpsTrigger":{"url":"https://asia-southeast1-campus-27dd9.cloudfunctions.net/campusDevicePendingEnrollments","securityLevel":"SECURE_ALWAYS"},"status":"ACTIVE","entryPoint":"campusDevicePendingEnrollments","updateTime":"2026-04-01T20:03:42.832Z","versionId":"1","labels":{"deployment-tool":"cli-firebase","firebase-functions-codebase":"portable-device","firebase-functions-hash":"bb3755a4cdd460bb9cb3b79b7efde5e0203a1bf7"},"sourceUploadUrl":"https://storage.googleapis.com/uploads-1047370624808.asia-southeast1.cloudfunctions.appspot.com/114523c1-7a1c-4a41-9e44-ad3850135e47.zip?GoogleAccessId=service-824074040304@gcf-admin-robot.iam.gserviceaccount.com&Expires=1775075725&Signature=ut3PfPlxFmJHthp7pLRvQqXoUyfo0kHTFoJakLTlEW7A8hqome15KHZQ9lO431VTKOfCSaJKV%2BLgfLLCXSkZHYfm5txRpf5opmSjI9TdukHQJrAO6AQVbyHLm%2BpnUm8nLC3o9u%2BT%2BssQSkeVfxtda80%2FdmQ%2B3QG5PvCu8wgmeAsW6c7RnuNWjNlJnxhNSgTUt%2FAN1N%2BhQU9%2Fw42jLmzzTGuVkqpqE%2BVZo8kwqdqS7EXe0rsIELuAjJwyNE3Jzb7Qp%2FlwSBRMXUj7gMEJOKulOLPf1ODt9a5QsJNPodpTfpF6ca5BnTysYy%2F9KPaUWQmo6g57kJoFAtf1TqIDV9Kp7w%3D%3D","environmentVariables":{"FIREBASE_CONFIG":"{\"projectId\":\"campus-27dd9\",\"storageBucket\":\"campus-27dd9.firebasestorage.app\"}","GCLOUD_PROJECT":"campus-27dd9","EVENTARC_CLOUD_EVENT_SOURCE":"projects/campus-27dd9/locations/asia-southeast1/functions/campusDevicePendingEnrollments"},"runtime":"nodejs20","buildId":"73b65b9d-28af-40ad-b03d-24b5bc4f77e2","buildEnvironmentVariables":{"GOOGLE_NODE_RUN_SCRIPTS":""},"sourceToken":"670cb808-b4ab-4031-af36-058ae0b444a7","buildName":"projects/824074040304/locations/asia-southeast1/builds/73b65b9d-28af-40ad-b03d-24b5bc4f77e2","dockerRegistry":"ARTIFACT_REGISTRY","automaticUpdatePolicy":{},"buildServiceAccount":"projects/campus-27dd9/serviceAccounts/824074040304-compute@developer.gserviceaccount.com"},"versionId":"2","updateTime":"2026-04-01T20:06:54Z","buildId":"8ff36d54-3de4-4d57-9b3c-abb2d6cca775","sourceToken":"670cb808-b4ab-4031-af36-058ae0b444a7","buildName":"projects/824074040304/locations/asia-southeast1/builds/8ff36d54-3de4-4d57-9b3c-abb2d6cca775"},"done":true,"response":{"@type":"type.googleapis.com/google.cloud.functions.v1.CloudFunction","name":"projects/campus-27dd9/locations/asia-southeast1/functions/campusDevicePendingEnrollments","httpsTrigger":{"url":"https://asia-southeast1-campus-27dd9.cloudfunctions.net/campusDevicePendingEnrollments","securityLevel":"SECURE_ALWAYS"},"status":"ACTIVE","entryPoint":"campusDevicePendingEnrollments","timeout":"60s","availableMemoryMb":256,"serviceAccountEmail":"campus-27dd9@appspot.gserviceaccount.com","updateTime":"2026-04-01T20:06:54.226Z","versionId":"2","labels":{"deployment-tool":"cli-firebase","firebase-functions-codebase":"portable-device","firebase-functions-hash":"bb3755a4cdd460bb9cb3b79b7efde5e0203a1bf7"},"sourceUploadUrl":"https://storage.googleapis.com/uploads-1047370624808.asia-southeast1.cloudfunctions.appspot.com/114523c1-7a1c-4a41-9e44-ad3850135e47.zip","environmentVariables":{"FIREBASE_CONFIG":"{\"projectId\":\"campus-27dd9\",\"storageBucket\":\"campus-27dd9.firebasestorage.app\"}","GCLOUD_PROJECT":"campus-27dd9","EVENTARC_CLOUD_EVENT_SOURCE":"projects/campus-27dd9/locations/asia-southeast1/functions/campusDevicePendingEnrollments"},"runtime":"nodejs20","ingressSettings":"ALLOW_ALL","buildId":"8ff36d54-3de4-4d57-9b3c-abb2d6cca775","buildEnvironmentVariables":{"GOOGLE_NODE_RUN_SCRIPTS":""},"buildName":"projects/824074040304/locations/asia-southeast1/builds/8ff36d54-3de4-4d57-9b3c-abb2d6cca775","dockerRegistry":"ARTIFACT_REGISTRY","automaticUpdatePolicy":{},"buildServiceAccount":"projects/campus-27dd9/serviceAccounts/824074040304-compute@developer.gserviceaccount.com"}}
[debug] [2026-04-01T20:06:55.821Z] Got source token 670cb808-b4ab-4031-af36-058ae0b444a7 for region asia-southeast1
[info] +  functions[portable-device:campusDevicePendingEnrollments(asia-southeast1)] Successful update operation. 
[debug] [2026-04-01T20:06:55.927Z] <<< [apiv2][status] GET https://cloudfunctions.googleapis.com/v1/operations/Y2FtcHVzLTI3ZGQ5L2FzaWEtc291dGhlYXN0MS9jYW1wdXNEZXZpY2VTeW5jQXR0ZW5kYW5jZS9ubU4xVFg4eWJFVQ 200
[debug] [2026-04-01T20:06:55.927Z] <<< [apiv2][body] GET https://cloudfunctions.googleapis.com/v1/operations/Y2FtcHVzLTI3ZGQ5L2FzaWEtc291dGhlYXN0MS9jYW1wdXNEZXZpY2VTeW5jQXR0ZW5kYW5jZS9ubU4xVFg4eWJFVQ {"name":"operations/Y2FtcHVzLTI3ZGQ5L2FzaWEtc291dGhlYXN0MS9jYW1wdXNEZXZpY2VTeW5jQXR0ZW5kYW5jZS9ubU4xVFg4eWJFVQ","metadata":{"@type":"type.googleapis.com/google.cloud.functions.v1.OperationMetadataV1","target":"projects/campus-27dd9/locations/asia-southeast1/functions/campusDeviceSyncAttendance","type":"UPDATE_FUNCTION","request":{"@type":"type.googleapis.com/google.cloud.functions.v1.CloudFunction","name":"projects/campus-27dd9/locations/asia-southeast1/functions/campusDeviceSyncAttendance","httpsTrigger":{"url":"https://asia-southeast1-campus-27dd9.cloudfunctions.net/campusDeviceSyncAttendance","securityLevel":"SECURE_ALWAYS"},"status":"ACTIVE","entryPoint":"campusDeviceSyncAttendance","updateTime":"2026-04-01T20:03:43.505Z","versionId":"1","labels":{"deployment-tool":"cli-firebase","firebase-functions-codebase":"portable-device","firebase-functions-hash":"bb3755a4cdd460bb9cb3b79b7efde5e0203a1bf7"},"sourceUploadUrl":"https://storage.googleapis.com/uploads-1047370624808.asia-southeast1.cloudfunctions.appspot.com/114523c1-7a1c-4a41-9e44-ad3850135e47.zip?GoogleAccessId=service-824074040304@gcf-admin-robot.iam.gserviceaccount.com&Expires=1775075725&Signature=ut3PfPlxFmJHthp7pLRvQqXoUyfo0kHTFoJakLTlEW7A8hqome15KHZQ9lO431VTKOfCSaJKV%2BLgfLLCXSkZHYfm5txRpf5opmSjI9TdukHQJrAO6AQVbyHLm%2BpnUm8nLC3o9u%2BT%2BssQSkeVfxtda80%2FdmQ%2B3QG5PvCu8wgmeAsW6c7RnuNWjNlJnxhNSgTUt%2FAN1N%2BhQU9%2Fw42jLmzzTGuVkqpqE%2BVZo8kwqdqS7EXe0rsIELuAjJwyNE3Jzb7Qp%2FlwSBRMXUj7gMEJOKulOLPf1ODt9a5QsJNPodpTfpF6ca5BnTysYy%2F9KPaUWQmo6g57kJoFAtf1TqIDV9Kp7w%3D%3D","environmentVariables":{"FIREBASE_CONFIG":"{\"projectId\":\"campus-27dd9\",\"storageBucket\":\"campus-27dd9.firebasestorage.app\"}","GCLOUD_PROJECT":"campus-27dd9","EVENTARC_CLOUD_EVENT_SOURCE":"projects/campus-27dd9/locations/asia-southeast1/functions/campusDeviceSyncAttendance"},"runtime":"nodejs20","buildId":"73b65b9d-28af-40ad-b03d-24b5bc4f77e2","buildEnvironmentVariables":{"GOOGLE_NODE_RUN_SCRIPTS":""},"sourceToken":"670cb808-b4ab-4031-af36-058ae0b444a7","buildName":"projects/824074040304/locations/asia-southeast1/builds/73b65b9d-28af-40ad-b03d-24b5bc4f77e2","dockerRegistry":"ARTIFACT_REGISTRY","automaticUpdatePolicy":{},"buildServiceAccount":"projects/campus-27dd9/serviceAccounts/824074040304-compute@developer.gserviceaccount.com"},"versionId":"2","updateTime":"2026-04-01T20:06:52Z","buildId":"8ff36d54-3de4-4d57-9b3c-abb2d6cca775","sourceToken":"670cb808-b4ab-4031-af36-058ae0b444a7","buildName":"projects/824074040304/locations/asia-southeast1/builds/8ff36d54-3de4-4d57-9b3c-abb2d6cca775"},"done":true,"response":{"@type":"type.googleapis.com/google.cloud.functions.v1.CloudFunction","name":"projects/campus-27dd9/locations/asia-southeast1/functions/campusDeviceSyncAttendance","httpsTrigger":{"url":"https://asia-southeast1-campus-27dd9.cloudfunctions.net/campusDeviceSyncAttendance","securityLevel":"SECURE_ALWAYS"},"status":"ACTIVE","entryPoint":"campusDeviceSyncAttendance","timeout":"60s","availableMemoryMb":256,"serviceAccountEmail":"campus-27dd9@appspot.gserviceaccount.com","updateTime":"2026-04-01T20:06:52.470Z","versionId":"2","labels":{"deployment-tool":"cli-firebase","firebase-functions-codebase":"portable-device","firebase-functions-hash":"bb3755a4cdd460bb9cb3b79b7efde5e0203a1bf7"},"sourceUploadUrl":"https://storage.googleapis.com/uploads-1047370624808.asia-southeast1.cloudfunctions.appspot.com/114523c1-7a1c-4a41-9e44-ad3850135e47.zip","environmentVariables":{"FIREBASE_CONFIG":"{\"projectId\":\"campus-27dd9\",\"storageBucket\":\"campus-27dd9.firebasestorage.app\"}","GCLOUD_PROJECT":"campus-27dd9","EVENTARC_CLOUD_EVENT_SOURCE":"projects/campus-27dd9/locations/asia-southeast1/functions/campusDeviceSyncAttendance"},"runtime":"nodejs20","ingressSettings":"ALLOW_ALL","buildId":"8ff36d54-3de4-4d57-9b3c-abb2d6cca775","buildEnvironmentVariables":{"GOOGLE_NODE_RUN_SCRIPTS":""},"buildName":"projects/824074040304/locations/asia-southeast1/builds/8ff36d54-3de4-4d57-9b3c-abb2d6cca775","dockerRegistry":"ARTIFACT_REGISTRY","automaticUpdatePolicy":{},"buildServiceAccount":"projects/campus-27dd9/serviceAccounts/824074040304-compute@developer.gserviceaccount.com"}}
[debug] [2026-04-01T20:06:55.927Z] Got source token 670cb808-b4ab-4031-af36-058ae0b444a7 for region asia-southeast1
[info] +  functions[portable-device:campusDeviceSyncAttendance(asia-southeast1)] Successful update operation. 
[debug] [2026-04-01T20:06:56.073Z] <<< [apiv2][status] GET https://cloudfunctions.googleapis.com/v1/operations/Y2FtcHVzLTI3ZGQ5L2FzaWEtc291dGhlYXN0MS9jYW1wdXNEZXZpY2VTdWJtaXRFbnJvbGxtZW50L2VTX0ZOUWp4RmVr 200
[debug] [2026-04-01T20:06:56.073Z] <<< [apiv2][body] GET https://cloudfunctions.googleapis.com/v1/operations/Y2FtcHVzLTI3ZGQ5L2FzaWEtc291dGhlYXN0MS9jYW1wdXNEZXZpY2VTdWJtaXRFbnJvbGxtZW50L2VTX0ZOUWp4RmVr {"name":"operations/Y2FtcHVzLTI3ZGQ5L2FzaWEtc291dGhlYXN0MS9jYW1wdXNEZXZpY2VTdWJtaXRFbnJvbGxtZW50L2VTX0ZOUWp4RmVr","metadata":{"@type":"type.googleapis.com/google.cloud.functions.v1.OperationMetadataV1","target":"projects/campus-27dd9/locations/asia-southeast1/functions/campusDeviceSubmitEnrollment","type":"UPDATE_FUNCTION","request":{"@type":"type.googleapis.com/google.cloud.functions.v1.CloudFunction","name":"projects/campus-27dd9/locations/asia-southeast1/functions/campusDeviceSubmitEnrollment","httpsTrigger":{"url":"https://asia-southeast1-campus-27dd9.cloudfunctions.net/campusDeviceSubmitEnrollment","securityLevel":"SECURE_ALWAYS"},"status":"ACTIVE","entryPoint":"campusDeviceSubmitEnrollment","updateTime":"2026-04-01T20:03:44.503Z","versionId":"1","labels":{"deployment-tool":"cli-firebase","firebase-functions-codebase":"portable-device","firebase-functions-hash":"bb3755a4cdd460bb9cb3b79b7efde5e0203a1bf7"},"sourceUploadUrl":"https://storage.googleapis.com/uploads-1047370624808.asia-southeast1.cloudfunctions.appspot.com/114523c1-7a1c-4a41-9e44-ad3850135e47.zip?GoogleAccessId=service-824074040304@gcf-admin-robot.iam.gserviceaccount.com&Expires=1775075725&Signature=ut3PfPlxFmJHthp7pLRvQqXoUyfo0kHTFoJakLTlEW7A8hqome15KHZQ9lO431VTKOfCSaJKV%2BLgfLLCXSkZHYfm5txRpf5opmSjI9TdukHQJrAO6AQVbyHLm%2BpnUm8nLC3o9u%2BT%2BssQSkeVfxtda80%2FdmQ%2B3QG5PvCu8wgmeAsW6c7RnuNWjNlJnxhNSgTUt%2FAN1N%2BhQU9%2Fw42jLmzzTGuVkqpqE%2BVZo8kwqdqS7EXe0rsIELuAjJwyNE3Jzb7Qp%2FlwSBRMXUj7gMEJOKulOLPf1ODt9a5QsJNPodpTfpF6ca5BnTysYy%2F9KPaUWQmo6g57kJoFAtf1TqIDV9Kp7w%3D%3D","environmentVariables":{"FIREBASE_CONFIG":"{\"projectId\":\"campus-27dd9\",\"storageBucket\":\"campus-27dd9.firebasestorage.app\"}","GCLOUD_PROJECT":"campus-27dd9","EVENTARC_CLOUD_EVENT_SOURCE":"projects/campus-27dd9/locations/asia-southeast1/functions/campusDeviceSubmitEnrollment"},"runtime":"nodejs20","buildId":"73b65b9d-28af-40ad-b03d-24b5bc4f77e2","buildEnvironmentVariables":{"GOOGLE_NODE_RUN_SCRIPTS":""},"sourceToken":"670cb808-b4ab-4031-af36-058ae0b444a7","buildName":"projects/824074040304/locations/asia-southeast1/builds/73b65b9d-28af-40ad-b03d-24b5bc4f77e2","dockerRegistry":"ARTIFACT_REGISTRY","automaticUpdatePolicy":{},"buildServiceAccount":"projects/campus-27dd9/serviceAccounts/824074040304-compute@developer.gserviceaccount.com"},"versionId":"2","updateTime":"2026-04-01T20:06:52Z","buildId":"8ff36d54-3de4-4d57-9b3c-abb2d6cca775","sourceToken":"670cb808-b4ab-4031-af36-058ae0b444a7","buildName":"projects/824074040304/locations/asia-southeast1/builds/8ff36d54-3de4-4d57-9b3c-abb2d6cca775"},"done":true,"response":{"@type":"type.googleapis.com/google.cloud.functions.v1.CloudFunction","name":"projects/campus-27dd9/locations/asia-southeast1/functions/campusDeviceSubmitEnrollment","httpsTrigger":{"url":"https://asia-southeast1-campus-27dd9.cloudfunctions.net/campusDeviceSubmitEnrollment","securityLevel":"SECURE_ALWAYS"},"status":"ACTIVE","entryPoint":"campusDeviceSubmitEnrollment","timeout":"60s","availableMemoryMb":256,"serviceAccountEmail":"campus-27dd9@appspot.gserviceaccount.com","updateTime":"2026-04-01T20:06:52.164Z","versionId":"2","labels":{"deployment-tool":"cli-firebase","firebase-functions-codebase":"portable-device","firebase-functions-hash":"bb3755a4cdd460bb9cb3b79b7efde5e0203a1bf7"},"sourceUploadUrl":"https://storage.googleapis.com/uploads-1047370624808.asia-southeast1.cloudfunctions.appspot.com/114523c1-7a1c-4a41-9e44-ad3850135e47.zip","environmentVariables":{"FIREBASE_CONFIG":"{\"projectId\":\"campus-27dd9\",\"storageBucket\":\"campus-27dd9.firebasestorage.app\"}","GCLOUD_PROJECT":"campus-27dd9","EVENTARC_CLOUD_EVENT_SOURCE":"projects/campus-27dd9/locations/asia-southeast1/functions/campusDeviceSubmitEnrollment"},"runtime":"nodejs20","ingressSettings":"ALLOW_ALL","buildId":"8ff36d54-3de4-4d57-9b3c-abb2d6cca775","buildEnvironmentVariables":{"GOOGLE_NODE_RUN_SCRIPTS":""},"buildName":"projects/824074040304/locations/asia-southeast1/builds/8ff36d54-3de4-4d57-9b3c-abb2d6cca775","dockerRegistry":"ARTIFACT_REGISTRY","automaticUpdatePolicy":{},"buildServiceAccount":"projects/campus-27dd9/serviceAccounts/824074040304-compute@developer.gserviceaccount.com"}}
[debug] [2026-04-01T20:06:56.074Z] Got source token 670cb808-b4ab-4031-af36-058ae0b444a7 for region asia-southeast1
[info] +  functions[portable-device:campusDeviceSubmitEnrollment(asia-southeast1)] Successful update operation. 
[debug] [2026-04-01T20:06:56.075Z] Total Function Deployment time: 89741
[debug] [2026-04-01T20:06:56.075Z] 5 Functions Deployed
[debug] [2026-04-01T20:06:56.075Z] 0 Functions Errored
[debug] [2026-04-01T20:06:56.075Z] 0 Function Deployments Aborted
[debug] [2026-04-01T20:06:56.075Z] Average Function Deployment time: 89170.6
[info] Function URL (portable-device:campusDeviceLatestEvent(asia-southeast1)): https://asia-southeast1-campus-27dd9.cloudfunctions.net/campusDeviceLatestEvent
[info] Function URL (portable-device:campusDeviceConfirmPairing(asia-southeast1)): https://asia-southeast1-campus-27dd9.cloudfunctions.net/campusDeviceConfirmPairing
[info] Function URL (portable-device:campusDevicePendingEnrollments(asia-southeast1)): https://asia-southeast1-campus-27dd9.cloudfunctions.net/campusDevicePendingEnrollments
[info] Function URL (portable-device:campusDeviceSubmitEnrollment(asia-southeast1)): https://asia-southeast1-campus-27dd9.cloudfunctions.net/campusDeviceSubmitEnrollment
[info] Function URL (portable-device:campusDeviceSyncAttendance(asia-southeast1)): https://asia-southeast1-campus-27dd9.cloudfunctions.net/campusDeviceSyncAttendance
[debug] [2026-04-01T20:06:56.076Z] Checked if tokens are valid: true, expires at: 1775076260943
[debug] [2026-04-01T20:06:56.076Z] Checked if tokens are valid: true, expires at: 1775076260943
[debug] [2026-04-01T20:06:56.076Z] >>> [apiv2][query] GET https://artifactregistry.googleapis.com/v1/projects/campus-27dd9/locations/asia-southeast1/repositories/gcf-artifacts [none]
[debug] [2026-04-01T20:06:56.584Z] <<< [apiv2][status] GET https://artifactregistry.googleapis.com/v1/projects/campus-27dd9/locations/asia-southeast1/repositories/gcf-artifacts 200
