[debug] [2026-02-16T22:47:27.941Z] [Firebase Plugin] Activating Firebase extension.
[debug] [2026-02-16T22:47:29.327Z] [Firebase Plugin] requireAuthWrapper
[debug] [2026-02-16T22:47:29.329Z] > command requires scopes: ["email","openid","https://www.googleapis.com/auth/cloudplatformprojects.readonly","https://www.googleapis.com/auth/firebase","https://www.googleapis.com/auth/cloud-platform"]
[debug] [2026-02-16T22:47:29.329Z] > authorizing via signed-in user (skeeterdamian@gmail.com)
[debug] [2026-02-16T22:47:29.331Z] Checked if tokens are valid: true, expires at: 1771285228147
[debug] [2026-02-16T22:47:29.332Z] Checked if tokens are valid: true, expires at: 1771285228147
[debug] [2026-02-16T22:47:29.332Z] [Firebase Plugin] User found:  skeeterdamian@gmail.com
[info] [Firebase Plugin] (Core:Project) New user detected, fetching projects
[debug] [2026-02-16T22:47:29.333Z] Checked if tokens are valid: true, expires at: 1771285228147
[debug] [2026-02-16T22:47:29.334Z] >>> [apiv2][query] GET https://firebase.googleapis.com/v1beta1/projects pageSize=1000
[debug] [2026-02-16T22:47:29.341Z] [Firebase Plugin] VSCode notification server listening on port 40001
[info] [Firebase Plugin] Starting Data Connect toolkit (version 3.1.1) on port 50001
[info] i  dataconnect: downloading dataconnect-emulator-3.1.1.exe... {"metadata":{"emulator":{"name":"dataconnect"},"message":"downloading dataconnect-emulator-3.1.1.exe..."}}
[debug] [2026-02-16T22:47:29.574Z] >>> [apiv2][query] GET https://storage.googleapis.com/firemat-preview-drop/emulator/dataconnect-emulator-windows-amd64-v3.1.1 
[debug] [2026-02-16T22:47:30.669Z] <<< [apiv2][status] GET https://storage.googleapis.com/firemat-preview-drop/emulator/dataconnect-emulator-windows-amd64-v3.1.1 200
[debug] [2026-02-16T22:47:30.669Z] <<< [apiv2][body] GET https://storage.googleapis.com/firemat-preview-drop/emulator/dataconnect-emulator-windows-amd64-v3.1.1 [stream]
[debug] [2026-02-16T22:47:30.697Z] <<< [apiv2][status] GET https://firebase.googleapis.com/v1beta1/projects 200
[debug] [2026-02-16T22:47:30.697Z] <<< [apiv2][body] GET https://firebase.googleapis.com/v1beta1/projects [omitted]
[debug] [2026-02-16T22:47:34.125Z] 'fdc build' failed with error: Unable to build your Data Connect schema and connectors (exit code 1): E0217 06:47:34.102924   15836 cmd.go:43] Error loading data connect config: could not find dataconnect.yaml in `f:\campus-management-system\dataconnect`
 {"metadata":{"emulator":{"name":"dataconnect"},"message":"'fdc build' failed with error: Unable to build your Data Connect schema and connectors (exit code 1): E0217 06:47:34.102924   15836 cmd.go:43] Error loading data connect config: could not find dataconnect.yaml in `f:\\campus-management-system\\dataconnect`\n"}}
[debug] [2026-02-16T22:47:34.125Z] Ignoring unsupported arg: auto_download {"metadata":{"emulator":{"name":"dataconnect"},"message":"Ignoring unsupported arg: auto_download"}}
[debug] [2026-02-16T22:47:34.125Z] Ignoring unsupported arg: port {"metadata":{"emulator":{"name":"dataconnect"},"message":"Ignoring unsupported arg: port"}}
[debug] [2026-02-16T22:47:34.126Z] Starting Data Connect Emulator with command {"binary":"C:\\Users\\skeet\\.cache\\firebase\\emulators\\dataconnect-emulator-3.1.1.exe","args":["--logtostderr","-v=2","dev","--listen=localhost:50001","--config_dir=f:\\campus-management-system\\dataconnect","--enable_output_schema_extensions=true","--enable_output_generated_sdk=true"],"optionalArgs":["listen","config_dir","enable_output_schema_extensions","enable_output_generated_sdk"],"joinArgs":true,"shell":false,"port":9399} {"metadata":{"emulator":{"name":"dataconnect"},"message":"Starting Data Connect Emulator with command {\"binary\":\"C:\\\\Users\\\\skeet\\\\.cache\\\\firebase\\\\emulators\\\\dataconnect-emulator-3.1.1.exe\",\"args\":[\"--logtostderr\",\"-v=2\",\"dev\",\"--listen=localhost:50001\",\"--config_dir=f:\\\\campus-management-system\\\\dataconnect\",\"--enable_output_schema_extensions=true\",\"--enable_output_generated_sdk=true\"],\"optionalArgs\":[\"listen\",\"config_dir\",\"enable_output_schema_extensions\",\"enable_output_generated_sdk\"],\"joinArgs\":true,\"shell\":false,\"port\":9399}"}}
[info] i  dataconnect: Data Connect Emulator logging to dataconnect-debug.log {"metadata":{"emulator":{"name":"dataconnect"},"message":"Data Connect Emulator logging to \u001b[1mdataconnect-debug.log\u001b[22m"}}
[debug] [2026-02-16T22:47:34.167Z] E0217 06:47:34.146767    4816 dev.go:83] Failed to load initial config from "f:\\campus-management-system\\dataconnect": could not find dataconnect.yaml in `f:\campus-management-system\dataconnect`
 {"metadata":{"emulator":{"name":"dataconnect"},"message":"E0217 06:47:34.146767    4816 dev.go:83] Failed to load initial config from \"f:\\\\campus-management-system\\\\dataconnect\": could not find dataconnect.yaml in `f:\\campus-management-system\\dataconnect`\n"}}
[debug] [2026-02-16T22:47:34.167Z] E0217 06:47:34.167787    4816 watch.go:116] watchAllDir unable to walk dir `f:\campus-management-system\dataconnect`: CreateFile f:\campus-management-system\dataconnect: The system cannot find the file specified.
 {"metadata":{"emulator":{"name":"dataconnect"},"message":"E0217 06:47:34.167787    4816 watch.go:116] watchAllDir unable to walk dir `f:\\campus-management-system\\dataconnect`: CreateFile f:\\campus-management-system\\dataconnect: The system cannot find the file specified.\n"}}
[debug] [2026-02-16T22:47:34.173Z] I0217 06:47:34.174036    4816 dev.go:104] Listening on address (HTTP + gRPC): 127.0.0.1:50001
 {"metadata":{"emulator":{"name":"dataconnect"},"message":"I0217 06:47:34.174036    4816 dev.go:104] Listening on address (HTTP + gRPC): 127.0.0.1:50001\n"}}
[error] [Firebase Plugin] error:  {}
[debug] [2026-02-16T22:47:44.167Z] E0217 06:47:44.168613    4816 watch.go:40] Failed to load config from "f:\\campus-management-system\\dataconnect": could not find dataconnect.yaml in `f:\campus-management-system\dataconnect`
 {"metadata":{"emulator":{"name":"dataconnect"},"message":"E0217 06:47:44.168613    4816 watch.go:40] Failed to load config from \"f:\\\\campus-management-system\\\\dataconnect\": could not find dataconnect.yaml in `f:\\campus-management-system\\dataconnect`\n"}}
[debug] [2026-02-16T22:47:54.168Z] E0217 06:47:54.168634    4816 watch.go:40] Failed to load config from "f:\\campus-management-system\\dataconnect": could not find dataconnect.yaml in `f:\campus-management-system\dataconnect`
 {"metadata":{"emulator":{"name":"dataconnect"},"message":"E0217 06:47:54.168634    4816 watch.go:40] Failed to load config from \"f:\\\\campus-management-system\\\\dataconnect\": could not find dataconnect.yaml in `f:\\campus-management-system\\dataconnect`\n"}}
[debug] [2026-02-16T22:48:04.168Z] E0217 06:48:04.168693    4816 watch.go:40] Failed to load config from "f:\\campus-management-system\\dataconnect": could not find dataconnect.yaml in `f:\campus-management-system\dataconnect`
 {"metadata":{"emulator":{"name":"dataconnect"},"message":"E0217 06:48:04.168693    4816 watch.go:40] Failed to load config from \"f:\\\\campus-management-system\\\\dataconnect\": could not find dataconnect.yaml in `f:\\campus-management-system\\dataconnect`\n"}}
[debug] [2026-02-16T22:48:14.168Z] E0217 06:48:14.168706    4816 watch.go:40] Failed to load config from "f:\\campus-management-system\\dataconnect": could not find dataconnect.yaml in `f:\campus-management-system\dataconnect`
 {"metadata":{"emulator":{"name":"dataconnect"},"message":"E0217 06:48:14.168706    4816 watch.go:40] Failed to load config from \"f:\\\\campus-management-system\\\\dataconnect\": could not find dataconnect.yaml in `f:\\campus-management-system\\dataconnect`\n"}}
[debug] [2026-02-16T22:48:24.168Z] E0217 06:48:24.168411    4816 watch.go:40] Failed to load config from "f:\\campus-management-system\\dataconnect": could not find dataconnect.yaml in `f:\campus-management-system\dataconnect`
 {"metadata":{"emulator":{"name":"dataconnect"},"message":"E0217 06:48:24.168411    4816 watch.go:40] Failed to load config from \"f:\\\\campus-management-system\\\\dataconnect\": could not find dataconnect.yaml in `f:\\campus-management-system\\dataconnect`\n"}}
[debug] [2026-02-16T22:48:34.168Z] E0217 06:48:34.168712    4816 watch.go:40] Failed to load config from "f:\\campus-management-system\\dataconnect": could not find dataconnect.yaml in `f:\campus-management-system\dataconnect`
E0217 06:48:34.168712    4816 watch.go:116] watchAllDir unable to walk dir `f:\campus-management-system\dataconnect`: CreateFile f:\campus-management-system\dataconnect: The system cannot find the file specified.
 {"metadata":{"emulator":{"name":"dataconnect"},"message":"E0217 06:48:34.168712    4816 watch.go:40] Failed to load config from \"f:\\\\campus-management-system\\\\dataconnect\": could not find dataconnect.yaml in `f:\\campus-management-system\\dataconnect`\nE0217 06:48:34.168712    4816 watch.go:116] watchAllDir unable to walk dir `f:\\campus-management-system\\dataconnect`: CreateFile f:\\campus-management-system\\dataconnect: The system cannot find the file specified.\n"}}
[debug] [2026-02-16T22:48:44.168Z] E0217 06:48:44.168793    4816 watch.go:40] Failed to load config from "f:\\campus-management-system\\dataconnect": could not find dataconnect.yaml in `f:\campus-management-system\dataconnect`
 {"metadata":{"emulator":{"name":"dataconnect"},"message":"E0217 06:48:44.168793    4816 watch.go:40] Failed to load config from \"f:\\\\campus-management-system\\\\dataconnect\": could not find dataconnect.yaml in `f:\\campus-management-system\\dataconnect`\n"}}
[debug] [2026-02-16T22:48:54.168Z] E0217 06:48:54.168547    4816 watch.go:40] Failed to load config from "f:\\campus-management-system\\dataconnect": could not find dataconnect.yaml in `f:\campus-management-system\dataconnect`
 {"metadata":{"emulator":{"name":"dataconnect"},"message":"E0217 06:48:54.168547    4816 watch.go:40] Failed to load config from \"f:\\\\campus-management-system\\\\dataconnect\": could not find dataconnect.yaml in `f:\\campus-management-system\\dataconnect`\n"}}
[debug] [2026-02-16T22:49:04.168Z] E0217 06:49:04.168800    4816 watch.go:40] Failed to load config from "f:\\campus-management-system\\dataconnect": could not find dataconnect.yaml in `f:\campus-management-system\dataconnect`
 {"metadata":{"emulator":{"name":"dataconnect"},"message":"E0217 06:49:04.168800    4816 watch.go:40] Failed to load config from \"f:\\\\campus-management-system\\\\dataconnect\": could not find dataconnect.yaml in `f:\\campus-management-system\\dataconnect`\n"}}
[debug] [2026-02-16T22:49:14.168Z] E0217 06:49:14.168439    4816 watch.go:40] Failed to load config from "f:\\campus-management-system\\dataconnect": could not find dataconnect.yaml in `f:\campus-management-system\dataconnect`
 {"metadata":{"emulator":{"name":"dataconnect"},"message":"E0217 06:49:14.168439    4816 watch.go:40] Failed to load config from \"f:\\\\campus-management-system\\\\dataconnect\": could not find dataconnect.yaml in `f:\\campus-management-system\\dataconnect`\n"}}
[debug] [2026-02-16T22:49:24.168Z] E0217 06:49:24.168664    4816 watch.go:40] Failed to load config from "f:\\campus-management-system\\dataconnect": could not find dataconnect.yaml in `f:\campus-management-system\dataconnect`
 {"metadata":{"emulator":{"name":"dataconnect"},"message":"E0217 06:49:24.168664    4816 watch.go:40] Failed to load config from \"f:\\\\campus-management-system\\\\dataconnect\": could not find dataconnect.yaml in `f:\\campus-management-system\\dataconnect`\n"}}
[debug] [2026-02-16T22:49:34.168Z] E0217 06:49:34.168495    4816 watch.go:40] Failed to load config from "f:\\campus-management-system\\dataconnect": could not find dataconnect.yaml in `f:\campus-management-system\dataconnect`
E0217 06:49:34.168495    4816 watch.go:116] watchAllDir unable to walk dir `f:\campus-management-system\dataconnect`: CreateFile f:\campus-management-system\dataconnect: The system cannot find the file specified.
 {"metadata":{"emulator":{"name":"dataconnect"},"message":"E0217 06:49:34.168495    4816 watch.go:40] Failed to load config from \"f:\\\\campus-management-system\\\\dataconnect\": could not find dataconnect.yaml in `f:\\campus-management-system\\dataconnect`\nE0217 06:49:34.168495    4816 watch.go:116] watchAllDir unable to walk dir `f:\\campus-management-system\\dataconnect`: CreateFile f:\\campus-management-system\\dataconnect: The system cannot find the file specified.\n"}}
[debug] [2026-02-16T22:49:44.171Z] E0217 06:49:44.170882    4816 watch.go:40] Failed to load config from "f:\\campus-management-system\\dataconnect": could not find dataconnect.yaml in `f:\campus-management-system\dataconnect`
 {"metadata":{"emulator":{"name":"dataconnect"},"message":"E0217 06:49:44.170882    4816 watch.go:40] Failed to load config from \"f:\\\\campus-management-system\\\\dataconnect\": could not find dataconnect.yaml in `f:\\campus-management-system\\dataconnect`\n"}}
[debug] [2026-02-16T22:49:54.168Z] E0217 06:49:54.168603    4816 watch.go:40] Failed to load config from "f:\\campus-management-system\\dataconnect": could not find dataconnect.yaml in `f:\campus-management-system\dataconnect`
 {"metadata":{"emulator":{"name":"dataconnect"},"message":"E0217 06:49:54.168603    4816 watch.go:40] Failed to load config from \"f:\\\\campus-management-system\\\\dataconnect\": could not find dataconnect.yaml in `f:\\campus-management-system\\dataconnect`\n"}}
[debug] [2026-02-16T22:50:04.168Z] E0217 06:50:04.168393    4816 watch.go:40] Failed to load config from "f:\\campus-management-system\\dataconnect": could not find dataconnect.yaml in `f:\campus-management-system\dataconnect`
 {"metadata":{"emulator":{"name":"dataconnect"},"message":"E0217 06:50:04.168393    4816 watch.go:40] Failed to load config from \"f:\\\\campus-management-system\\\\dataconnect\": could not find dataconnect.yaml in `f:\\campus-management-system\\dataconnect`\n"}}
[debug] [2026-02-16T22:50:14.168Z] E0217 06:50:14.168721    4816 watch.go:40] Failed to load config from "f:\\campus-management-system\\dataconnect": could not find dataconnect.yaml in `f:\campus-management-system\dataconnect`
 {"metadata":{"emulator":{"name":"dataconnect"},"message":"E0217 06:50:14.168721    4816 watch.go:40] Failed to load config from \"f:\\\\campus-management-system\\\\dataconnect\": could not find dataconnect.yaml in `f:\\campus-management-system\\dataconnect`\n"}}
[debug] [2026-02-16T22:50:24.168Z] E0217 06:50:24.168874    4816 watch.go:40] Failed to load config from "f:\\campus-management-system\\dataconnect": could not find dataconnect.yaml in `f:\campus-management-system\dataconnect`
 {"metadata":{"emulator":{"name":"dataconnect"},"message":"E0217 06:50:24.168874    4816 watch.go:40] Failed to load config from \"f:\\\\campus-management-system\\\\dataconnect\": could not find dataconnect.yaml in `f:\\campus-management-system\\dataconnect`\n"}}
[debug] [2026-02-16T22:50:34.168Z] E0217 06:50:34.168763    4816 watch.go:40] Failed to load config from "f:\\campus-management-system\\dataconnect": could not find dataconnect.yaml in `f:\campus-management-system\dataconnect`
E0217 06:50:34.168763    4816 watch.go:116] watchAllDir unable to walk dir `f:\campus-management-system\dataconnect`: CreateFile f:\campus-management-system\dataconnect: The system cannot find the file specified.
 {"metadata":{"emulator":{"name":"dataconnect"},"message":"E0217 06:50:34.168763    4816 watch.go:40] Failed to load config from \"f:\\\\campus-management-system\\\\dataconnect\": could not find dataconnect.yaml in `f:\\campus-management-system\\dataconnect`\nE0217 06:50:34.168763    4816 watch.go:116] watchAllDir unable to walk dir `f:\\campus-management-system\\dataconnect`: CreateFile f:\\campus-management-system\\dataconnect: The system cannot find the file specified.\n"}}
[debug] [2026-02-16T22:50:44.168Z] E0217 06:50:44.168721    4816 watch.go:40] Failed to load config from "f:\\campus-management-system\\dataconnect": could not find dataconnect.yaml in `f:\campus-management-system\dataconnect`
 {"metadata":{"emulator":{"name":"dataconnect"},"message":"E0217 06:50:44.168721    4816 watch.go:40] Failed to load config from \"f:\\\\campus-management-system\\\\dataconnect\": could not find dataconnect.yaml in `f:\\campus-management-system\\dataconnect`\n"}}
[debug] [2026-02-16T22:50:54.168Z] E0217 06:50:54.168503    4816 watch.go:40] Failed to load config from "f:\\campus-management-system\\dataconnect": could not find dataconnect.yaml in `f:\campus-management-system\dataconnect`
 {"metadata":{"emulator":{"name":"dataconnect"},"message":"E0217 06:50:54.168503    4816 watch.go:40] Failed to load config from \"f:\\\\campus-management-system\\\\dataconnect\": could not find dataconnect.yaml in `f:\\campus-management-system\\dataconnect`\n"}}
[debug] [2026-02-16T22:51:04.168Z] E0217 06:51:04.168431    4816 watch.go:40] Failed to load config from "f:\\campus-management-system\\dataconnect": could not find dataconnect.yaml in `f:\campus-management-system\dataconnect`
 {"metadata":{"emulator":{"name":"dataconnect"},"message":"E0217 06:51:04.168431    4816 watch.go:40] Failed to load config from \"f:\\\\campus-management-system\\\\dataconnect\": could not find dataconnect.yaml in `f:\\campus-management-system\\dataconnect`\n"}}
[debug] [2026-02-16T22:51:14.168Z] E0217 06:51:14.168601    4816 watch.go:40] Failed to load config from "f:\\campus-management-system\\dataconnect": could not find dataconnect.yaml in `f:\campus-management-system\dataconnect`
 {"metadata":{"emulator":{"name":"dataconnect"},"message":"E0217 06:51:14.168601    4816 watch.go:40] Failed to load config from \"f:\\\\campus-management-system\\\\dataconnect\": could not find dataconnect.yaml in `f:\\campus-management-system\\dataconnect`\n"}}
[debug] [2026-02-16T22:51:24.168Z] E0217 06:51:24.168709    4816 watch.go:40] Failed to load config from "f:\\campus-management-system\\dataconnect": could not find dataconnect.yaml in `f:\campus-management-system\dataconnect`
 {"metadata":{"emulator":{"name":"dataconnect"},"message":"E0217 06:51:24.168709    4816 watch.go:40] Failed to load config from \"f:\\\\campus-management-system\\\\dataconnect\": could not find dataconnect.yaml in `f:\\campus-management-system\\dataconnect`\n"}}
[debug] [2026-02-16T22:51:34.168Z] E0217 06:51:34.168488    4816 watch.go:116] watchAllDir unable to walk dir `f:\campus-management-system\dataconnect`: CreateFile f:\campus-management-system\dataconnect: The system cannot find the file specified.
E0217 06:51:34.168993    4816 watch.go:40] Failed to load config from "f:\\campus-management-system\\dataconnect": could not find dataconnect.yaml in `f:\campus-management-system\dataconnect`
 {"metadata":{"emulator":{"name":"dataconnect"},"message":"E0217 06:51:34.168488    4816 watch.go:116] watchAllDir unable to walk dir `f:\\campus-management-system\\dataconnect`: CreateFile f:\\campus-management-system\\dataconnect: The system cannot find the file specified.\nE0217 06:51:34.168993    4816 watch.go:40] Failed to load config from \"f:\\\\campus-management-system\\\\dataconnect\": could not find dataconnect.yaml in `f:\\campus-management-system\\dataconnect`\n"}}
[debug] [2026-02-16T22:51:44.168Z] E0217 06:51:44.168598    4816 watch.go:40] Failed to load config from "f:\\campus-management-system\\dataconnect": could not find dataconnect.yaml in `f:\campus-management-system\dataconnect`
 {"metadata":{"emulator":{"name":"dataconnect"},"message":"E0217 06:51:44.168598    4816 watch.go:40] Failed to load config from \"f:\\\\campus-management-system\\\\dataconnect\": could not find dataconnect.yaml in `f:\\campus-management-system\\dataconnect`\n"}}
[debug] [2026-02-16T22:51:54.169Z] E0217 06:51:54.169338    4816 watch.go:40] Failed to load config from "f:\\campus-management-system\\dataconnect": could not find dataconnect.yaml in `f:\campus-management-system\dataconnect`
 {"metadata":{"emulator":{"name":"dataconnect"},"message":"E0217 06:51:54.169338    4816 watch.go:40] Failed to load config from \"f:\\\\campus-management-system\\\\dataconnect\": could not find dataconnect.yaml in `f:\\campus-management-system\\dataconnect`\n"}}
[debug] [2026-02-16T22:52:04.168Z] E0217 06:52:04.168776    4816 watch.go:40] Failed to load config from "f:\\campus-management-system\\dataconnect": could not find dataconnect.yaml in `f:\campus-management-system\dataconnect`
 {"metadata":{"emulator":{"name":"dataconnect"},"message":"E0217 06:52:04.168776    4816 watch.go:40] Failed to load config from \"f:\\\\campus-management-system\\\\dataconnect\": could not find dataconnect.yaml in `f:\\campus-management-system\\dataconnect`\n"}}
[debug] [2026-02-16T22:52:14.168Z] E0217 06:52:14.168360    4816 watch.go:40] Failed to load config from "f:\\campus-management-system\\dataconnect": could not find dataconnect.yaml in `f:\campus-management-system\dataconnect`
 {"metadata":{"emulator":{"name":"dataconnect"},"message":"E0217 06:52:14.168360    4816 watch.go:40] Failed to load config from \"f:\\\\campus-management-system\\\\dataconnect\": could not find dataconnect.yaml in `f:\\campus-management-system\\dataconnect`\n"}}
[debug] [2026-02-16T22:52:24.168Z] E0217 06:52:24.168693    4816 watch.go:40] Failed to load config from "f:\\campus-management-system\\dataconnect": could not find dataconnect.yaml in `f:\campus-management-system\dataconnect`
 {"metadata":{"emulator":{"name":"dataconnect"},"message":"E0217 06:52:24.168693    4816 watch.go:40] Failed to load config from \"f:\\\\campus-management-system\\\\dataconnect\": could not find dataconnect.yaml in `f:\\campus-management-system\\dataconnect`\n"}}
[debug] [2026-02-16T22:52:34.168Z] E0217 06:52:34.168668    4816 watch.go:116] watchAllDir unable to walk dir `f:\campus-management-system\dataconnect`: CreateFile f:\campus-management-system\dataconnect: The system cannot find the file specified.
E0217 06:52:34.168668    4816 watch.go:40] Failed to load config from "f:\\campus-management-system\\dataconnect": could not find dataconnect.yaml in `f:\campus-management-system\dataconnect`
 {"metadata":{"emulator":{"name":"dataconnect"},"message":"E0217 06:52:34.168668    4816 watch.go:116] watchAllDir unable to walk dir `f:\\campus-management-system\\dataconnect`: CreateFile f:\\campus-management-system\\dataconnect: The system cannot find the file specified.\nE0217 06:52:34.168668    4816 watch.go:40] Failed to load config from \"f:\\\\campus-management-system\\\\dataconnect\": could not find dataconnect.yaml in `f:\\campus-management-system\\dataconnect`\n"}}
[debug] [2026-02-16T22:52:44.168Z] E0217 06:52:44.168545    4816 watch.go:40] Failed to load config from "f:\\campus-management-system\\dataconnect": could not find dataconnect.yaml in `f:\campus-management-system\dataconnect`
 {"metadata":{"emulator":{"name":"dataconnect"},"message":"E0217 06:52:44.168545    4816 watch.go:40] Failed to load config from \"f:\\\\campus-management-system\\\\dataconnect\": could not find dataconnect.yaml in `f:\\campus-management-system\\dataconnect`\n"}}
[debug] [2026-02-16T22:52:54.168Z] E0217 06:52:54.168599    4816 watch.go:40] Failed to load config from "f:\\campus-management-system\\dataconnect": could not find dataconnect.yaml in `f:\campus-management-system\dataconnect`
 {"metadata":{"emulator":{"name":"dataconnect"},"message":"E0217 06:52:54.168599    4816 watch.go:40] Failed to load config from \"f:\\\\campus-management-system\\\\dataconnect\": could not find dataconnect.yaml in `f:\\campus-management-system\\dataconnect`\n"}}
[debug] [2026-02-16T22:53:04.168Z] E0217 06:53:04.168556    4816 watch.go:40] Failed to load config from "f:\\campus-management-system\\dataconnect": could not find dataconnect.yaml in `f:\campus-management-system\dataconnect`
 {"metadata":{"emulator":{"name":"dataconnect"},"message":"E0217 06:53:04.168556    4816 watch.go:40] Failed to load config from \"f:\\\\campus-management-system\\\\dataconnect\": could not find dataconnect.yaml in `f:\\campus-management-system\\dataconnect`\n"}}
[debug] [2026-02-16T22:53:14.168Z] E0217 06:53:14.168621    4816 watch.go:40] Failed to load config from "f:\\campus-management-system\\dataconnect": could not find dataconnect.yaml in `f:\campus-management-system\dataconnect`
 {"metadata":{"emulator":{"name":"dataconnect"},"message":"E0217 06:53:14.168621    4816 watch.go:40] Failed to load config from \"f:\\\\campus-management-system\\\\dataconnect\": could not find dataconnect.yaml in `f:\\campus-management-system\\dataconnect`\n"}}
[debug] [2026-02-16T22:53:24.168Z] E0217 06:53:24.168807    4816 watch.go:40] Failed to load config from "f:\\campus-management-system\\dataconnect": could not find dataconnect.yaml in `f:\campus-management-system\dataconnect`
 {"metadata":{"emulator":{"name":"dataconnect"},"message":"E0217 06:53:24.168807    4816 watch.go:40] Failed to load config from \"f:\\\\campus-management-system\\\\dataconnect\": could not find dataconnect.yaml in `f:\\campus-management-system\\dataconnect`\n"}}
[debug] [2026-02-16T22:53:34.168Z] E0217 06:53:34.168530    4816 watch.go:40] Failed to load config from "f:\\campus-management-system\\dataconnect": could not find dataconnect.yaml in `f:\campus-management-system\dataconnect`
E0217 06:53:34.168530    4816 watch.go:116] watchAllDir unable to walk dir `f:\campus-management-system\dataconnect`: CreateFile f:\campus-management-system\dataconnect: The system cannot find the file specified.
 {"metadata":{"emulator":{"name":"dataconnect"},"message":"E0217 06:53:34.168530    4816 watch.go:40] Failed to load config from \"f:\\\\campus-management-system\\\\dataconnect\": could not find dataconnect.yaml in `f:\\campus-management-system\\dataconnect`\nE0217 06:53:34.168530    4816 watch.go:116] watchAllDir unable to walk dir `f:\\campus-management-system\\dataconnect`: CreateFile f:\\campus-management-system\\dataconnect: The system cannot find the file specified.\n"}}
[debug] [2026-02-16T22:53:44.168Z] E0217 06:53:44.168473    4816 watch.go:40] Failed to load config from "f:\\campus-management-system\\dataconnect": could not find dataconnect.yaml in `f:\campus-management-system\dataconnect`
 {"metadata":{"emulator":{"name":"dataconnect"},"message":"E0217 06:53:44.168473    4816 watch.go:40] Failed to load config from \"f:\\\\campus-management-system\\\\dataconnect\": could not find dataconnect.yaml in `f:\\campus-management-system\\dataconnect`\n"}}
[debug] [2026-02-16T22:53:54.168Z] E0217 06:53:54.168771    4816 watch.go:40] Failed to load config from "f:\\campus-management-system\\dataconnect": could not find dataconnect.yaml in `f:\campus-management-system\dataconnect`
 {"metadata":{"emulator":{"name":"dataconnect"},"message":"E0217 06:53:54.168771    4816 watch.go:40] Failed to load config from \"f:\\\\campus-management-system\\\\dataconnect\": could not find dataconnect.yaml in `f:\\campus-management-system\\dataconnect`\n"}}
[debug] [2026-02-16T22:54:04.168Z] E0217 06:54:04.168608    4816 watch.go:40] Failed to load config from "f:\\campus-management-system\\dataconnect": could not find dataconnect.yaml in `f:\campus-management-system\dataconnect`
 {"metadata":{"emulator":{"name":"dataconnect"},"message":"E0217 06:54:04.168608    4816 watch.go:40] Failed to load config from \"f:\\\\campus-management-system\\\\dataconnect\": could not find dataconnect.yaml in `f:\\campus-management-system\\dataconnect`\n"}}
[debug] [2026-02-16T22:54:14.168Z] E0217 06:54:14.168801    4816 watch.go:40] Failed to load config from "f:\\campus-management-system\\dataconnect": could not find dataconnect.yaml in `f:\campus-management-system\dataconnect`
 {"metadata":{"emulator":{"name":"dataconnect"},"message":"E0217 06:54:14.168801    4816 watch.go:40] Failed to load config from \"f:\\\\campus-management-system\\\\dataconnect\": could not find dataconnect.yaml in `f:\\campus-management-system\\dataconnect`\n"}}
[debug] [2026-02-16T22:54:24.168Z] E0217 06:54:24.168355    4816 watch.go:40] Failed to load config from "f:\\campus-management-system\\dataconnect": could not find dataconnect.yaml in `f:\campus-management-system\dataconnect`
 {"metadata":{"emulator":{"name":"dataconnect"},"message":"E0217 06:54:24.168355    4816 watch.go:40] Failed to load config from \"f:\\\\campus-management-system\\\\dataconnect\": could not find dataconnect.yaml in `f:\\campus-management-system\\dataconnect`\n"}}
[debug] [2026-02-16T22:54:34.168Z] E0217 06:54:34.168550    4816 watch.go:116] watchAllDir unable to walk dir `f:\campus-management-system\dataconnect`: CreateFile f:\campus-management-system\dataconnect: The system cannot find the file specified.
E0217 06:54:34.168550    4816 watch.go:40] Failed to load config from "f:\\campus-management-system\\dataconnect": could not find dataconnect.yaml in `f:\campus-management-system\dataconnect`
 {"metadata":{"emulator":{"name":"dataconnect"},"message":"E0217 06:54:34.168550    4816 watch.go:116] watchAllDir unable to walk dir `f:\\campus-management-system\\dataconnect`: CreateFile f:\\campus-management-system\\dataconnect: The system cannot find the file specified.\nE0217 06:54:34.168550    4816 watch.go:40] Failed to load config from \"f:\\\\campus-management-system\\\\dataconnect\": could not find dataconnect.yaml in `f:\\campus-management-system\\dataconnect`\n"}}
[debug] [2026-02-16T22:54:44.169Z] E0217 06:54:44.169146    4816 watch.go:40] Failed to load config from "f:\\campus-management-system\\dataconnect": could not find dataconnect.yaml in `f:\campus-management-system\dataconnect`
 {"metadata":{"emulator":{"name":"dataconnect"},"message":"E0217 06:54:44.169146    4816 watch.go:40] Failed to load config from \"f:\\\\campus-management-system\\\\dataconnect\": could not find dataconnect.yaml in `f:\\campus-management-system\\dataconnect`\n"}}
[debug] [2026-02-16T22:54:54.168Z] E0217 06:54:54.168777    4816 watch.go:40] Failed to load config from "f:\\campus-management-system\\dataconnect": could not find dataconnect.yaml in `f:\campus-management-system\dataconnect`
 {"metadata":{"emulator":{"name":"dataconnect"},"message":"E0217 06:54:54.168777    4816 watch.go:40] Failed to load config from \"f:\\\\campus-management-system\\\\dataconnect\": could not find dataconnect.yaml in `f:\\campus-management-system\\dataconnect`\n"}}
[debug] [2026-02-16T22:55:04.168Z] E0217 06:55:04.168435    4816 watch.go:40] Failed to load config from "f:\\campus-management-system\\dataconnect": could not find dataconnect.yaml in `f:\campus-management-system\dataconnect`
 {"metadata":{"emulator":{"name":"dataconnect"},"message":"E0217 06:55:04.168435    4816 watch.go:40] Failed to load config from \"f:\\\\campus-management-system\\\\dataconnect\": could not find dataconnect.yaml in `f:\\campus-management-system\\dataconnect`\n"}}
[debug] [2026-02-16T22:55:14.168Z] E0217 06:55:14.168338    4816 watch.go:40] Failed to load config from "f:\\campus-management-system\\dataconnect": could not find dataconnect.yaml in `f:\campus-management-system\dataconnect`
 {"metadata":{"emulator":{"name":"dataconnect"},"message":"E0217 06:55:14.168338    4816 watch.go:40] Failed to load config from \"f:\\\\campus-management-system\\\\dataconnect\": could not find dataconnect.yaml in `f:\\campus-management-system\\dataconnect`\n"}}
[debug] [2026-02-16T22:55:24.168Z] E0217 06:55:24.168904    4816 watch.go:40] Failed to load config from "f:\\campus-management-system\\dataconnect": could not find dataconnect.yaml in `f:\campus-management-system\dataconnect`
 {"metadata":{"emulator":{"name":"dataconnect"},"message":"E0217 06:55:24.168904    4816 watch.go:40] Failed to load config from \"f:\\\\campus-management-system\\\\dataconnect\": could not find dataconnect.yaml in `f:\\campus-management-system\\dataconnect`\n"}}
[debug] [2026-02-16T22:55:34.168Z] E0217 06:55:34.168427    4816 watch.go:116] watchAllDir unable to walk dir `f:\campus-management-system\dataconnect`: CreateFile f:\campus-management-system\dataconnect: The system cannot find the file specified.
E0217 06:55:34.168427    4816 watch.go:40] Failed to load config from "f:\\campus-management-system\\dataconnect": could not find dataconnect.yaml in `f:\campus-management-system\dataconnect`
 {"metadata":{"emulator":{"name":"dataconnect"},"message":"E0217 06:55:34.168427    4816 watch.go:116] watchAllDir unable to walk dir `f:\\campus-management-system\\dataconnect`: CreateFile f:\\campus-management-system\\dataconnect: The system cannot find the file specified.\nE0217 06:55:34.168427    4816 watch.go:40] Failed to load config from \"f:\\\\campus-management-system\\\\dataconnect\": could not find dataconnect.yaml in `f:\\campus-management-system\\dataconnect`\n"}}
[debug] [2026-02-16T22:55:44.168Z] E0217 06:55:44.168477    4816 watch.go:40] Failed to load config from "f:\\campus-management-system\\dataconnect": could not find dataconnect.yaml in `f:\campus-management-system\dataconnect`
 {"metadata":{"emulator":{"name":"dataconnect"},"message":"E0217 06:55:44.168477    4816 watch.go:40] Failed to load config from \"f:\\\\campus-management-system\\\\dataconnect\": could not find dataconnect.yaml in `f:\\campus-management-system\\dataconnect`\n"}}
[debug] [2026-02-16T22:55:54.168Z] E0217 06:55:54.168419    4816 watch.go:40] Failed to load config from "f:\\campus-management-system\\dataconnect": could not find dataconnect.yaml in `f:\campus-management-system\dataconnect`
 {"metadata":{"emulator":{"name":"dataconnect"},"message":"E0217 06:55:54.168419    4816 watch.go:40] Failed to load config from \"f:\\\\campus-management-system\\\\dataconnect\": could not find dataconnect.yaml in `f:\\campus-management-system\\dataconnect`\n"}}
[debug] [2026-02-16T22:56:04.168Z] E0217 06:56:04.168392    4816 watch.go:40] Failed to load config from "f:\\campus-management-system\\dataconnect": could not find dataconnect.yaml in `f:\campus-management-system\dataconnect`
 {"metadata":{"emulator":{"name":"dataconnect"},"message":"E0217 06:56:04.168392    4816 watch.go:40] Failed to load config from \"f:\\\\campus-management-system\\\\dataconnect\": could not find dataconnect.yaml in `f:\\campus-management-system\\dataconnect`\n"}}
[debug] [2026-02-16T22:56:14.168Z] E0217 06:56:14.168519    4816 watch.go:40] Failed to load config from "f:\\campus-management-system\\dataconnect": could not find dataconnect.yaml in `f:\campus-management-system\dataconnect`
 {"metadata":{"emulator":{"name":"dataconnect"},"message":"E0217 06:56:14.168519    4816 watch.go:40] Failed to load config from \"f:\\\\campus-management-system\\\\dataconnect\": could not find dataconnect.yaml in `f:\\campus-management-system\\dataconnect`\n"}}
[debug] [2026-02-16T22:56:24.168Z] E0217 06:56:24.168365    4816 watch.go:40] Failed to load config from "f:\\campus-management-system\\dataconnect": could not find dataconnect.yaml in `f:\campus-management-system\dataconnect`
 {"metadata":{"emulator":{"name":"dataconnect"},"message":"E0217 06:56:24.168365    4816 watch.go:40] Failed to load config from \"f:\\\\campus-management-system\\\\dataconnect\": could not find dataconnect.yaml in `f:\\campus-management-system\\dataconnect`\n"}}
[debug] [2026-02-16T22:56:34.168Z] E0217 06:56:34.168800    4816 watch.go:40] Failed to load config from "f:\\campus-management-system\\dataconnect": could not find dataconnect.yaml in `f:\campus-management-system\dataconnect`
E0217 06:56:34.168800    4816 watch.go:116] watchAllDir unable to walk dir `f:\campus-management-system\dataconnect`: CreateFile f:\campus-management-system\dataconnect: The system cannot find the file specified.
 {"metadata":{"emulator":{"name":"dataconnect"},"message":"E0217 06:56:34.168800    4816 watch.go:40] Failed to load config from \"f:\\\\campus-management-system\\\\dataconnect\": could not find dataconnect.yaml in `f:\\campus-management-system\\dataconnect`\nE0217 06:56:34.168800    4816 watch.go:116] watchAllDir unable to walk dir `f:\\campus-management-system\\dataconnect`: CreateFile f:\\campus-management-system\\dataconnect: The system cannot find the file specified.\n"}}
[debug] [2026-02-16T22:56:44.168Z] E0217 06:56:44.168618    4816 watch.go:40] Failed to load config from "f:\\campus-management-system\\dataconnect": could not find dataconnect.yaml in `f:\campus-management-system\dataconnect`
 {"metadata":{"emulator":{"name":"dataconnect"},"message":"E0217 06:56:44.168618    4816 watch.go:40] Failed to load config from \"f:\\\\campus-management-system\\\\dataconnect\": could not find dataconnect.yaml in `f:\\campus-management-system\\dataconnect`\n"}}
[debug] [2026-02-16T22:56:54.231Z] E0217 06:56:54.169532    4816 watch.go:40] Failed to load config from "f:\\campus-management-system\\dataconnect": could not find dataconnect.yaml in `f:\campus-management-system\dataconnect`
 {"metadata":{"emulator":{"name":"dataconnect"},"message":"E0217 06:56:54.169532    4816 watch.go:40] Failed to load config from \"f:\\\\campus-management-system\\\\dataconnect\": could not find dataconnect.yaml in `f:\\campus-management-system\\dataconnect`\n"}}
[debug] [2026-02-16T22:57:04.168Z] E0217 06:57:04.168391    4816 watch.go:40] Failed to load config from "f:\\campus-management-system\\dataconnect": could not find dataconnect.yaml in `f:\campus-management-system\dataconnect`
 {"metadata":{"emulator":{"name":"dataconnect"},"message":"E0217 06:57:04.168391    4816 watch.go:40] Failed to load config from \"f:\\\\campus-management-system\\\\dataconnect\": could not find dataconnect.yaml in `f:\\campus-management-system\\dataconnect`\n"}}
[debug] [2026-02-16T22:57:14.168Z] E0217 06:57:14.168815    4816 watch.go:40] Failed to load config from "f:\\campus-management-system\\dataconnect": could not find dataconnect.yaml in `f:\campus-management-system\dataconnect`
 {"metadata":{"emulator":{"name":"dataconnect"},"message":"E0217 06:57:14.168815    4816 watch.go:40] Failed to load config from \"f:\\\\campus-management-system\\\\dataconnect\": could not find dataconnect.yaml in `f:\\campus-management-system\\dataconnect`\n"}}
[debug] [2026-02-16T22:57:24.168Z] E0217 06:57:24.168613    4816 watch.go:40] Failed to load config from "f:\\campus-management-system\\dataconnect": could not find dataconnect.yaml in `f:\campus-management-system\dataconnect`
 {"metadata":{"emulator":{"name":"dataconnect"},"message":"E0217 06:57:24.168613    4816 watch.go:40] Failed to load config from \"f:\\\\campus-management-system\\\\dataconnect\": could not find dataconnect.yaml in `f:\\campus-management-system\\dataconnect`\n"}}
[info] [Firebase Plugin] Stopping Data Connect toolkit
[warn] !  Data Connect Emulator has exited upon receiving signal: SIGINT 
[debug] [2026-02-16T22:57:41.853Z] [Firebase Plugin] Activating Firebase extension.
[debug] [2026-02-16T22:57:43.119Z] [Firebase Plugin] requireAuthWrapper
[debug] [2026-02-16T22:57:43.120Z] > command requires scopes: ["email","openid","https://www.googleapis.com/auth/cloudplatformprojects.readonly","https://www.googleapis.com/auth/firebase","https://www.googleapis.com/auth/cloud-platform"]
[debug] [2026-02-16T22:57:43.120Z] > authorizing via signed-in user (skeeterdamian@gmail.com)
[debug] [2026-02-16T22:57:43.123Z] Checked if tokens are valid: true, expires at: 1771285228147
[debug] [2026-02-16T22:57:43.123Z] Checked if tokens are valid: true, expires at: 1771285228147
[debug] [2026-02-16T22:57:43.123Z] [Firebase Plugin] User found:  skeeterdamian@gmail.com
[info] [Firebase Plugin] (Core:Project) New user detected, fetching projects
[debug] [2026-02-16T22:57:43.124Z] Checked if tokens are valid: true, expires at: 1771285228147
[debug] [2026-02-16T22:57:43.125Z] >>> [apiv2][query] GET https://firebase.googleapis.com/v1beta1/projects pageSize=1000
[debug] [2026-02-16T22:57:43.134Z] [Firebase Plugin] VSCode notification server listening on port 40001
[info] [Firebase Plugin] Starting Data Connect toolkit (version 3.1.1) on port 50001
[debug] [2026-02-16T22:57:43.520Z] 'fdc build' failed with error: Unable to build your Data Connect schema and connectors (exit code 1): E0217 06:57:43.452218   18392 cmd.go:43] Error loading data connect config: could not find dataconnect.yaml in `f:\campus-management-system\dataconnect`
 {"metadata":{"emulator":{"name":"dataconnect"},"message":"'fdc build' failed with error: Unable to build your Data Connect schema and connectors (exit code 1): E0217 06:57:43.452218   18392 cmd.go:43] Error loading data connect config: could not find dataconnect.yaml in `f:\\campus-management-system\\dataconnect`\n"}}
[debug] [2026-02-16T22:57:43.521Z] Ignoring unsupported arg: auto_download {"metadata":{"emulator":{"name":"dataconnect"},"message":"Ignoring unsupported arg: auto_download"}}
[debug] [2026-02-16T22:57:43.521Z] Ignoring unsupported arg: port {"metadata":{"emulator":{"name":"dataconnect"},"message":"Ignoring unsupported arg: port"}}
[debug] [2026-02-16T22:57:43.521Z] Starting Data Connect Emulator with command {"binary":"C:\\Users\\skeet\\.cache\\firebase\\emulators\\dataconnect-emulator-3.1.1.exe","args":["--logtostderr","-v=2","dev","--listen=localhost:50001","--config_dir=f:\\campus-management-system\\dataconnect","--enable_output_schema_extensions=true","--enable_output_generated_sdk=true"],"optionalArgs":["listen","config_dir","enable_output_schema_extensions","enable_output_generated_sdk"],"joinArgs":true,"shell":false,"port":9399} {"metadata":{"emulator":{"name":"dataconnect"},"message":"Starting Data Connect Emulator with command {\"binary\":\"C:\\\\Users\\\\skeet\\\\.cache\\\\firebase\\\\emulators\\\\dataconnect-emulator-3.1.1.exe\",\"args\":[\"--logtostderr\",\"-v=2\",\"dev\",\"--listen=localhost:50001\",\"--config_dir=f:\\\\campus-management-system\\\\dataconnect\",\"--enable_output_schema_extensions=true\",\"--enable_output_generated_sdk=true\"],\"optionalArgs\":[\"listen\",\"config_dir\",\"enable_output_schema_extensions\",\"enable_output_generated_sdk\"],\"joinArgs\":true,\"shell\":false,\"port\":9399}"}}
[info] i  dataconnect: Data Connect Emulator logging to dataconnect-debug.log {"metadata":{"emulator":{"name":"dataconnect"},"message":"Data Connect Emulator logging to \u001b[1mdataconnect-debug.log\u001b[22m"}}
[debug] [2026-02-16T22:57:43.596Z] E0217 06:57:43.553920   13852 dev.go:83] Failed to load initial config from "f:\\campus-management-system\\dataconnect": could not find dataconnect.yaml in `f:\campus-management-system\dataconnect`
 {"metadata":{"emulator":{"name":"dataconnect"},"message":"E0217 06:57:43.553920   13852 dev.go:83] Failed to load initial config from \"f:\\\\campus-management-system\\\\dataconnect\": could not find dataconnect.yaml in `f:\\campus-management-system\\dataconnect`\n"}}
[debug] [2026-02-16T22:57:43.598Z] E0217 06:57:43.598484   13852 watch.go:116] watchAllDir unable to walk dir `f:\campus-management-system\dataconnect`: CreateFile f:\campus-management-system\dataconnect: The system cannot find the file specified.
 {"metadata":{"emulator":{"name":"dataconnect"},"message":"E0217 06:57:43.598484   13852 watch.go:116] watchAllDir unable to walk dir `f:\\campus-management-system\\dataconnect`: CreateFile f:\\campus-management-system\\dataconnect: The system cannot find the file specified.\n"}}
[debug] [2026-02-16T22:57:43.611Z] I0217 06:57:43.610404   13852 dev.go:104] Listening on address (HTTP + gRPC): 127.0.0.1:50001
 {"metadata":{"emulator":{"name":"dataconnect"},"message":"I0217 06:57:43.610404   13852 dev.go:104] Listening on address (HTTP + gRPC): 127.0.0.1:50001\n"}}
[error] [Firebase Plugin] error:  {}
[debug] [2026-02-16T22:57:45.748Z] <<< [apiv2][status] GET https://firebase.googleapis.com/v1beta1/projects 200
[debug] [2026-02-16T22:57:45.748Z] <<< [apiv2][body] GET https://firebase.googleapis.com/v1beta1/projects [omitted]
[debug] [2026-02-16T22:57:53.599Z] E0217 06:57:53.599067   13852 watch.go:40] Failed to load config from "f:\\campus-management-system\\dataconnect": could not find dataconnect.yaml in `f:\campus-management-system\dataconnect`
 {"metadata":{"emulator":{"name":"dataconnect"},"message":"E0217 06:57:53.599067   13852 watch.go:40] Failed to load config from \"f:\\\\campus-management-system\\\\dataconnect\": could not find dataconnect.yaml in `f:\\campus-management-system\\dataconnect`\n"}}
[debug] [2026-02-16T22:58:03.637Z] E0217 06:58:03.599275   13852 watch.go:40] Failed to load config from "f:\\campus-management-system\\dataconnect": could not find dataconnect.yaml in `f:\campus-management-system\dataconnect`
 {"metadata":{"emulator":{"name":"dataconnect"},"message":"E0217 06:58:03.599275   13852 watch.go:40] Failed to load config from \"f:\\\\campus-management-system\\\\dataconnect\": could not find dataconnect.yaml in `f:\\campus-management-system\\dataconnect`\n"}}
[debug] [2026-02-16T22:58:13.599Z] E0217 06:58:13.599445   13852 watch.go:40] Failed to load config from "f:\\campus-management-system\\dataconnect": could not find dataconnect.yaml in `f:\campus-management-system\dataconnect`
 {"metadata":{"emulator":{"name":"dataconnect"},"message":"E0217 06:58:13.599445   13852 watch.go:40] Failed to load config from \"f:\\\\campus-management-system\\\\dataconnect\": could not find dataconnect.yaml in `f:\\campus-management-system\\dataconnect`\n"}}
[debug] [2026-02-16T22:58:23.599Z] E0217 06:58:23.599083   13852 watch.go:40] Failed to load config from "f:\\campus-management-system\\dataconnect": could not find dataconnect.yaml in `f:\campus-management-system\dataconnect`
 {"metadata":{"emulator":{"name":"dataconnect"},"message":"E0217 06:58:23.599083   13852 watch.go:40] Failed to load config from \"f:\\\\campus-management-system\\\\dataconnect\": could not find dataconnect.yaml in `f:\\campus-management-system\\dataconnect`\n"}}
[debug] [2026-02-16T22:58:33.599Z] E0217 06:58:33.599196   13852 watch.go:40] Failed to load config from "f:\\campus-management-system\\dataconnect": could not find dataconnect.yaml in `f:\campus-management-system\dataconnect`
 {"metadata":{"emulator":{"name":"dataconnect"},"message":"E0217 06:58:33.599196   13852 watch.go:40] Failed to load config from \"f:\\\\campus-management-system\\\\dataconnect\": could not find dataconnect.yaml in `f:\\campus-management-system\\dataconnect`\n"}}
[debug] [2026-02-16T22:58:43.599Z] E0217 06:58:43.599332   13852 watch.go:116] watchAllDir unable to walk dir `f:\campus-management-system\dataconnect`: CreateFile f:\campus-management-system\dataconnect: The system cannot find the file specified.
E0217 06:58:43.599332   13852 watch.go:40] Failed to load config from "f:\\campus-management-system\\dataconnect": could not find dataconnect.yaml in `f:\campus-management-system\dataconnect`
 {"metadata":{"emulator":{"name":"dataconnect"},"message":"E0217 06:58:43.599332   13852 watch.go:116] watchAllDir unable to walk dir `f:\\campus-management-system\\dataconnect`: CreateFile f:\\campus-management-system\\dataconnect: The system cannot find the file specified.\nE0217 06:58:43.599332   13852 watch.go:40] Failed to load config from \"f:\\\\campus-management-system\\\\dataconnect\": could not find dataconnect.yaml in `f:\\campus-management-system\\dataconnect`\n"}}
[debug] [2026-02-16T22:58:53.599Z] E0217 06:58:53.599181   13852 watch.go:40] Failed to load config from "f:\\campus-management-system\\dataconnect": could not find dataconnect.yaml in `f:\campus-management-system\dataconnect`
 {"metadata":{"emulator":{"name":"dataconnect"},"message":"E0217 06:58:53.599181   13852 watch.go:40] Failed to load config from \"f:\\\\campus-management-system\\\\dataconnect\": could not find dataconnect.yaml in `f:\\campus-management-system\\dataconnect`\n"}}
[debug] [2026-02-16T22:59:03.599Z] E0217 06:59:03.599362   13852 watch.go:40] Failed to load config from "f:\\campus-management-system\\dataconnect": could not find dataconnect.yaml in `f:\campus-management-system\dataconnect`
 {"metadata":{"emulator":{"name":"dataconnect"},"message":"E0217 06:59:03.599362   13852 watch.go:40] Failed to load config from \"f:\\\\campus-management-system\\\\dataconnect\": could not find dataconnect.yaml in `f:\\campus-management-system\\dataconnect`\n"}}
[debug] [2026-02-16T22:59:13.599Z] E0217 06:59:13.599303   13852 watch.go:40] Failed to load config from "f:\\campus-management-system\\dataconnect": could not find dataconnect.yaml in `f:\campus-management-system\dataconnect`
 {"metadata":{"emulator":{"name":"dataconnect"},"message":"E0217 06:59:13.599303   13852 watch.go:40] Failed to load config from \"f:\\\\campus-management-system\\\\dataconnect\": could not find dataconnect.yaml in `f:\\campus-management-system\\dataconnect`\n"}}
[debug] [2026-02-16T22:59:23.599Z] E0217 06:59:23.599392   13852 watch.go:40] Failed to load config from "f:\\campus-management-system\\dataconnect": could not find dataconnect.yaml in `f:\campus-management-system\dataconnect`
 {"metadata":{"emulator":{"name":"dataconnect"},"message":"E0217 06:59:23.599392   13852 watch.go:40] Failed to load config from \"f:\\\\campus-management-system\\\\dataconnect\": could not find dataconnect.yaml in `f:\\campus-management-system\\dataconnect`\n"}}
[debug] [2026-02-16T22:59:33.599Z] E0217 06:59:33.599506   13852 watch.go:40] Failed to load config from "f:\\campus-management-system\\dataconnect": could not find dataconnect.yaml in `f:\campus-management-system\dataconnect`
 {"metadata":{"emulator":{"name":"dataconnect"},"message":"E0217 06:59:33.599506   13852 watch.go:40] Failed to load config from \"f:\\\\campus-management-system\\\\dataconnect\": could not find dataconnect.yaml in `f:\\campus-management-system\\dataconnect`\n"}}
[debug] [2026-02-16T22:59:43.599Z] E0217 06:59:43.599389   13852 watch.go:116] watchAllDir unable to walk dir `f:\campus-management-system\dataconnect`: CreateFile f:\campus-management-system\dataconnect: The system cannot find the file specified.
 {"metadata":{"emulator":{"name":"dataconnect"},"message":"E0217 06:59:43.599389   13852 watch.go:116] watchAllDir unable to walk dir `f:\\campus-management-system\\dataconnect`: CreateFile f:\\campus-management-system\\dataconnect: The system cannot find the file specified.\n"}}
[debug] [2026-02-16T22:59:43.599Z] E0217 06:59:43.599389   13852 watch.go:40] Failed to load config from "f:\\campus-management-system\\dataconnect": could not find dataconnect.yaml in `f:\campus-management-system\dataconnect`
 {"metadata":{"emulator":{"name":"dataconnect"},"message":"E0217 06:59:43.599389   13852 watch.go:40] Failed to load config from \"f:\\\\campus-management-system\\\\dataconnect\": could not find dataconnect.yaml in `f:\\campus-management-system\\dataconnect`\n"}}
[debug] [2026-02-16T22:59:53.599Z] E0217 06:59:53.599470   13852 watch.go:40] Failed to load config from "f:\\campus-management-system\\dataconnect": could not find dataconnect.yaml in `f:\campus-management-system\dataconnect`
 {"metadata":{"emulator":{"name":"dataconnect"},"message":"E0217 06:59:53.599470   13852 watch.go:40] Failed to load config from \"f:\\\\campus-management-system\\\\dataconnect\": could not find dataconnect.yaml in `f:\\campus-management-system\\dataconnect`\n"}}
[debug] [2026-02-16T23:00:03.599Z] E0217 07:00:03.599153   13852 watch.go:40] Failed to load config from "f:\\campus-management-system\\dataconnect": could not find dataconnect.yaml in `f:\campus-management-system\dataconnect`
 {"metadata":{"emulator":{"name":"dataconnect"},"message":"E0217 07:00:03.599153   13852 watch.go:40] Failed to load config from \"f:\\\\campus-management-system\\\\dataconnect\": could not find dataconnect.yaml in `f:\\campus-management-system\\dataconnect`\n"}}
[debug] [2026-02-16T23:00:13.599Z] E0217 07:00:13.599542   13852 watch.go:40] Failed to load config from "f:\\campus-management-system\\dataconnect": could not find dataconnect.yaml in `f:\campus-management-system\dataconnect`
 {"metadata":{"emulator":{"name":"dataconnect"},"message":"E0217 07:00:13.599542   13852 watch.go:40] Failed to load config from \"f:\\\\campus-management-system\\\\dataconnect\": could not find dataconnect.yaml in `f:\\campus-management-system\\dataconnect`\n"}}
[debug] [2026-02-16T23:00:23.599Z] E0217 07:00:23.599497   13852 watch.go:40] Failed to load config from "f:\\campus-management-system\\dataconnect": could not find dataconnect.yaml in `f:\campus-management-system\dataconnect`
 {"metadata":{"emulator":{"name":"dataconnect"},"message":"E0217 07:00:23.599497   13852 watch.go:40] Failed to load config from \"f:\\\\campus-management-system\\\\dataconnect\": could not find dataconnect.yaml in `f:\\campus-management-system\\dataconnect`\n"}}
[debug] [2026-02-16T23:00:33.599Z] E0217 07:00:33.599482   13852 watch.go:40] Failed to load config from "f:\\campus-management-system\\dataconnect": could not find dataconnect.yaml in `f:\campus-management-system\dataconnect`
 {"metadata":{"emulator":{"name":"dataconnect"},"message":"E0217 07:00:33.599482   13852 watch.go:40] Failed to load config from \"f:\\\\campus-management-system\\\\dataconnect\": could not find dataconnect.yaml in `f:\\campus-management-system\\dataconnect`\n"}}
[debug] [2026-02-16T23:00:43.599Z] E0217 07:00:43.599426   13852 watch.go:116] watchAllDir unable to walk dir `f:\campus-management-system\dataconnect`: CreateFile f:\campus-management-system\dataconnect: The system cannot find the file specified.
E0217 07:00:43.599426   13852 watch.go:40] Failed to load config from "f:\\campus-management-system\\dataconnect": could not find dataconnect.yaml in `f:\campus-management-system\dataconnect`
 {"metadata":{"emulator":{"name":"dataconnect"},"message":"E0217 07:00:43.599426   13852 watch.go:116] watchAllDir unable to walk dir `f:\\campus-management-system\\dataconnect`: CreateFile f:\\campus-management-system\\dataconnect: The system cannot find the file specified.\nE0217 07:00:43.599426   13852 watch.go:40] Failed to load config from \"f:\\\\campus-management-system\\\\dataconnect\": could not find dataconnect.yaml in `f:\\campus-management-system\\dataconnect`\n"}}
[debug] [2026-02-16T23:00:53.599Z] E0217 07:00:53.599344   13852 watch.go:40] Failed to load config from "f:\\campus-management-system\\dataconnect": could not find dataconnect.yaml in `f:\campus-management-system\dataconnect`
 {"metadata":{"emulator":{"name":"dataconnect"},"message":"E0217 07:00:53.599344   13852 watch.go:40] Failed to load config from \"f:\\\\campus-management-system\\\\dataconnect\": could not find dataconnect.yaml in `f:\\campus-management-system\\dataconnect`\n"}}
[debug] [2026-02-16T23:01:03.602Z] E0217 07:01:03.599202   13852 watch.go:40] Failed to load config from "f:\\campus-management-system\\dataconnect": could not find dataconnect.yaml in `f:\campus-management-system\dataconnect`
 {"metadata":{"emulator":{"name":"dataconnect"},"message":"E0217 07:01:03.599202   13852 watch.go:40] Failed to load config from \"f:\\\\campus-management-system\\\\dataconnect\": could not find dataconnect.yaml in `f:\\campus-management-system\\dataconnect`\n"}}
[debug] [2026-02-16T23:01:13.599Z] E0217 07:01:13.599346   13852 watch.go:40] Failed to load config from "f:\\campus-management-system\\dataconnect": could not find dataconnect.yaml in `f:\campus-management-system\dataconnect`
 {"metadata":{"emulator":{"name":"dataconnect"},"message":"E0217 07:01:13.599346   13852 watch.go:40] Failed to load config from \"f:\\\\campus-management-system\\\\dataconnect\": could not find dataconnect.yaml in `f:\\campus-management-system\\dataconnect`\n"}}
[debug] [2026-02-16T23:01:23.599Z] E0217 07:01:23.599054   13852 watch.go:40] Failed to load config from "f:\\campus-management-system\\dataconnect": could not find dataconnect.yaml in `f:\campus-management-system\dataconnect`
 {"metadata":{"emulator":{"name":"dataconnect"},"message":"E0217 07:01:23.599054   13852 watch.go:40] Failed to load config from \"f:\\\\campus-management-system\\\\dataconnect\": could not find dataconnect.yaml in `f:\\campus-management-system\\dataconnect`\n"}}
[debug] [2026-02-16T23:01:33.599Z] E0217 07:01:33.599551   13852 watch.go:40] Failed to load config from "f:\\campus-management-system\\dataconnect": could not find dataconnect.yaml in `f:\campus-management-system\dataconnect`
 {"metadata":{"emulator":{"name":"dataconnect"},"message":"E0217 07:01:33.599551   13852 watch.go:40] Failed to load config from \"f:\\\\campus-management-system\\\\dataconnect\": could not find dataconnect.yaml in `f:\\campus-management-system\\dataconnect`\n"}}
[debug] [2026-02-16T23:01:43.599Z] E0217 07:01:43.599053   13852 watch.go:116] watchAllDir unable to walk dir `f:\campus-management-system\dataconnect`: CreateFile f:\campus-management-system\dataconnect: The system cannot find the file specified.
E0217 07:01:43.599053   13852 watch.go:40] Failed to load config from "f:\\campus-management-system\\dataconnect": could not find dataconnect.yaml in `f:\campus-management-system\dataconnect`
 {"metadata":{"emulator":{"name":"dataconnect"},"message":"E0217 07:01:43.599053   13852 watch.go:116] watchAllDir unable to walk dir `f:\\campus-management-system\\dataconnect`: CreateFile f:\\campus-management-system\\dataconnect: The system cannot find the file specified.\nE0217 07:01:43.599053   13852 watch.go:40] Failed to load config from \"f:\\\\campus-management-system\\\\dataconnect\": could not find dataconnect.yaml in `f:\\campus-management-system\\dataconnect`\n"}}
[debug] [2026-02-16T23:01:53.599Z] E0217 07:01:53.599375   13852 watch.go:40] Failed to load config from "f:\\campus-management-system\\dataconnect": could not find dataconnect.yaml in `f:\campus-management-system\dataconnect`
 {"metadata":{"emulator":{"name":"dataconnect"},"message":"E0217 07:01:53.599375   13852 watch.go:40] Failed to load config from \"f:\\\\campus-management-system\\\\dataconnect\": could not find dataconnect.yaml in `f:\\campus-management-system\\dataconnect`\n"}}
[debug] [2026-02-16T23:02:03.599Z] E0217 07:02:03.599079   13852 watch.go:40] Failed to load config from "f:\\campus-management-system\\dataconnect": could not find dataconnect.yaml in `f:\campus-management-system\dataconnect`
 {"metadata":{"emulator":{"name":"dataconnect"},"message":"E0217 07:02:03.599079   13852 watch.go:40] Failed to load config from \"f:\\\\campus-management-system\\\\dataconnect\": could not find dataconnect.yaml in `f:\\campus-management-system\\dataconnect`\n"}}
[debug] [2026-02-16T23:02:13.599Z] E0217 07:02:13.599194   13852 watch.go:40] Failed to load config from "f:\\campus-management-system\\dataconnect": could not find dataconnect.yaml in `f:\campus-management-system\dataconnect`
 {"metadata":{"emulator":{"name":"dataconnect"},"message":"E0217 07:02:13.599194   13852 watch.go:40] Failed to load config from \"f:\\\\campus-management-system\\\\dataconnect\": could not find dataconnect.yaml in `f:\\campus-management-system\\dataconnect`\n"}}
[debug] [2026-02-16T23:02:23.599Z] E0217 07:02:23.599497   13852 watch.go:40] Failed to load config from "f:\\campus-management-system\\dataconnect": could not find dataconnect.yaml in `f:\campus-management-system\dataconnect`
 {"metadata":{"emulator":{"name":"dataconnect"},"message":"E0217 07:02:23.599497   13852 watch.go:40] Failed to load config from \"f:\\\\campus-management-system\\\\dataconnect\": could not find dataconnect.yaml in `f:\\campus-management-system\\dataconnect`\n"}}
[debug] [2026-02-16T23:02:33.599Z] E0217 07:02:33.599301   13852 watch.go:40] Failed to load config from "f:\\campus-management-system\\dataconnect": could not find dataconnect.yaml in `f:\campus-management-system\dataconnect`
 {"metadata":{"emulator":{"name":"dataconnect"},"message":"E0217 07:02:33.599301   13852 watch.go:40] Failed to load config from \"f:\\\\campus-management-system\\\\dataconnect\": could not find dataconnect.yaml in `f:\\campus-management-system\\dataconnect`\n"}}
[debug] [2026-02-16T23:02:43.599Z] E0217 07:02:43.599389   13852 watch.go:116] watchAllDir unable to walk dir `f:\campus-management-system\dataconnect`: CreateFile f:\campus-management-system\dataconnect: The system cannot find the file specified.
 {"metadata":{"emulator":{"name":"dataconnect"},"message":"E0217 07:02:43.599389   13852 watch.go:116] watchAllDir unable to walk dir `f:\\campus-management-system\\dataconnect`: CreateFile f:\\campus-management-system\\dataconnect: The system cannot find the file specified.\n"}}
[debug] [2026-02-16T23:02:43.599Z] E0217 07:02:43.599389   13852 watch.go:40] Failed to load config from "f:\\campus-management-system\\dataconnect": could not find dataconnect.yaml in `f:\campus-management-system\dataconnect`
 {"metadata":{"emulator":{"name":"dataconnect"},"message":"E0217 07:02:43.599389   13852 watch.go:40] Failed to load config from \"f:\\\\campus-management-system\\\\dataconnect\": could not find dataconnect.yaml in `f:\\campus-management-system\\dataconnect`\n"}}
[debug] [2026-02-16T23:02:53.599Z] E0217 07:02:53.599277   13852 watch.go:40] Failed to load config from "f:\\campus-management-system\\dataconnect": could not find dataconnect.yaml in `f:\campus-management-system\dataconnect`
 {"metadata":{"emulator":{"name":"dataconnect"},"message":"E0217 07:02:53.599277   13852 watch.go:40] Failed to load config from \"f:\\\\campus-management-system\\\\dataconnect\": could not find dataconnect.yaml in `f:\\campus-management-system\\dataconnect`\n"}}
[debug] [2026-02-16T23:03:03.599Z] E0217 07:03:03.599471   13852 watch.go:40] Failed to load config from "f:\\campus-management-system\\dataconnect": could not find dataconnect.yaml in `f:\campus-management-system\dataconnect`
 {"metadata":{"emulator":{"name":"dataconnect"},"message":"E0217 07:03:03.599471   13852 watch.go:40] Failed to load config from \"f:\\\\campus-management-system\\\\dataconnect\": could not find dataconnect.yaml in `f:\\campus-management-system\\dataconnect`\n"}}
[debug] [2026-02-16T23:03:13.599Z] E0217 07:03:13.599387   13852 watch.go:40] Failed to load config from "f:\\campus-management-system\\dataconnect": could not find dataconnect.yaml in `f:\campus-management-system\dataconnect`
 {"metadata":{"emulator":{"name":"dataconnect"},"message":"E0217 07:03:13.599387   13852 watch.go:40] Failed to load config from \"f:\\\\campus-management-system\\\\dataconnect\": could not find dataconnect.yaml in `f:\\campus-management-system\\dataconnect`\n"}}
[debug] [2026-02-16T23:03:23.600Z] E0217 07:03:23.600001   13852 watch.go:40] Failed to load config from "f:\\campus-management-system\\dataconnect": could not find dataconnect.yaml in `f:\campus-management-system\dataconnect`
 {"metadata":{"emulator":{"name":"dataconnect"},"message":"E0217 07:03:23.600001   13852 watch.go:40] Failed to load config from \"f:\\\\campus-management-system\\\\dataconnect\": could not find dataconnect.yaml in `f:\\campus-management-system\\dataconnect`\n"}}
[debug] [2026-02-16T23:03:33.599Z] E0217 07:03:33.599412   13852 watch.go:40] Failed to load config from "f:\\campus-management-system\\dataconnect": could not find dataconnect.yaml in `f:\campus-management-system\dataconnect`
 {"metadata":{"emulator":{"name":"dataconnect"},"message":"E0217 07:03:33.599412   13852 watch.go:40] Failed to load config from \"f:\\\\campus-management-system\\\\dataconnect\": could not find dataconnect.yaml in `f:\\campus-management-system\\dataconnect`\n"}}
[debug] [2026-02-16T23:03:43.599Z] E0217 07:03:43.599164   13852 watch.go:116] watchAllDir unable to walk dir `f:\campus-management-system\dataconnect`: CreateFile f:\campus-management-system\dataconnect: The system cannot find the file specified.
 {"metadata":{"emulator":{"name":"dataconnect"},"message":"E0217 07:03:43.599164   13852 watch.go:116] watchAllDir unable to walk dir `f:\\campus-management-system\\dataconnect`: CreateFile f:\\campus-management-system\\dataconnect: The system cannot find the file specified.\n"}}
[debug] [2026-02-16T23:03:43.599Z] E0217 07:03:43.599164   13852 watch.go:40] Failed to load config from "f:\\campus-management-system\\dataconnect": could not find dataconnect.yaml in `f:\campus-management-system\dataconnect`
 {"metadata":{"emulator":{"name":"dataconnect"},"message":"E0217 07:03:43.599164   13852 watch.go:40] Failed to load config from \"f:\\\\campus-management-system\\\\dataconnect\": could not find dataconnect.yaml in `f:\\campus-management-system\\dataconnect`\n"}}
[debug] [2026-02-16T23:03:53.598Z] E0217 07:03:53.599134   13852 watch.go:40] Failed to load config from "f:\\campus-management-system\\dataconnect": could not find dataconnect.yaml in `f:\campus-management-system\dataconnect`
 {"metadata":{"emulator":{"name":"dataconnect"},"message":"E0217 07:03:53.599134   13852 watch.go:40] Failed to load config from \"f:\\\\campus-management-system\\\\dataconnect\": could not find dataconnect.yaml in `f:\\campus-management-system\\dataconnect`\n"}}
[debug] [2026-02-16T23:04:03.599Z] E0217 07:04:03.599278   13852 watch.go:40] Failed to load config from "f:\\campus-management-system\\dataconnect": could not find dataconnect.yaml in `f:\campus-management-system\dataconnect`
 {"metadata":{"emulator":{"name":"dataconnect"},"message":"E0217 07:04:03.599278   13852 watch.go:40] Failed to load config from \"f:\\\\campus-management-system\\\\dataconnect\": could not find dataconnect.yaml in `f:\\campus-management-system\\dataconnect`\n"}}
[debug] [2026-02-16T23:04:13.599Z] E0217 07:04:13.599058   13852 watch.go:40] Failed to load config from "f:\\campus-management-system\\dataconnect": could not find dataconnect.yaml in `f:\campus-management-system\dataconnect`
 {"metadata":{"emulator":{"name":"dataconnect"},"message":"E0217 07:04:13.599058   13852 watch.go:40] Failed to load config from \"f:\\\\campus-management-system\\\\dataconnect\": could not find dataconnect.yaml in `f:\\campus-management-system\\dataconnect`\n"}}
[debug] [2026-02-16T23:04:23.599Z] E0217 07:04:23.599361   13852 watch.go:40] Failed to load config from "f:\\campus-management-system\\dataconnect": could not find dataconnect.yaml in `f:\campus-management-system\dataconnect`
 {"metadata":{"emulator":{"name":"dataconnect"},"message":"E0217 07:04:23.599361   13852 watch.go:40] Failed to load config from \"f:\\\\campus-management-system\\\\dataconnect\": could not find dataconnect.yaml in `f:\\campus-management-system\\dataconnect`\n"}}
[debug] [2026-02-16T23:04:33.599Z] E0217 07:04:33.599445   13852 watch.go:40] Failed to load config from "f:\\campus-management-system\\dataconnect": could not find dataconnect.yaml in `f:\campus-management-system\dataconnect`
 {"metadata":{"emulator":{"name":"dataconnect"},"message":"E0217 07:04:33.599445   13852 watch.go:40] Failed to load config from \"f:\\\\campus-management-system\\\\dataconnect\": could not find dataconnect.yaml in `f:\\campus-management-system\\dataconnect`\n"}}
[debug] [2026-02-16T23:04:43.598Z] E0217 07:04:43.599030   13852 watch.go:116] watchAllDir unable to walk dir `f:\campus-management-system\dataconnect`: CreateFile f:\campus-management-system\dataconnect: The system cannot find the file specified.
E0217 07:04:43.599030   13852 watch.go:40] Failed to load config from "f:\\campus-management-system\\dataconnect": could not find dataconnect.yaml in `f:\campus-management-system\dataconnect`
 {"metadata":{"emulator":{"name":"dataconnect"},"message":"E0217 07:04:43.599030   13852 watch.go:116] watchAllDir unable to walk dir `f:\\campus-management-system\\dataconnect`: CreateFile f:\\campus-management-system\\dataconnect: The system cannot find the file specified.\nE0217 07:04:43.599030   13852 watch.go:40] Failed to load config from \"f:\\\\campus-management-system\\\\dataconnect\": could not find dataconnect.yaml in `f:\\campus-management-system\\dataconnect`\n"}}
[debug] [2026-02-16T23:04:53.599Z] E0217 07:04:53.599224   13852 watch.go:40] Failed to load config from "f:\\campus-management-system\\dataconnect": could not find dataconnect.yaml in `f:\campus-management-system\dataconnect`
 {"metadata":{"emulator":{"name":"dataconnect"},"message":"E0217 07:04:53.599224   13852 watch.go:40] Failed to load config from \"f:\\\\campus-management-system\\\\dataconnect\": could not find dataconnect.yaml in `f:\\campus-management-system\\dataconnect`\n"}}
[debug] [2026-02-16T23:05:03.599Z] E0217 07:05:03.599045   13852 watch.go:40] Failed to load config from "f:\\campus-management-system\\dataconnect": could not find dataconnect.yaml in `f:\campus-management-system\dataconnect`
 {"metadata":{"emulator":{"name":"dataconnect"},"message":"E0217 07:05:03.599045   13852 watch.go:40] Failed to load config from \"f:\\\\campus-management-system\\\\dataconnect\": could not find dataconnect.yaml in `f:\\campus-management-system\\dataconnect`\n"}}
[debug] [2026-02-16T23:05:13.599Z] E0217 07:05:13.599077   13852 watch.go:40] Failed to load config from "f:\\campus-management-system\\dataconnect": could not find dataconnect.yaml in `f:\campus-management-system\dataconnect`
 {"metadata":{"emulator":{"name":"dataconnect"},"message":"E0217 07:05:13.599077   13852 watch.go:40] Failed to load config from \"f:\\\\campus-management-system\\\\dataconnect\": could not find dataconnect.yaml in `f:\\campus-management-system\\dataconnect`\n"}}
[debug] [2026-02-16T23:05:23.599Z] E0217 07:05:23.599539   13852 watch.go:40] Failed to load config from "f:\\campus-management-system\\dataconnect": could not find dataconnect.yaml in `f:\campus-management-system\dataconnect`
 {"metadata":{"emulator":{"name":"dataconnect"},"message":"E0217 07:05:23.599539   13852 watch.go:40] Failed to load config from \"f:\\\\campus-management-system\\\\dataconnect\": could not find dataconnect.yaml in `f:\\campus-management-system\\dataconnect`\n"}}
[debug] [2026-02-16T23:05:33.599Z] E0217 07:05:33.599048   13852 watch.go:40] Failed to load config from "f:\\campus-management-system\\dataconnect": could not find dataconnect.yaml in `f:\campus-management-system\dataconnect`
 {"metadata":{"emulator":{"name":"dataconnect"},"message":"E0217 07:05:33.599048   13852 watch.go:40] Failed to load config from \"f:\\\\campus-management-system\\\\dataconnect\": could not find dataconnect.yaml in `f:\\campus-management-system\\dataconnect`\n"}}
[debug] [2026-02-16T23:05:43.599Z] E0217 07:05:43.599061   13852 watch.go:116] watchAllDir unable to walk dir `f:\campus-management-system\dataconnect`: CreateFile f:\campus-management-system\dataconnect: The system cannot find the file specified.
E0217 07:05:43.599061   13852 watch.go:40] Failed to load config from "f:\\campus-management-system\\dataconnect": could not find dataconnect.yaml in `f:\campus-management-system\dataconnect`
 {"metadata":{"emulator":{"name":"dataconnect"},"message":"E0217 07:05:43.599061   13852 watch.go:116] watchAllDir unable to walk dir `f:\\campus-management-system\\dataconnect`: CreateFile f:\\campus-management-system\\dataconnect: The system cannot find the file specified.\nE0217 07:05:43.599061   13852 watch.go:40] Failed to load config from \"f:\\\\campus-management-system\\\\dataconnect\": could not find dataconnect.yaml in `f:\\campus-management-system\\dataconnect`\n"}}
[debug] [2026-02-16T23:05:53.598Z] E0217 07:05:53.599142   13852 watch.go:40] Failed to load config from "f:\\campus-management-system\\dataconnect": could not find dataconnect.yaml in `f:\campus-management-system\dataconnect`
 {"metadata":{"emulator":{"name":"dataconnect"},"message":"E0217 07:05:53.599142   13852 watch.go:40] Failed to load config from \"f:\\\\campus-management-system\\\\dataconnect\": could not find dataconnect.yaml in `f:\\campus-management-system\\dataconnect`\n"}}
[debug] [2026-02-16T23:06:03.598Z] E0217 07:06:03.599056   13852 watch.go:40] Failed to load config from "f:\\campus-management-system\\dataconnect": could not find dataconnect.yaml in `f:\campus-management-system\dataconnect`
 {"metadata":{"emulator":{"name":"dataconnect"},"message":"E0217 07:06:03.599056   13852 watch.go:40] Failed to load config from \"f:\\\\campus-management-system\\\\dataconnect\": could not find dataconnect.yaml in `f:\\campus-management-system\\dataconnect`\n"}}
[debug] [2026-02-16T23:06:13.599Z] E0217 07:06:13.599283   13852 watch.go:40] Failed to load config from "f:\\campus-management-system\\dataconnect": could not find dataconnect.yaml in `f:\campus-management-system\dataconnect`
 {"metadata":{"emulator":{"name":"dataconnect"},"message":"E0217 07:06:13.599283   13852 watch.go:40] Failed to load config from \"f:\\\\campus-management-system\\\\dataconnect\": could not find dataconnect.yaml in `f:\\campus-management-system\\dataconnect`\n"}}
[debug] [2026-02-16T23:06:23.598Z] E0217 07:06:23.599137   13852 watch.go:40] Failed to load config from "f:\\campus-management-system\\dataconnect": could not find dataconnect.yaml in `f:\campus-management-system\dataconnect`
 {"metadata":{"emulator":{"name":"dataconnect"},"message":"E0217 07:06:23.599137   13852 watch.go:40] Failed to load config from \"f:\\\\campus-management-system\\\\dataconnect\": could not find dataconnect.yaml in `f:\\campus-management-system\\dataconnect`\n"}}
[debug] [2026-02-16T23:06:33.598Z] E0217 07:06:33.599042   13852 watch.go:40] Failed to load config from "f:\\campus-management-system\\dataconnect": could not find dataconnect.yaml in `f:\campus-management-system\dataconnect`
 {"metadata":{"emulator":{"name":"dataconnect"},"message":"E0217 07:06:33.599042   13852 watch.go:40] Failed to load config from \"f:\\\\campus-management-system\\\\dataconnect\": could not find dataconnect.yaml in `f:\\campus-management-system\\dataconnect`\n"}}
[debug] [2026-02-16T23:06:43.599Z] E0217 07:06:43.599708   13852 watch.go:116] watchAllDir unable to walk dir `f:\campus-management-system\dataconnect`: CreateFile f:\campus-management-system\dataconnect: The system cannot find the file specified.
E0217 07:06:43.599708   13852 watch.go:40] Failed to load config from "f:\\campus-management-system\\dataconnect": could not find dataconnect.yaml in `f:\campus-management-system\dataconnect`
 {"metadata":{"emulator":{"name":"dataconnect"},"message":"E0217 07:06:43.599708   13852 watch.go:116] watchAllDir unable to walk dir `f:\\campus-management-system\\dataconnect`: CreateFile f:\\campus-management-system\\dataconnect: The system cannot find the file specified.\nE0217 07:06:43.599708   13852 watch.go:40] Failed to load config from \"f:\\\\campus-management-system\\\\dataconnect\": could not find dataconnect.yaml in `f:\\campus-management-system\\dataconnect`\n"}}
[debug] [2026-02-16T23:06:53.598Z] E0217 07:06:53.599096   13852 watch.go:40] Failed to load config from "f:\\campus-management-system\\dataconnect": could not find dataconnect.yaml in `f:\campus-management-system\dataconnect`
 {"metadata":{"emulator":{"name":"dataconnect"},"message":"E0217 07:06:53.599096   13852 watch.go:40] Failed to load config from \"f:\\\\campus-management-system\\\\dataconnect\": could not find dataconnect.yaml in `f:\\campus-management-system\\dataconnect`\n"}}
[debug] [2026-02-16T23:07:03.598Z] E0217 07:07:03.599088   13852 watch.go:40] Failed to load config from "f:\\campus-management-system\\dataconnect": could not find dataconnect.yaml in `f:\campus-management-system\dataconnect`
 {"metadata":{"emulator":{"name":"dataconnect"},"message":"E0217 07:07:03.599088   13852 watch.go:40] Failed to load config from \"f:\\\\campus-management-system\\\\dataconnect\": could not find dataconnect.yaml in `f:\\campus-management-system\\dataconnect`\n"}}
[debug] [2026-02-16T23:07:13.599Z] E0217 07:07:13.599468   13852 watch.go:40] Failed to load config from "f:\\campus-management-system\\dataconnect": could not find dataconnect.yaml in `f:\campus-management-system\dataconnect`
 {"metadata":{"emulator":{"name":"dataconnect"},"message":"E0217 07:07:13.599468   13852 watch.go:40] Failed to load config from \"f:\\\\campus-management-system\\\\dataconnect\": could not find dataconnect.yaml in `f:\\campus-management-system\\dataconnect`\n"}}
[debug] [2026-02-16T23:07:23.599Z] E0217 07:07:23.599097   13852 watch.go:40] Failed to load config from "f:\\campus-management-system\\dataconnect": could not find dataconnect.yaml in `f:\campus-management-system\dataconnect`
 {"metadata":{"emulator":{"name":"dataconnect"},"message":"E0217 07:07:23.599097   13852 watch.go:40] Failed to load config from \"f:\\\\campus-management-system\\\\dataconnect\": could not find dataconnect.yaml in `f:\\campus-management-system\\dataconnect`\n"}}
[debug] [2026-02-16T23:07:33.599Z] E0217 07:07:33.599295   13852 watch.go:40] Failed to load config from "f:\\campus-management-system\\dataconnect": could not find dataconnect.yaml in `f:\campus-management-system\dataconnect`
 {"metadata":{"emulator":{"name":"dataconnect"},"message":"E0217 07:07:33.599295   13852 watch.go:40] Failed to load config from \"f:\\\\campus-management-system\\\\dataconnect\": could not find dataconnect.yaml in `f:\\campus-management-system\\dataconnect`\n"}}
[debug] [2026-02-16T23:07:43.599Z] E0217 07:07:43.599100   13852 watch.go:116] watchAllDir unable to walk dir `f:\campus-management-system\dataconnect`: CreateFile f:\campus-management-system\dataconnect: The system cannot find the file specified.
E0217 07:07:43.599100   13852 watch.go:40] Failed to load config from "f:\\campus-management-system\\dataconnect": could not find dataconnect.yaml in `f:\campus-management-system\dataconnect`
 {"metadata":{"emulator":{"name":"dataconnect"},"message":"E0217 07:07:43.599100   13852 watch.go:116] watchAllDir unable to walk dir `f:\\campus-management-system\\dataconnect`: CreateFile f:\\campus-management-system\\dataconnect: The system cannot find the file specified.\nE0217 07:07:43.599100   13852 watch.go:40] Failed to load config from \"f:\\\\campus-management-system\\\\dataconnect\": could not find dataconnect.yaml in `f:\\campus-management-system\\dataconnect`\n"}}
[debug] [2026-02-16T23:07:53.599Z] E0217 07:07:53.599226   13852 watch.go:40] Failed to load config from "f:\\campus-management-system\\dataconnect": could not find dataconnect.yaml in `f:\campus-management-system\dataconnect`
 {"metadata":{"emulator":{"name":"dataconnect"},"message":"E0217 07:07:53.599226   13852 watch.go:40] Failed to load config from \"f:\\\\campus-management-system\\\\dataconnect\": could not find dataconnect.yaml in `f:\\campus-management-system\\dataconnect`\n"}}
[debug] [2026-02-16T23:08:03.599Z] E0217 07:08:03.599451   13852 watch.go:40] Failed to load config from "f:\\campus-management-system\\dataconnect": could not find dataconnect.yaml in `f:\campus-management-system\dataconnect`
 {"metadata":{"emulator":{"name":"dataconnect"},"message":"E0217 07:08:03.599451   13852 watch.go:40] Failed to load config from \"f:\\\\campus-management-system\\\\dataconnect\": could not find dataconnect.yaml in `f:\\campus-management-system\\dataconnect`\n"}}
[debug] [2026-02-16T23:08:13.599Z] E0217 07:08:13.599061   13852 watch.go:40] Failed to load config from "f:\\campus-management-system\\dataconnect": could not find dataconnect.yaml in `f:\campus-management-system\dataconnect`
 {"metadata":{"emulator":{"name":"dataconnect"},"message":"E0217 07:08:13.599061   13852 watch.go:40] Failed to load config from \"f:\\\\campus-management-system\\\\dataconnect\": could not find dataconnect.yaml in `f:\\campus-management-system\\dataconnect`\n"}}
[debug] [2026-02-16T23:08:23.599Z] E0217 07:08:23.599460   13852 watch.go:40] Failed to load config from "f:\\campus-management-system\\dataconnect": could not find dataconnect.yaml in `f:\campus-management-system\dataconnect`
 {"metadata":{"emulator":{"name":"dataconnect"},"message":"E0217 07:08:23.599460   13852 watch.go:40] Failed to load config from \"f:\\\\campus-management-system\\\\dataconnect\": could not find dataconnect.yaml in `f:\\campus-management-system\\dataconnect`\n"}}
[debug] [2026-02-16T23:08:33.599Z] E0217 07:08:33.599287   13852 watch.go:40] Failed to load config from "f:\\campus-management-system\\dataconnect": could not find dataconnect.yaml in `f:\campus-management-system\dataconnect`
 {"metadata":{"emulator":{"name":"dataconnect"},"message":"E0217 07:08:33.599287   13852 watch.go:40] Failed to load config from \"f:\\\\campus-management-system\\\\dataconnect\": could not find dataconnect.yaml in `f:\\campus-management-system\\dataconnect`\n"}}
[info] [Firebase Plugin] Stopping Data Connect toolkit
[warn] !  Data Connect Emulator has exited upon receiving signal: SIGINT 
[debug] [2026-02-17T14:11:00.158Z] [Firebase Plugin] Activating Firebase extension.
[debug] [2026-02-17T14:11:02.384Z] [Firebase Plugin] requireAuthWrapper
[debug] [2026-02-17T14:11:02.385Z] > command requires scopes: ["email","openid","https://www.googleapis.com/auth/cloudplatformprojects.readonly","https://www.googleapis.com/auth/firebase","https://www.googleapis.com/auth/cloud-platform"]
[debug] [2026-02-17T14:11:02.386Z] > authorizing via signed-in user (skeeterdamian@gmail.com)
[debug] [2026-02-17T14:11:02.388Z] Checked if tokens are valid: false, expires at: 1771285228147
[debug] [2026-02-17T14:11:02.389Z] Checked if tokens are valid: false, expires at: 1771285228147
[debug] [2026-02-17T14:11:02.389Z] > refreshing access token with scopes: []
[debug] [2026-02-17T14:11:02.390Z] >>> [apiv2][query] POST https://www.googleapis.com/oauth2/v3/token [none]
[debug] [2026-02-17T14:11:02.390Z] >>> [apiv2][body] POST https://www.googleapis.com/oauth2/v3/token [omitted]
[debug] [2026-02-17T14:11:02.399Z] [Firebase Plugin] VSCode notification server listening on port 40001
[info] [Firebase Plugin] Starting Data Connect toolkit (version 3.1.1) on port 50001
[debug] [2026-02-17T14:11:02.852Z] 'fdc build' failed with error: Unable to build your Data Connect schema and connectors (exit code 1): E0217 22:11:02.828481   16420 cmd.go:43] Error loading data connect config: could not find dataconnect.yaml in `f:\campus-management-system\dataconnect`
 {"metadata":{"emulator":{"name":"dataconnect"},"message":"'fdc build' failed with error: Unable to build your Data Connect schema and connectors (exit code 1): E0217 22:11:02.828481   16420 cmd.go:43] Error loading data connect config: could not find dataconnect.yaml in `f:\\campus-management-system\\dataconnect`\n"}}
[debug] [2026-02-17T14:11:02.852Z] Ignoring unsupported arg: auto_download {"metadata":{"emulator":{"name":"dataconnect"},"message":"Ignoring unsupported arg: auto_download"}}
[debug] [2026-02-17T14:11:02.853Z] Ignoring unsupported arg: port {"metadata":{"emulator":{"name":"dataconnect"},"message":"Ignoring unsupported arg: port"}}
[debug] [2026-02-17T14:11:02.853Z] Starting Data Connect Emulator with command {"binary":"C:\\Users\\skeet\\.cache\\firebase\\emulators\\dataconnect-emulator-3.1.1.exe","args":["--logtostderr","-v=2","dev","--listen=localhost:50001","--config_dir=f:\\campus-management-system\\dataconnect","--enable_output_schema_extensions=true","--enable_output_generated_sdk=true"],"optionalArgs":["listen","config_dir","enable_output_schema_extensions","enable_output_generated_sdk"],"joinArgs":true,"shell":false,"port":9399} {"metadata":{"emulator":{"name":"dataconnect"},"message":"Starting Data Connect Emulator with command {\"binary\":\"C:\\\\Users\\\\skeet\\\\.cache\\\\firebase\\\\emulators\\\\dataconnect-emulator-3.1.1.exe\",\"args\":[\"--logtostderr\",\"-v=2\",\"dev\",\"--listen=localhost:50001\",\"--config_dir=f:\\\\campus-management-system\\\\dataconnect\",\"--enable_output_schema_extensions=true\",\"--enable_output_generated_sdk=true\"],\"optionalArgs\":[\"listen\",\"config_dir\",\"enable_output_schema_extensions\",\"enable_output_generated_sdk\"],\"joinArgs\":true,\"shell\":false,\"port\":9399}"}}
[info] i  dataconnect: Data Connect Emulator logging to dataconnect-debug.log {"metadata":{"emulator":{"name":"dataconnect"},"message":"Data Connect Emulator logging to \u001b[1mdataconnect-debug.log\u001b[22m"}}
[debug] [2026-02-17T14:11:02.919Z] E0217 22:11:02.876310   15704 dev.go:83] Failed to load initial config from "f:\\campus-management-system\\dataconnect": could not find dataconnect.yaml in `f:\campus-management-system\dataconnect`
E0217 22:11:02.903502   15704 watch.go:116] watchAllDir unable to walk dir `f:\campus-management-system\dataconnect`: CreateFile f:\campus-management-system\dataconnect: The system cannot find the file specified.
I0217 22:11:02.909889   15704 dev.go:104] Listening on address (HTTP + gRPC): 127.0.0.1:50001
 {"metadata":{"emulator":{"name":"dataconnect"},"message":"E0217 22:11:02.876310   15704 dev.go:83] Failed to load initial config from \"f:\\\\campus-management-system\\\\dataconnect\": could not find dataconnect.yaml in `f:\\campus-management-system\\dataconnect`\nE0217 22:11:02.903502   15704 watch.go:116] watchAllDir unable to walk dir `f:\\campus-management-system\\dataconnect`: CreateFile f:\\campus-management-system\\dataconnect: The system cannot find the file specified.\nI0217 22:11:02.909889   15704 dev.go:104] Listening on address (HTTP + gRPC): 127.0.0.1:50001\n"}}
[debug] [2026-02-17T14:11:03.377Z] <<< [apiv2][status] POST https://www.googleapis.com/oauth2/v3/token 200
[debug] [2026-02-17T14:11:03.378Z] <<< [apiv2][body] POST https://www.googleapis.com/oauth2/v3/token [omitted]
[debug] [2026-02-17T14:11:03.410Z] [Firebase Plugin] User found:  skeeterdamian@gmail.com
[info] [Firebase Plugin] (Core:Project) New user detected, fetching projects
[debug] [2026-02-17T14:11:03.411Z] Checked if tokens are valid: true, expires at: 1771341062378
[debug] [2026-02-17T14:11:03.411Z] >>> [apiv2][query] GET https://firebase.googleapis.com/v1beta1/projects pageSize=1000
[error] [Firebase Plugin] error:  {}
[debug] [2026-02-17T14:11:04.230Z] <<< [apiv2][status] GET https://firebase.googleapis.com/v1beta1/projects 200
[debug] [2026-02-17T14:11:04.231Z] <<< [apiv2][body] GET https://firebase.googleapis.com/v1beta1/projects [omitted]
[debug] [2026-02-17T14:11:12.903Z] E0217 22:11:12.903578   15704 watch.go:40] Failed to load config from "f:\\campus-management-system\\dataconnect": could not find dataconnect.yaml in `f:\campus-management-system\dataconnect`
 {"metadata":{"emulator":{"name":"dataconnect"},"message":"E0217 22:11:12.903578   15704 watch.go:40] Failed to load config from \"f:\\\\campus-management-system\\\\dataconnect\": could not find dataconnect.yaml in `f:\\campus-management-system\\dataconnect`\n"}}
[debug] [2026-02-17T14:11:22.903Z] E0217 22:11:22.903895   15704 watch.go:40] Failed to load config from "f:\\campus-management-system\\dataconnect": could not find dataconnect.yaml in `f:\campus-management-system\dataconnect`
 {"metadata":{"emulator":{"name":"dataconnect"},"message":"E0217 22:11:22.903895   15704 watch.go:40] Failed to load config from \"f:\\\\campus-management-system\\\\dataconnect\": could not find dataconnect.yaml in `f:\\campus-management-system\\dataconnect`\n"}}
[debug] [2026-02-17T14:11:32.903Z] E0217 22:11:32.903547   15704 watch.go:40] Failed to load config from "f:\\campus-management-system\\dataconnect": could not find dataconnect.yaml in `f:\campus-management-system\dataconnect`
 {"metadata":{"emulator":{"name":"dataconnect"},"message":"E0217 22:11:32.903547   15704 watch.go:40] Failed to load config from \"f:\\\\campus-management-system\\\\dataconnect\": could not find dataconnect.yaml in `f:\\campus-management-system\\dataconnect`\n"}}
[debug] [2026-02-17T14:11:42.904Z] E0217 22:11:42.904516   15704 watch.go:40] Failed to load config from "f:\\campus-management-system\\dataconnect": could not find dataconnect.yaml in `f:\campus-management-system\dataconnect`
 {"metadata":{"emulator":{"name":"dataconnect"},"message":"E0217 22:11:42.904516   15704 watch.go:40] Failed to load config from \"f:\\\\campus-management-system\\\\dataconnect\": could not find dataconnect.yaml in `f:\\campus-management-system\\dataconnect`\n"}}
[debug] [2026-02-17T14:11:52.904Z] E0217 22:11:52.903994   15704 watch.go:40] Failed to load config from "f:\\campus-management-system\\dataconnect": could not find dataconnect.yaml in `f:\campus-management-system\dataconnect`
 {"metadata":{"emulator":{"name":"dataconnect"},"message":"E0217 22:11:52.903994   15704 watch.go:40] Failed to load config from \"f:\\\\campus-management-system\\\\dataconnect\": could not find dataconnect.yaml in `f:\\campus-management-system\\dataconnect`\n"}}
[debug] [2026-02-17T14:12:02.904Z] E0217 22:12:02.903777   15704 watch.go:116] watchAllDir unable to walk dir `f:\campus-management-system\dataconnect`: CreateFile f:\campus-management-system\dataconnect: The system cannot find the file specified.
E0217 22:12:02.903777   15704 watch.go:40] Failed to load config from "f:\\campus-management-system\\dataconnect": could not find dataconnect.yaml in `f:\campus-management-system\dataconnect`
 {"metadata":{"emulator":{"name":"dataconnect"},"message":"E0217 22:12:02.903777   15704 watch.go:116] watchAllDir unable to walk dir `f:\\campus-management-system\\dataconnect`: CreateFile f:\\campus-management-system\\dataconnect: The system cannot find the file specified.\nE0217 22:12:02.903777   15704 watch.go:40] Failed to load config from \"f:\\\\campus-management-system\\\\dataconnect\": could not find dataconnect.yaml in `f:\\campus-management-system\\dataconnect`\n"}}
[debug] [2026-02-17T14:12:12.904Z] E0217 22:12:12.903998   15704 watch.go:40] Failed to load config from "f:\\campus-management-system\\dataconnect": could not find dataconnect.yaml in `f:\campus-management-system\dataconnect`
 {"metadata":{"emulator":{"name":"dataconnect"},"message":"E0217 22:12:12.903998   15704 watch.go:40] Failed to load config from \"f:\\\\campus-management-system\\\\dataconnect\": could not find dataconnect.yaml in `f:\\campus-management-system\\dataconnect`\n"}}
[debug] [2026-02-17T14:12:22.903Z] E0217 22:12:22.903547   15704 watch.go:40] Failed to load config from "f:\\campus-management-system\\dataconnect": could not find dataconnect.yaml in `f:\campus-management-system\dataconnect`
 {"metadata":{"emulator":{"name":"dataconnect"},"message":"E0217 22:12:22.903547   15704 watch.go:40] Failed to load config from \"f:\\\\campus-management-system\\\\dataconnect\": could not find dataconnect.yaml in `f:\\campus-management-system\\dataconnect`\n"}}
[debug] [2026-02-17T14:12:32.904Z] E0217 22:12:32.904024   15704 watch.go:40] Failed to load config from "f:\\campus-management-system\\dataconnect": could not find dataconnect.yaml in `f:\campus-management-system\dataconnect`
 {"metadata":{"emulator":{"name":"dataconnect"},"message":"E0217 22:12:32.904024   15704 watch.go:40] Failed to load config from \"f:\\\\campus-management-system\\\\dataconnect\": could not find dataconnect.yaml in `f:\\campus-management-system\\dataconnect`\n"}}
[debug] [2026-02-17T14:12:42.903Z] E0217 22:12:42.903538   15704 watch.go:40] Failed to load config from "f:\\campus-management-system\\dataconnect": could not find dataconnect.yaml in `f:\campus-management-system\dataconnect`
 {"metadata":{"emulator":{"name":"dataconnect"},"message":"E0217 22:12:42.903538   15704 watch.go:40] Failed to load config from \"f:\\\\campus-management-system\\\\dataconnect\": could not find dataconnect.yaml in `f:\\campus-management-system\\dataconnect`\n"}}
[debug] [2026-02-17T14:12:52.903Z] E0217 22:12:52.903699   15704 watch.go:40] Failed to load config from "f:\\campus-management-system\\dataconnect": could not find dataconnect.yaml in `f:\campus-management-system\dataconnect`
 {"metadata":{"emulator":{"name":"dataconnect"},"message":"E0217 22:12:52.903699   15704 watch.go:40] Failed to load config from \"f:\\\\campus-management-system\\\\dataconnect\": could not find dataconnect.yaml in `f:\\campus-management-system\\dataconnect`\n"}}
[debug] [2026-02-17T14:13:02.903Z] E0217 22:13:02.903755   15704 watch.go:116] watchAllDir unable to walk dir `f:\campus-management-system\dataconnect`: CreateFile f:\campus-management-system\dataconnect: The system cannot find the file specified.
E0217 22:13:02.903755   15704 watch.go:40] Failed to load config from "f:\\campus-management-system\\dataconnect": could not find dataconnect.yaml in `f:\campus-management-system\dataconnect`
 {"metadata":{"emulator":{"name":"dataconnect"},"message":"E0217 22:13:02.903755   15704 watch.go:116] watchAllDir unable to walk dir `f:\\campus-management-system\\dataconnect`: CreateFile f:\\campus-management-system\\dataconnect: The system cannot find the file specified.\nE0217 22:13:02.903755   15704 watch.go:40] Failed to load config from \"f:\\\\campus-management-system\\\\dataconnect\": could not find dataconnect.yaml in `f:\\campus-management-system\\dataconnect`\n"}}
[debug] [2026-02-17T14:13:12.905Z] E0217 22:13:12.905511   15704 watch.go:40] Failed to load config from "f:\\campus-management-system\\dataconnect": could not find dataconnect.yaml in `f:\campus-management-system\dataconnect`
 {"metadata":{"emulator":{"name":"dataconnect"},"message":"E0217 22:13:12.905511   15704 watch.go:40] Failed to load config from \"f:\\\\campus-management-system\\\\dataconnect\": could not find dataconnect.yaml in `f:\\campus-management-system\\dataconnect`\n"}}
[debug] [2026-02-17T14:13:22.903Z] E0217 22:13:22.903597   15704 watch.go:40] Failed to load config from "f:\\campus-management-system\\dataconnect": could not find dataconnect.yaml in `f:\campus-management-system\dataconnect`
 {"metadata":{"emulator":{"name":"dataconnect"},"message":"E0217 22:13:22.903597   15704 watch.go:40] Failed to load config from \"f:\\\\campus-management-system\\\\dataconnect\": could not find dataconnect.yaml in `f:\\campus-management-system\\dataconnect`\n"}}
[debug] [2026-02-17T14:13:32.903Z] E0217 22:13:32.903612   15704 watch.go:40] Failed to load config from "f:\\campus-management-system\\dataconnect": could not find dataconnect.yaml in `f:\campus-management-system\dataconnect`
 {"metadata":{"emulator":{"name":"dataconnect"},"message":"E0217 22:13:32.903612   15704 watch.go:40] Failed to load config from \"f:\\\\campus-management-system\\\\dataconnect\": could not find dataconnect.yaml in `f:\\campus-management-system\\dataconnect`\n"}}
[debug] [2026-02-17T14:13:42.903Z] E0217 22:13:42.903902   15704 watch.go:40] Failed to load config from "f:\\campus-management-system\\dataconnect": could not find dataconnect.yaml in `f:\campus-management-system\dataconnect`
 {"metadata":{"emulator":{"name":"dataconnect"},"message":"E0217 22:13:42.903902   15704 watch.go:40] Failed to load config from \"f:\\\\campus-management-system\\\\dataconnect\": could not find dataconnect.yaml in `f:\\campus-management-system\\dataconnect`\n"}}
[debug] [2026-02-17T14:13:52.903Z] E0217 22:13:52.903910   15704 watch.go:40] Failed to load config from "f:\\campus-management-system\\dataconnect": could not find dataconnect.yaml in `f:\campus-management-system\dataconnect`
 {"metadata":{"emulator":{"name":"dataconnect"},"message":"E0217 22:13:52.903910   15704 watch.go:40] Failed to load config from \"f:\\\\campus-management-system\\\\dataconnect\": could not find dataconnect.yaml in `f:\\campus-management-system\\dataconnect`\n"}}
[debug] [2026-02-17T14:14:02.903Z] E0217 22:14:02.903690   15704 watch.go:116] watchAllDir unable to walk dir `f:\campus-management-system\dataconnect`: CreateFile f:\campus-management-system\dataconnect: The system cannot find the file specified.
E0217 22:14:02.903690   15704 watch.go:40] Failed to load config from "f:\\campus-management-system\\dataconnect": could not find dataconnect.yaml in `f:\campus-management-system\dataconnect`
 {"metadata":{"emulator":{"name":"dataconnect"},"message":"E0217 22:14:02.903690   15704 watch.go:116] watchAllDir unable to walk dir `f:\\campus-management-system\\dataconnect`: CreateFile f:\\campus-management-system\\dataconnect: The system cannot find the file specified.\nE0217 22:14:02.903690   15704 watch.go:40] Failed to load config from \"f:\\\\campus-management-system\\\\dataconnect\": could not find dataconnect.yaml in `f:\\campus-management-system\\dataconnect`\n"}}
[debug] [2026-02-17T14:14:12.903Z] E0217 22:14:12.903589   15704 watch.go:40] Failed to load config from "f:\\campus-management-system\\dataconnect": could not find dataconnect.yaml in `f:\campus-management-system\dataconnect`
 {"metadata":{"emulator":{"name":"dataconnect"},"message":"E0217 22:14:12.903589   15704 watch.go:40] Failed to load config from \"f:\\\\campus-management-system\\\\dataconnect\": could not find dataconnect.yaml in `f:\\campus-management-system\\dataconnect`\n"}}
[debug] [2026-02-17T14:14:22.903Z] E0217 22:14:22.903880   15704 watch.go:40] Failed to load config from "f:\\campus-management-system\\dataconnect": could not find dataconnect.yaml in `f:\campus-management-system\dataconnect`
 {"metadata":{"emulator":{"name":"dataconnect"},"message":"E0217 22:14:22.903880   15704 watch.go:40] Failed to load config from \"f:\\\\campus-management-system\\\\dataconnect\": could not find dataconnect.yaml in `f:\\campus-management-system\\dataconnect`\n"}}
[debug] [2026-02-17T14:14:32.903Z] E0217 22:14:32.903588   15704 watch.go:40] Failed to load config from "f:\\campus-management-system\\dataconnect": could not find dataconnect.yaml in `f:\campus-management-system\dataconnect`
 {"metadata":{"emulator":{"name":"dataconnect"},"message":"E0217 22:14:32.903588   15704 watch.go:40] Failed to load config from \"f:\\\\campus-management-system\\\\dataconnect\": could not find dataconnect.yaml in `f:\\campus-management-system\\dataconnect`\n"}}
[debug] [2026-02-17T14:14:42.903Z] E0217 22:14:42.903803   15704 watch.go:40] Failed to load config from "f:\\campus-management-system\\dataconnect": could not find dataconnect.yaml in `f:\campus-management-system\dataconnect`
 {"metadata":{"emulator":{"name":"dataconnect"},"message":"E0217 22:14:42.903803   15704 watch.go:40] Failed to load config from \"f:\\\\campus-management-system\\\\dataconnect\": could not find dataconnect.yaml in `f:\\campus-management-system\\dataconnect`\n"}}
[debug] [2026-02-17T14:14:52.903Z] E0217 22:14:52.903555   15704 watch.go:40] Failed to load config from "f:\\campus-management-system\\dataconnect": could not find dataconnect.yaml in `f:\campus-management-system\dataconnect`
 {"metadata":{"emulator":{"name":"dataconnect"},"message":"E0217 22:14:52.903555   15704 watch.go:40] Failed to load config from \"f:\\\\campus-management-system\\\\dataconnect\": could not find dataconnect.yaml in `f:\\campus-management-system\\dataconnect`\n"}}
[debug] [2026-02-17T14:15:02.903Z] E0217 22:15:02.903658   15704 watch.go:116] watchAllDir unable to walk dir `f:\campus-management-system\dataconnect`: CreateFile f:\campus-management-system\dataconnect: The system cannot find the file specified.
E0217 22:15:02.903658   15704 watch.go:40] Failed to load config from "f:\\campus-management-system\\dataconnect": could not find dataconnect.yaml in `f:\campus-management-system\dataconnect`
 {"metadata":{"emulator":{"name":"dataconnect"},"message":"E0217 22:15:02.903658   15704 watch.go:116] watchAllDir unable to walk dir `f:\\campus-management-system\\dataconnect`: CreateFile f:\\campus-management-system\\dataconnect: The system cannot find the file specified.\nE0217 22:15:02.903658   15704 watch.go:40] Failed to load config from \"f:\\\\campus-management-system\\\\dataconnect\": could not find dataconnect.yaml in `f:\\campus-management-system\\dataconnect`\n"}}
[debug] [2026-02-17T14:15:12.903Z] E0217 22:15:12.903651   15704 watch.go:40] Failed to load config from "f:\\campus-management-system\\dataconnect": could not find dataconnect.yaml in `f:\campus-management-system\dataconnect`
 {"metadata":{"emulator":{"name":"dataconnect"},"message":"E0217 22:15:12.903651   15704 watch.go:40] Failed to load config from \"f:\\\\campus-management-system\\\\dataconnect\": could not find dataconnect.yaml in `f:\\campus-management-system\\dataconnect`\n"}}
[debug] [2026-02-17T14:15:22.903Z] E0217 22:15:22.903590   15704 watch.go:40] Failed to load config from "f:\\campus-management-system\\dataconnect": could not find dataconnect.yaml in `f:\campus-management-system\dataconnect`
 {"metadata":{"emulator":{"name":"dataconnect"},"message":"E0217 22:15:22.903590   15704 watch.go:40] Failed to load config from \"f:\\\\campus-management-system\\\\dataconnect\": could not find dataconnect.yaml in `f:\\campus-management-system\\dataconnect`\n"}}
[debug] [2026-02-17T14:15:32.903Z] E0217 22:15:32.903554   15704 watch.go:40] Failed to load config from "f:\\campus-management-system\\dataconnect": could not find dataconnect.yaml in `f:\campus-management-system\dataconnect`
 {"metadata":{"emulator":{"name":"dataconnect"},"message":"E0217 22:15:32.903554   15704 watch.go:40] Failed to load config from \"f:\\\\campus-management-system\\\\dataconnect\": could not find dataconnect.yaml in `f:\\campus-management-system\\dataconnect`\n"}}
[debug] [2026-02-17T14:15:42.903Z] E0217 22:15:42.903969   15704 watch.go:40] Failed to load config from "f:\\campus-management-system\\dataconnect": could not find dataconnect.yaml in `f:\campus-management-system\dataconnect`
 {"metadata":{"emulator":{"name":"dataconnect"},"message":"E0217 22:15:42.903969   15704 watch.go:40] Failed to load config from \"f:\\\\campus-management-system\\\\dataconnect\": could not find dataconnect.yaml in `f:\\campus-management-system\\dataconnect`\n"}}
[debug] [2026-02-17T14:15:52.904Z] E0217 22:15:52.904382   15704 watch.go:40] Failed to load config from "f:\\campus-management-system\\dataconnect": could not find dataconnect.yaml in `f:\campus-management-system\dataconnect`
 {"metadata":{"emulator":{"name":"dataconnect"},"message":"E0217 22:15:52.904382   15704 watch.go:40] Failed to load config from \"f:\\\\campus-management-system\\\\dataconnect\": could not find dataconnect.yaml in `f:\\campus-management-system\\dataconnect`\n"}}
[debug] [2026-02-17T14:16:02.903Z] E0217 22:16:02.903695   15704 watch.go:40] Failed to load config from "f:\\campus-management-system\\dataconnect": could not find dataconnect.yaml in `f:\campus-management-system\dataconnect`
E0217 22:16:02.903695   15704 watch.go:116] watchAllDir unable to walk dir `f:\campus-management-system\dataconnect`: CreateFile f:\campus-management-system\dataconnect: The system cannot find the file specified.
 {"metadata":{"emulator":{"name":"dataconnect"},"message":"E0217 22:16:02.903695   15704 watch.go:40] Failed to load config from \"f:\\\\campus-management-system\\\\dataconnect\": could not find dataconnect.yaml in `f:\\campus-management-system\\dataconnect`\nE0217 22:16:02.903695   15704 watch.go:116] watchAllDir unable to walk dir `f:\\campus-management-system\\dataconnect`: CreateFile f:\\campus-management-system\\dataconnect: The system cannot find the file specified.\n"}}
[debug] [2026-02-17T14:16:12.903Z] E0217 22:16:12.903945   15704 watch.go:40] Failed to load config from "f:\\campus-management-system\\dataconnect": could not find dataconnect.yaml in `f:\campus-management-system\dataconnect`
 {"metadata":{"emulator":{"name":"dataconnect"},"message":"E0217 22:16:12.903945   15704 watch.go:40] Failed to load config from \"f:\\\\campus-management-system\\\\dataconnect\": could not find dataconnect.yaml in `f:\\campus-management-system\\dataconnect`\n"}}
[debug] [2026-02-17T14:16:22.903Z] E0217 22:16:22.903837   15704 watch.go:40] Failed to load config from "f:\\campus-management-system\\dataconnect": could not find dataconnect.yaml in `f:\campus-management-system\dataconnect`
 {"metadata":{"emulator":{"name":"dataconnect"},"message":"E0217 22:16:22.903837   15704 watch.go:40] Failed to load config from \"f:\\\\campus-management-system\\\\dataconnect\": could not find dataconnect.yaml in `f:\\campus-management-system\\dataconnect`\n"}}
[debug] [2026-02-17T14:16:32.903Z] E0217 22:16:32.903762   15704 watch.go:40] Failed to load config from "f:\\campus-management-system\\dataconnect": could not find dataconnect.yaml in `f:\campus-management-system\dataconnect`
 {"metadata":{"emulator":{"name":"dataconnect"},"message":"E0217 22:16:32.903762   15704 watch.go:40] Failed to load config from \"f:\\\\campus-management-system\\\\dataconnect\": could not find dataconnect.yaml in `f:\\campus-management-system\\dataconnect`\n"}}
[debug] [2026-02-17T14:16:42.903Z] E0217 22:16:42.903832   15704 watch.go:40] Failed to load config from "f:\\campus-management-system\\dataconnect": could not find dataconnect.yaml in `f:\campus-management-system\dataconnect`
 {"metadata":{"emulator":{"name":"dataconnect"},"message":"E0217 22:16:42.903832   15704 watch.go:40] Failed to load config from \"f:\\\\campus-management-system\\\\dataconnect\": could not find dataconnect.yaml in `f:\\campus-management-system\\dataconnect`\n"}}
[debug] [2026-02-17T14:16:52.903Z] E0217 22:16:52.903912   15704 watch.go:40] Failed to load config from "f:\\campus-management-system\\dataconnect": could not find dataconnect.yaml in `f:\campus-management-system\dataconnect`
 {"metadata":{"emulator":{"name":"dataconnect"},"message":"E0217 22:16:52.903912   15704 watch.go:40] Failed to load config from \"f:\\\\campus-management-system\\\\dataconnect\": could not find dataconnect.yaml in `f:\\campus-management-system\\dataconnect`\n"}}
[debug] [2026-02-17T14:17:02.903Z] E0217 22:17:02.903935   15704 watch.go:116] watchAllDir unable to walk dir `f:\campus-management-system\dataconnect`: CreateFile f:\campus-management-system\dataconnect: The system cannot find the file specified.
E0217 22:17:02.903935   15704 watch.go:40] Failed to load config from "f:\\campus-management-system\\dataconnect": could not find dataconnect.yaml in `f:\campus-management-system\dataconnect`
 {"metadata":{"emulator":{"name":"dataconnect"},"message":"E0217 22:17:02.903935   15704 watch.go:116] watchAllDir unable to walk dir `f:\\campus-management-system\\dataconnect`: CreateFile f:\\campus-management-system\\dataconnect: The system cannot find the file specified.\nE0217 22:17:02.903935   15704 watch.go:40] Failed to load config from \"f:\\\\campus-management-system\\\\dataconnect\": could not find dataconnect.yaml in `f:\\campus-management-system\\dataconnect`\n"}}
[debug] [2026-02-17T14:17:12.903Z] E0217 22:17:12.903779   15704 watch.go:40] Failed to load config from "f:\\campus-management-system\\dataconnect": could not find dataconnect.yaml in `f:\campus-management-system\dataconnect`
 {"metadata":{"emulator":{"name":"dataconnect"},"message":"E0217 22:17:12.903779   15704 watch.go:40] Failed to load config from \"f:\\\\campus-management-system\\\\dataconnect\": could not find dataconnect.yaml in `f:\\campus-management-system\\dataconnect`\n"}}
[debug] [2026-02-17T14:17:22.903Z] E0217 22:17:22.903554   15704 watch.go:40] Failed to load config from "f:\\campus-management-system\\dataconnect": could not find dataconnect.yaml in `f:\campus-management-system\dataconnect`
 {"metadata":{"emulator":{"name":"dataconnect"},"message":"E0217 22:17:22.903554   15704 watch.go:40] Failed to load config from \"f:\\\\campus-management-system\\\\dataconnect\": could not find dataconnect.yaml in `f:\\campus-management-system\\dataconnect`\n"}}
[debug] [2026-02-17T14:17:32.903Z] E0217 22:17:32.903962   15704 watch.go:40] Failed to load config from "f:\\campus-management-system\\dataconnect": could not find dataconnect.yaml in `f:\campus-management-system\dataconnect`
 {"metadata":{"emulator":{"name":"dataconnect"},"message":"E0217 22:17:32.903962   15704 watch.go:40] Failed to load config from \"f:\\\\campus-management-system\\\\dataconnect\": could not find dataconnect.yaml in `f:\\campus-management-system\\dataconnect`\n"}}
[debug] [2026-02-17T14:17:42.903Z] E0217 22:17:42.903929   15704 watch.go:40] Failed to load config from "f:\\campus-management-system\\dataconnect": could not find dataconnect.yaml in `f:\campus-management-system\dataconnect`
 {"metadata":{"emulator":{"name":"dataconnect"},"message":"E0217 22:17:42.903929   15704 watch.go:40] Failed to load config from \"f:\\\\campus-management-system\\\\dataconnect\": could not find dataconnect.yaml in `f:\\campus-management-system\\dataconnect`\n"}}
[debug] [2026-02-17T14:17:52.903Z] E0217 22:17:52.903831   15704 watch.go:40] Failed to load config from "f:\\campus-management-system\\dataconnect": could not find dataconnect.yaml in `f:\campus-management-system\dataconnect`
 {"metadata":{"emulator":{"name":"dataconnect"},"message":"E0217 22:17:52.903831   15704 watch.go:40] Failed to load config from \"f:\\\\campus-management-system\\\\dataconnect\": could not find dataconnect.yaml in `f:\\campus-management-system\\dataconnect`\n"}}
[debug] [2026-02-17T14:18:02.903Z] E0217 22:18:02.903790   15704 watch.go:116] watchAllDir unable to walk dir `f:\campus-management-system\dataconnect`: CreateFile f:\campus-management-system\dataconnect: The system cannot find the file specified.
E0217 22:18:02.903790   15704 watch.go:40] Failed to load config from "f:\\campus-management-system\\dataconnect": could not find dataconnect.yaml in `f:\campus-management-system\dataconnect`
 {"metadata":{"emulator":{"name":"dataconnect"},"message":"E0217 22:18:02.903790   15704 watch.go:116] watchAllDir unable to walk dir `f:\\campus-management-system\\dataconnect`: CreateFile f:\\campus-management-system\\dataconnect: The system cannot find the file specified.\nE0217 22:18:02.903790   15704 watch.go:40] Failed to load config from \"f:\\\\campus-management-system\\\\dataconnect\": could not find dataconnect.yaml in `f:\\campus-management-system\\dataconnect`\n"}}
[debug] [2026-02-17T14:18:12.903Z] E0217 22:18:12.903840   15704 watch.go:40] Failed to load config from "f:\\campus-management-system\\dataconnect": could not find dataconnect.yaml in `f:\campus-management-system\dataconnect`
 {"metadata":{"emulator":{"name":"dataconnect"},"message":"E0217 22:18:12.903840   15704 watch.go:40] Failed to load config from \"f:\\\\campus-management-system\\\\dataconnect\": could not find dataconnect.yaml in `f:\\campus-management-system\\dataconnect`\n"}}
[debug] [2026-02-17T14:18:22.903Z] E0217 22:18:22.903546   15704 watch.go:40] Failed to load config from "f:\\campus-management-system\\dataconnect": could not find dataconnect.yaml in `f:\campus-management-system\dataconnect`
 {"metadata":{"emulator":{"name":"dataconnect"},"message":"E0217 22:18:22.903546   15704 watch.go:40] Failed to load config from \"f:\\\\campus-management-system\\\\dataconnect\": could not find dataconnect.yaml in `f:\\campus-management-system\\dataconnect`\n"}}
[debug] [2026-02-17T14:18:32.903Z] E0217 22:18:32.903830   15704 watch.go:40] Failed to load config from "f:\\campus-management-system\\dataconnect": could not find dataconnect.yaml in `f:\campus-management-system\dataconnect`
 {"metadata":{"emulator":{"name":"dataconnect"},"message":"E0217 22:18:32.903830   15704 watch.go:40] Failed to load config from \"f:\\\\campus-management-system\\\\dataconnect\": could not find dataconnect.yaml in `f:\\campus-management-system\\dataconnect`\n"}}
[debug] [2026-02-17T14:18:42.903Z] E0217 22:18:42.903930   15704 watch.go:40] Failed to load config from "f:\\campus-management-system\\dataconnect": could not find dataconnect.yaml in `f:\campus-management-system\dataconnect`
 {"metadata":{"emulator":{"name":"dataconnect"},"message":"E0217 22:18:42.903930   15704 watch.go:40] Failed to load config from \"f:\\\\campus-management-system\\\\dataconnect\": could not find dataconnect.yaml in `f:\\campus-management-system\\dataconnect`\n"}}
[debug] [2026-02-17T14:18:52.903Z] E0217 22:18:52.903577   15704 watch.go:40] Failed to load config from "f:\\campus-management-system\\dataconnect": could not find dataconnect.yaml in `f:\campus-management-system\dataconnect`
 {"metadata":{"emulator":{"name":"dataconnect"},"message":"E0217 22:18:52.903577   15704 watch.go:40] Failed to load config from \"f:\\\\campus-management-system\\\\dataconnect\": could not find dataconnect.yaml in `f:\\campus-management-system\\dataconnect`\n"}}
[debug] [2026-02-17T14:19:02.903Z] E0217 22:19:02.903965   15704 watch.go:116] watchAllDir unable to walk dir `f:\campus-management-system\dataconnect`: CreateFile f:\campus-management-system\dataconnect: The system cannot find the file specified.
E0217 22:19:02.903965   15704 watch.go:40] Failed to load config from "f:\\campus-management-system\\dataconnect": could not find dataconnect.yaml in `f:\campus-management-system\dataconnect`
 {"metadata":{"emulator":{"name":"dataconnect"},"message":"E0217 22:19:02.903965   15704 watch.go:116] watchAllDir unable to walk dir `f:\\campus-management-system\\dataconnect`: CreateFile f:\\campus-management-system\\dataconnect: The system cannot find the file specified.\nE0217 22:19:02.903965   15704 watch.go:40] Failed to load config from \"f:\\\\campus-management-system\\\\dataconnect\": could not find dataconnect.yaml in `f:\\campus-management-system\\dataconnect`\n"}}
[debug] [2026-02-17T14:19:12.904Z] E0217 22:19:12.904019   15704 watch.go:40] Failed to load config from "f:\\campus-management-system\\dataconnect": could not find dataconnect.yaml in `f:\campus-management-system\dataconnect`
 {"metadata":{"emulator":{"name":"dataconnect"},"message":"E0217 22:19:12.904019   15704 watch.go:40] Failed to load config from \"f:\\\\campus-management-system\\\\dataconnect\": could not find dataconnect.yaml in `f:\\campus-management-system\\dataconnect`\n"}}
[debug] [2026-02-17T14:19:22.904Z] E0217 22:19:22.903924   15704 watch.go:40] Failed to load config from "f:\\campus-management-system\\dataconnect": could not find dataconnect.yaml in `f:\campus-management-system\dataconnect`
 {"metadata":{"emulator":{"name":"dataconnect"},"message":"E0217 22:19:22.903924   15704 watch.go:40] Failed to load config from \"f:\\\\campus-management-system\\\\dataconnect\": could not find dataconnect.yaml in `f:\\campus-management-system\\dataconnect`\n"}}
[debug] [2026-02-17T14:19:32.903Z] E0217 22:19:32.903755   15704 watch.go:40] Failed to load config from "f:\\campus-management-system\\dataconnect": could not find dataconnect.yaml in `f:\campus-management-system\dataconnect`
 {"metadata":{"emulator":{"name":"dataconnect"},"message":"E0217 22:19:32.903755   15704 watch.go:40] Failed to load config from \"f:\\\\campus-management-system\\\\dataconnect\": could not find dataconnect.yaml in `f:\\campus-management-system\\dataconnect`\n"}}
[debug] [2026-02-17T14:19:42.903Z] E0217 22:19:42.904019   15704 watch.go:40] Failed to load config from "f:\\campus-management-system\\dataconnect": could not find dataconnect.yaml in `f:\campus-management-system\dataconnect`
 {"metadata":{"emulator":{"name":"dataconnect"},"message":"E0217 22:19:42.904019   15704 watch.go:40] Failed to load config from \"f:\\\\campus-management-system\\\\dataconnect\": could not find dataconnect.yaml in `f:\\campus-management-system\\dataconnect`\n"}}
[debug] [2026-02-17T14:19:52.903Z] E0217 22:19:52.903831   15704 watch.go:40] Failed to load config from "f:\\campus-management-system\\dataconnect": could not find dataconnect.yaml in `f:\campus-management-system\dataconnect`
 {"metadata":{"emulator":{"name":"dataconnect"},"message":"E0217 22:19:52.903831   15704 watch.go:40] Failed to load config from \"f:\\\\campus-management-system\\\\dataconnect\": could not find dataconnect.yaml in `f:\\campus-management-system\\dataconnect`\n"}}
[debug] [2026-02-17T14:20:02.903Z] E0217 22:20:02.903872   15704 watch.go:116] watchAllDir unable to walk dir `f:\campus-management-system\dataconnect`: CreateFile f:\campus-management-system\dataconnect: The system cannot find the file specified.
E0217 22:20:02.903872   15704 watch.go:40] Failed to load config from "f:\\campus-management-system\\dataconnect": could not find dataconnect.yaml in `f:\campus-management-system\dataconnect`
 {"metadata":{"emulator":{"name":"dataconnect"},"message":"E0217 22:20:02.903872   15704 watch.go:116] watchAllDir unable to walk dir `f:\\campus-management-system\\dataconnect`: CreateFile f:\\campus-management-system\\dataconnect: The system cannot find the file specified.\nE0217 22:20:02.903872   15704 watch.go:40] Failed to load config from \"f:\\\\campus-management-system\\\\dataconnect\": could not find dataconnect.yaml in `f:\\campus-management-system\\dataconnect`\n"}}
[debug] [2026-02-17T14:20:12.903Z] E0217 22:20:12.903902   15704 watch.go:40] Failed to load config from "f:\\campus-management-system\\dataconnect": could not find dataconnect.yaml in `f:\campus-management-system\dataconnect`
 {"metadata":{"emulator":{"name":"dataconnect"},"message":"E0217 22:20:12.903902   15704 watch.go:40] Failed to load config from \"f:\\\\campus-management-system\\\\dataconnect\": could not find dataconnect.yaml in `f:\\campus-management-system\\dataconnect`\n"}}
[debug] [2026-02-17T14:20:22.903Z] E0217 22:20:22.903838   15704 watch.go:40] Failed to load config from "f:\\campus-management-system\\dataconnect": could not find dataconnect.yaml in `f:\campus-management-system\dataconnect`
 {"metadata":{"emulator":{"name":"dataconnect"},"message":"E0217 22:20:22.903838   15704 watch.go:40] Failed to load config from \"f:\\\\campus-management-system\\\\dataconnect\": could not find dataconnect.yaml in `f:\\campus-management-system\\dataconnect`\n"}}
[debug] [2026-02-17T14:20:32.903Z] E0217 22:20:32.903577   15704 watch.go:40] Failed to load config from "f:\\campus-management-system\\dataconnect": could not find dataconnect.yaml in `f:\campus-management-system\dataconnect`
 {"metadata":{"emulator":{"name":"dataconnect"},"message":"E0217 22:20:32.903577   15704 watch.go:40] Failed to load config from \"f:\\\\campus-management-system\\\\dataconnect\": could not find dataconnect.yaml in `f:\\campus-management-system\\dataconnect`\n"}}
[debug] [2026-02-17T14:20:42.903Z] E0217 22:20:42.903893   15704 watch.go:40] Failed to load config from "f:\\campus-management-system\\dataconnect": could not find dataconnect.yaml in `f:\campus-management-system\dataconnect`
 {"metadata":{"emulator":{"name":"dataconnect"},"message":"E0217 22:20:42.903893   15704 watch.go:40] Failed to load config from \"f:\\\\campus-management-system\\\\dataconnect\": could not find dataconnect.yaml in `f:\\campus-management-system\\dataconnect`\n"}}
[debug] [2026-02-17T14:20:52.903Z] E0217 22:20:52.903540   15704 watch.go:40] Failed to load config from "f:\\campus-management-system\\dataconnect": could not find dataconnect.yaml in `f:\campus-management-system\dataconnect`
 {"metadata":{"emulator":{"name":"dataconnect"},"message":"E0217 22:20:52.903540   15704 watch.go:40] Failed to load config from \"f:\\\\campus-management-system\\\\dataconnect\": could not find dataconnect.yaml in `f:\\campus-management-system\\dataconnect`\n"}}
[debug] [2026-02-17T14:21:02.903Z] E0217 22:21:02.903927   15704 watch.go:116] watchAllDir unable to walk dir `f:\campus-management-system\dataconnect`: CreateFile f:\campus-management-system\dataconnect: The system cannot find the file specified.
E0217 22:21:02.903927   15704 watch.go:40] Failed to load config from "f:\\campus-management-system\\dataconnect": could not find dataconnect.yaml in `f:\campus-management-system\dataconnect`
 {"metadata":{"emulator":{"name":"dataconnect"},"message":"E0217 22:21:02.903927   15704 watch.go:116] watchAllDir unable to walk dir `f:\\campus-management-system\\dataconnect`: CreateFile f:\\campus-management-system\\dataconnect: The system cannot find the file specified.\nE0217 22:21:02.903927   15704 watch.go:40] Failed to load config from \"f:\\\\campus-management-system\\\\dataconnect\": could not find dataconnect.yaml in `f:\\campus-management-system\\dataconnect`\n"}}
[debug] [2026-02-17T14:21:12.904Z] E0217 22:21:12.903942   15704 watch.go:40] Failed to load config from "f:\\campus-management-system\\dataconnect": could not find dataconnect.yaml in `f:\campus-management-system\dataconnect`
 {"metadata":{"emulator":{"name":"dataconnect"},"message":"E0217 22:21:12.903942   15704 watch.go:40] Failed to load config from \"f:\\\\campus-management-system\\\\dataconnect\": could not find dataconnect.yaml in `f:\\campus-management-system\\dataconnect`\n"}}
[debug] [2026-02-17T14:21:22.904Z] E0217 22:21:22.903920   15704 watch.go:40] Failed to load config from "f:\\campus-management-system\\dataconnect": could not find dataconnect.yaml in `f:\campus-management-system\dataconnect`
 {"metadata":{"emulator":{"name":"dataconnect"},"message":"E0217 22:21:22.903920   15704 watch.go:40] Failed to load config from \"f:\\\\campus-management-system\\\\dataconnect\": could not find dataconnect.yaml in `f:\\campus-management-system\\dataconnect`\n"}}
[debug] [2026-02-17T14:21:32.904Z] E0217 22:21:32.904000   15704 watch.go:40] Failed to load config from "f:\\campus-management-system\\dataconnect": could not find dataconnect.yaml in `f:\campus-management-system\dataconnect`
 {"metadata":{"emulator":{"name":"dataconnect"},"message":"E0217 22:21:32.904000   15704 watch.go:40] Failed to load config from \"f:\\\\campus-management-system\\\\dataconnect\": could not find dataconnect.yaml in `f:\\campus-management-system\\dataconnect`\n"}}
[debug] [2026-02-17T14:21:42.903Z] E0217 22:21:42.903583   15704 watch.go:40] Failed to load config from "f:\\campus-management-system\\dataconnect": could not find dataconnect.yaml in `f:\campus-management-system\dataconnect`
 {"metadata":{"emulator":{"name":"dataconnect"},"message":"E0217 22:21:42.903583   15704 watch.go:40] Failed to load config from \"f:\\\\campus-management-system\\\\dataconnect\": could not find dataconnect.yaml in `f:\\campus-management-system\\dataconnect`\n"}}
[debug] [2026-02-17T14:21:52.904Z] E0217 22:21:52.903852   15704 watch.go:40] Failed to load config from "f:\\campus-management-system\\dataconnect": could not find dataconnect.yaml in `f:\campus-management-system\dataconnect`
 {"metadata":{"emulator":{"name":"dataconnect"},"message":"E0217 22:21:52.903852   15704 watch.go:40] Failed to load config from \"f:\\\\campus-management-system\\\\dataconnect\": could not find dataconnect.yaml in `f:\\campus-management-system\\dataconnect`\n"}}
[debug] [2026-02-17T14:22:02.903Z] E0217 22:22:02.903557   15704 watch.go:116] watchAllDir unable to walk dir `f:\campus-management-system\dataconnect`: CreateFile f:\campus-management-system\dataconnect: The system cannot find the file specified.
E0217 22:22:02.903557   15704 watch.go:40] Failed to load config from "f:\\campus-management-system\\dataconnect": could not find dataconnect.yaml in `f:\campus-management-system\dataconnect`
 {"metadata":{"emulator":{"name":"dataconnect"},"message":"E0217 22:22:02.903557   15704 watch.go:116] watchAllDir unable to walk dir `f:\\campus-management-system\\dataconnect`: CreateFile f:\\campus-management-system\\dataconnect: The system cannot find the file specified.\nE0217 22:22:02.903557   15704 watch.go:40] Failed to load config from \"f:\\\\campus-management-system\\\\dataconnect\": could not find dataconnect.yaml in `f:\\campus-management-system\\dataconnect`\n"}}
[debug] [2026-02-17T14:22:12.903Z] E0217 22:22:12.903566   15704 watch.go:40] Failed to load config from "f:\\campus-management-system\\dataconnect": could not find dataconnect.yaml in `f:\campus-management-system\dataconnect`
 {"metadata":{"emulator":{"name":"dataconnect"},"message":"E0217 22:22:12.903566   15704 watch.go:40] Failed to load config from \"f:\\\\campus-management-system\\\\dataconnect\": could not find dataconnect.yaml in `f:\\campus-management-system\\dataconnect`\n"}}
[debug] [2026-02-17T14:22:22.903Z] E0217 22:22:22.903545   15704 watch.go:40] Failed to load config from "f:\\campus-management-system\\dataconnect": could not find dataconnect.yaml in `f:\campus-management-system\dataconnect`
 {"metadata":{"emulator":{"name":"dataconnect"},"message":"E0217 22:22:22.903545   15704 watch.go:40] Failed to load config from \"f:\\\\campus-management-system\\\\dataconnect\": could not find dataconnect.yaml in `f:\\campus-management-system\\dataconnect`\n"}}
[debug] [2026-02-17T14:22:32.904Z] E0217 22:22:32.904037   15704 watch.go:40] Failed to load config from "f:\\campus-management-system\\dataconnect": could not find dataconnect.yaml in `f:\campus-management-system\dataconnect`
 {"metadata":{"emulator":{"name":"dataconnect"},"message":"E0217 22:22:32.904037   15704 watch.go:40] Failed to load config from \"f:\\\\campus-management-system\\\\dataconnect\": could not find dataconnect.yaml in `f:\\campus-management-system\\dataconnect`\n"}}
[debug] [2026-02-17T14:22:42.903Z] E0217 22:22:42.904011   15704 watch.go:40] Failed to load config from "f:\\campus-management-system\\dataconnect": could not find dataconnect.yaml in `f:\campus-management-system\dataconnect`
 {"metadata":{"emulator":{"name":"dataconnect"},"message":"E0217 22:22:42.904011   15704 watch.go:40] Failed to load config from \"f:\\\\campus-management-system\\\\dataconnect\": could not find dataconnect.yaml in `f:\\campus-management-system\\dataconnect`\n"}}
[debug] [2026-02-17T14:22:52.903Z] E0217 22:22:52.903543   15704 watch.go:40] Failed to load config from "f:\\campus-management-system\\dataconnect": could not find dataconnect.yaml in `f:\campus-management-system\dataconnect`
 {"metadata":{"emulator":{"name":"dataconnect"},"message":"E0217 22:22:52.903543   15704 watch.go:40] Failed to load config from \"f:\\\\campus-management-system\\\\dataconnect\": could not find dataconnect.yaml in `f:\\campus-management-system\\dataconnect`\n"}}
[debug] [2026-02-17T14:23:02.903Z] E0217 22:23:02.903651   15704 watch.go:116] watchAllDir unable to walk dir `f:\campus-management-system\dataconnect`: CreateFile f:\campus-management-system\dataconnect: The system cannot find the file specified.
E0217 22:23:02.903651   15704 watch.go:40] Failed to load config from "f:\\campus-management-system\\dataconnect": could not find dataconnect.yaml in `f:\campus-management-system\dataconnect`
 {"metadata":{"emulator":{"name":"dataconnect"},"message":"E0217 22:23:02.903651   15704 watch.go:116] watchAllDir unable to walk dir `f:\\campus-management-system\\dataconnect`: CreateFile f:\\campus-management-system\\dataconnect: The system cannot find the file specified.\nE0217 22:23:02.903651   15704 watch.go:40] Failed to load config from \"f:\\\\campus-management-system\\\\dataconnect\": could not find dataconnect.yaml in `f:\\campus-management-system\\dataconnect`\n"}}
[debug] [2026-02-17T14:23:12.903Z] E0217 22:23:12.903583   15704 watch.go:40] Failed to load config from "f:\\campus-management-system\\dataconnect": could not find dataconnect.yaml in `f:\campus-management-system\dataconnect`
 {"metadata":{"emulator":{"name":"dataconnect"},"message":"E0217 22:23:12.903583   15704 watch.go:40] Failed to load config from \"f:\\\\campus-management-system\\\\dataconnect\": could not find dataconnect.yaml in `f:\\campus-management-system\\dataconnect`\n"}}
[debug] [2026-02-17T14:23:22.903Z] E0217 22:23:22.903939   15704 watch.go:40] Failed to load config from "f:\\campus-management-system\\dataconnect": could not find dataconnect.yaml in `f:\campus-management-system\dataconnect`
 {"metadata":{"emulator":{"name":"dataconnect"},"message":"E0217 22:23:22.903939   15704 watch.go:40] Failed to load config from \"f:\\\\campus-management-system\\\\dataconnect\": could not find dataconnect.yaml in `f:\\campus-management-system\\dataconnect`\n"}}
[debug] [2026-02-17T14:23:32.903Z] E0217 22:23:32.903830   15704 watch.go:40] Failed to load config from "f:\\campus-management-system\\dataconnect": could not find dataconnect.yaml in `f:\campus-management-system\dataconnect`
 {"metadata":{"emulator":{"name":"dataconnect"},"message":"E0217 22:23:32.903830   15704 watch.go:40] Failed to load config from \"f:\\\\campus-management-system\\\\dataconnect\": could not find dataconnect.yaml in `f:\\campus-management-system\\dataconnect`\n"}}
[debug] [2026-02-17T14:23:42.903Z] E0217 22:23:42.903606   15704 watch.go:40] Failed to load config from "f:\\campus-management-system\\dataconnect": could not find dataconnect.yaml in `f:\campus-management-system\dataconnect`
 {"metadata":{"emulator":{"name":"dataconnect"},"message":"E0217 22:23:42.903606   15704 watch.go:40] Failed to load config from \"f:\\\\campus-management-system\\\\dataconnect\": could not find dataconnect.yaml in `f:\\campus-management-system\\dataconnect`\n"}}
[debug] [2026-02-17T14:23:52.903Z] E0217 22:23:52.903657   15704 watch.go:40] Failed to load config from "f:\\campus-management-system\\dataconnect": could not find dataconnect.yaml in `f:\campus-management-system\dataconnect`
 {"metadata":{"emulator":{"name":"dataconnect"},"message":"E0217 22:23:52.903657   15704 watch.go:40] Failed to load config from \"f:\\\\campus-management-system\\\\dataconnect\": could not find dataconnect.yaml in `f:\\campus-management-system\\dataconnect`\n"}}
[debug] [2026-02-17T14:24:02.904Z] E0217 22:24:02.904032   15704 watch.go:116] watchAllDir unable to walk dir `f:\campus-management-system\dataconnect`: CreateFile f:\campus-management-system\dataconnect: The system cannot find the file specified.
E0217 22:24:02.904032   15704 watch.go:40] Failed to load config from "f:\\campus-management-system\\dataconnect": could not find dataconnect.yaml in `f:\campus-management-system\dataconnect`
 {"metadata":{"emulator":{"name":"dataconnect"},"message":"E0217 22:24:02.904032   15704 watch.go:116] watchAllDir unable to walk dir `f:\\campus-management-system\\dataconnect`: CreateFile f:\\campus-management-system\\dataconnect: The system cannot find the file specified.\nE0217 22:24:02.904032   15704 watch.go:40] Failed to load config from \"f:\\\\campus-management-system\\\\dataconnect\": could not find dataconnect.yaml in `f:\\campus-management-system\\dataconnect`\n"}}
[debug] [2026-02-17T14:24:12.904Z] E0217 22:24:12.904079   15704 watch.go:40] Failed to load config from "f:\\campus-management-system\\dataconnect": could not find dataconnect.yaml in `f:\campus-management-system\dataconnect`
 {"metadata":{"emulator":{"name":"dataconnect"},"message":"E0217 22:24:12.904079   15704 watch.go:40] Failed to load config from \"f:\\\\campus-management-system\\\\dataconnect\": could not find dataconnect.yaml in `f:\\campus-management-system\\dataconnect`\n"}}
[debug] [2026-02-17T14:24:22.903Z] E0217 22:24:22.904030   15704 watch.go:40] Failed to load config from "f:\\campus-management-system\\dataconnect": could not find dataconnect.yaml in `f:\campus-management-system\dataconnect`
 {"metadata":{"emulator":{"name":"dataconnect"},"message":"E0217 22:24:22.904030   15704 watch.go:40] Failed to load config from \"f:\\\\campus-management-system\\\\dataconnect\": could not find dataconnect.yaml in `f:\\campus-management-system\\dataconnect`\n"}}
[debug] [2026-02-17T14:24:32.903Z] E0217 22:24:32.903696   15704 watch.go:40] Failed to load config from "f:\\campus-management-system\\dataconnect": could not find dataconnect.yaml in `f:\campus-management-system\dataconnect`
 {"metadata":{"emulator":{"name":"dataconnect"},"message":"E0217 22:24:32.903696   15704 watch.go:40] Failed to load config from \"f:\\\\campus-management-system\\\\dataconnect\": could not find dataconnect.yaml in `f:\\campus-management-system\\dataconnect`\n"}}
[debug] [2026-02-17T14:24:42.904Z] E0217 22:24:42.904072   15704 watch.go:40] Failed to load config from "f:\\campus-management-system\\dataconnect": could not find dataconnect.yaml in `f:\campus-management-system\dataconnect`
 {"metadata":{"emulator":{"name":"dataconnect"},"message":"E0217 22:24:42.904072   15704 watch.go:40] Failed to load config from \"f:\\\\campus-management-system\\\\dataconnect\": could not find dataconnect.yaml in `f:\\campus-management-system\\dataconnect`\n"}}
[debug] [2026-02-17T14:24:52.903Z] E0217 22:24:52.903579   15704 watch.go:40] Failed to load config from "f:\\campus-management-system\\dataconnect": could not find dataconnect.yaml in `f:\campus-management-system\dataconnect`
 {"metadata":{"emulator":{"name":"dataconnect"},"message":"E0217 22:24:52.903579   15704 watch.go:40] Failed to load config from \"f:\\\\campus-management-system\\\\dataconnect\": could not find dataconnect.yaml in `f:\\campus-management-system\\dataconnect`\n"}}
[debug] [2026-02-17T14:25:02.903Z] E0217 22:25:02.903810   15704 watch.go:116] watchAllDir unable to walk dir `f:\campus-management-system\dataconnect`: CreateFile f:\campus-management-system\dataconnect: The system cannot find the file specified.
E0217 22:25:02.903810   15704 watch.go:40] Failed to load config from "f:\\campus-management-system\\dataconnect": could not find dataconnect.yaml in `f:\campus-management-system\dataconnect`
 {"metadata":{"emulator":{"name":"dataconnect"},"message":"E0217 22:25:02.903810   15704 watch.go:116] watchAllDir unable to walk dir `f:\\campus-management-system\\dataconnect`: CreateFile f:\\campus-management-system\\dataconnect: The system cannot find the file specified.\nE0217 22:25:02.903810   15704 watch.go:40] Failed to load config from \"f:\\\\campus-management-system\\\\dataconnect\": could not find dataconnect.yaml in `f:\\campus-management-system\\dataconnect`\n"}}
[debug] [2026-02-17T14:25:12.904Z] E0217 22:25:12.904108   15704 watch.go:40] Failed to load config from "f:\\campus-management-system\\dataconnect": could not find dataconnect.yaml in `f:\campus-management-system\dataconnect`
 {"metadata":{"emulator":{"name":"dataconnect"},"message":"E0217 22:25:12.904108   15704 watch.go:40] Failed to load config from \"f:\\\\campus-management-system\\\\dataconnect\": could not find dataconnect.yaml in `f:\\campus-management-system\\dataconnect`\n"}}
[debug] [2026-02-17T14:25:22.903Z] E0217 22:25:22.903614   15704 watch.go:40] Failed to load config from "f:\\campus-management-system\\dataconnect": could not find dataconnect.yaml in `f:\campus-management-system\dataconnect`
 {"metadata":{"emulator":{"name":"dataconnect"},"message":"E0217 22:25:22.903614   15704 watch.go:40] Failed to load config from \"f:\\\\campus-management-system\\\\dataconnect\": could not find dataconnect.yaml in `f:\\campus-management-system\\dataconnect`\n"}}
[debug] [2026-02-17T14:25:32.903Z] E0217 22:25:32.903867   15704 watch.go:40] Failed to load config from "f:\\campus-management-system\\dataconnect": could not find dataconnect.yaml in `f:\campus-management-system\dataconnect`
 {"metadata":{"emulator":{"name":"dataconnect"},"message":"E0217 22:25:32.903867   15704 watch.go:40] Failed to load config from \"f:\\\\campus-management-system\\\\dataconnect\": could not find dataconnect.yaml in `f:\\campus-management-system\\dataconnect`\n"}}
[debug] [2026-02-17T14:25:42.903Z] E0217 22:25:42.903547   15704 watch.go:40] Failed to load config from "f:\\campus-management-system\\dataconnect": could not find dataconnect.yaml in `f:\campus-management-system\dataconnect`
 {"metadata":{"emulator":{"name":"dataconnect"},"message":"E0217 22:25:42.903547   15704 watch.go:40] Failed to load config from \"f:\\\\campus-management-system\\\\dataconnect\": could not find dataconnect.yaml in `f:\\campus-management-system\\dataconnect`\n"}}
[debug] [2026-02-17T14:25:52.903Z] E0217 22:25:52.903761   15704 watch.go:40] Failed to load config from "f:\\campus-management-system\\dataconnect": could not find dataconnect.yaml in `f:\campus-management-system\dataconnect`
 {"metadata":{"emulator":{"name":"dataconnect"},"message":"E0217 22:25:52.903761   15704 watch.go:40] Failed to load config from \"f:\\\\campus-management-system\\\\dataconnect\": could not find dataconnect.yaml in `f:\\campus-management-system\\dataconnect`\n"}}
[debug] [2026-02-17T14:26:02.903Z] E0217 22:26:02.903836   15704 watch.go:116] watchAllDir unable to walk dir `f:\campus-management-system\dataconnect`: CreateFile f:\campus-management-system\dataconnect: The system cannot find the file specified.
E0217 22:26:02.903836   15704 watch.go:40] Failed to load config from "f:\\campus-management-system\\dataconnect": could not find dataconnect.yaml in `f:\campus-management-system\dataconnect`
 {"metadata":{"emulator":{"name":"dataconnect"},"message":"E0217 22:26:02.903836   15704 watch.go:116] watchAllDir unable to walk dir `f:\\campus-management-system\\dataconnect`: CreateFile f:\\campus-management-system\\dataconnect: The system cannot find the file specified.\nE0217 22:26:02.903836   15704 watch.go:40] Failed to load config from \"f:\\\\campus-management-system\\\\dataconnect\": could not find dataconnect.yaml in `f:\\campus-management-system\\dataconnect`\n"}}
[debug] [2026-02-17T14:26:12.903Z] E0217 22:26:12.903658   15704 watch.go:40] Failed to load config from "f:\\campus-management-system\\dataconnect": could not find dataconnect.yaml in `f:\campus-management-system\dataconnect`
 {"metadata":{"emulator":{"name":"dataconnect"},"message":"E0217 22:26:12.903658   15704 watch.go:40] Failed to load config from \"f:\\\\campus-management-system\\\\dataconnect\": could not find dataconnect.yaml in `f:\\campus-management-system\\dataconnect`\n"}}
[debug] [2026-02-17T14:26:22.903Z] E0217 22:26:22.903577   15704 watch.go:40] Failed to load config from "f:\\campus-management-system\\dataconnect": could not find dataconnect.yaml in `f:\campus-management-system\dataconnect`
 {"metadata":{"emulator":{"name":"dataconnect"},"message":"E0217 22:26:22.903577   15704 watch.go:40] Failed to load config from \"f:\\\\campus-management-system\\\\dataconnect\": could not find dataconnect.yaml in `f:\\campus-management-system\\dataconnect`\n"}}
[debug] [2026-02-17T14:26:32.903Z] E0217 22:26:32.903897   15704 watch.go:40] Failed to load config from "f:\\campus-management-system\\dataconnect": could not find dataconnect.yaml in `f:\campus-management-system\dataconnect`
 {"metadata":{"emulator":{"name":"dataconnect"},"message":"E0217 22:26:32.903897   15704 watch.go:40] Failed to load config from \"f:\\\\campus-management-system\\\\dataconnect\": could not find dataconnect.yaml in `f:\\campus-management-system\\dataconnect`\n"}}
[debug] [2026-02-17T14:26:42.903Z] E0217 22:26:42.903825   15704 watch.go:40] Failed to load config from "f:\\campus-management-system\\dataconnect": could not find dataconnect.yaml in `f:\campus-management-system\dataconnect`
 {"metadata":{"emulator":{"name":"dataconnect"},"message":"E0217 22:26:42.903825   15704 watch.go:40] Failed to load config from \"f:\\\\campus-management-system\\\\dataconnect\": could not find dataconnect.yaml in `f:\\campus-management-system\\dataconnect`\n"}}
[debug] [2026-02-17T14:26:52.903Z] E0217 22:26:52.903933   15704 watch.go:40] Failed to load config from "f:\\campus-management-system\\dataconnect": could not find dataconnect.yaml in `f:\campus-management-system\dataconnect`
 {"metadata":{"emulator":{"name":"dataconnect"},"message":"E0217 22:26:52.903933   15704 watch.go:40] Failed to load config from \"f:\\\\campus-management-system\\\\dataconnect\": could not find dataconnect.yaml in `f:\\campus-management-system\\dataconnect`\n"}}
[debug] [2026-02-17T14:27:02.903Z] E0217 22:27:02.903554   15704 watch.go:116] watchAllDir unable to walk dir `f:\campus-management-system\dataconnect`: CreateFile f:\campus-management-system\dataconnect: The system cannot find the file specified.
E0217 22:27:02.903554   15704 watch.go:40] Failed to load config from "f:\\campus-management-system\\dataconnect": could not find dataconnect.yaml in `f:\campus-management-system\dataconnect`
 {"metadata":{"emulator":{"name":"dataconnect"},"message":"E0217 22:27:02.903554   15704 watch.go:116] watchAllDir unable to walk dir `f:\\campus-management-system\\dataconnect`: CreateFile f:\\campus-management-system\\dataconnect: The system cannot find the file specified.\nE0217 22:27:02.903554   15704 watch.go:40] Failed to load config from \"f:\\\\campus-management-system\\\\dataconnect\": could not find dataconnect.yaml in `f:\\campus-management-system\\dataconnect`\n"}}
[debug] [2026-02-17T14:27:12.903Z] E0217 22:27:12.903927   15704 watch.go:40] Failed to load config from "f:\\campus-management-system\\dataconnect": could not find dataconnect.yaml in `f:\campus-management-system\dataconnect`
 {"metadata":{"emulator":{"name":"dataconnect"},"message":"E0217 22:27:12.903927   15704 watch.go:40] Failed to load config from \"f:\\\\campus-management-system\\\\dataconnect\": could not find dataconnect.yaml in `f:\\campus-management-system\\dataconnect`\n"}}
[debug] [2026-02-17T14:27:22.903Z] E0217 22:27:22.903629   15704 watch.go:40] Failed to load config from "f:\\campus-management-system\\dataconnect": could not find dataconnect.yaml in `f:\campus-management-system\dataconnect`
 {"metadata":{"emulator":{"name":"dataconnect"},"message":"E0217 22:27:22.903629   15704 watch.go:40] Failed to load config from \"f:\\\\campus-management-system\\\\dataconnect\": could not find dataconnect.yaml in `f:\\campus-management-system\\dataconnect`\n"}}
[debug] [2026-02-17T14:27:32.903Z] E0217 22:27:32.904031   15704 watch.go:40] Failed to load config from "f:\\campus-management-system\\dataconnect": could not find dataconnect.yaml in `f:\campus-management-system\dataconnect`
 {"metadata":{"emulator":{"name":"dataconnect"},"message":"E0217 22:27:32.904031   15704 watch.go:40] Failed to load config from \"f:\\\\campus-management-system\\\\dataconnect\": could not find dataconnect.yaml in `f:\\campus-management-system\\dataconnect`\n"}}
[debug] [2026-02-17T14:27:42.903Z] E0217 22:27:42.903537   15704 watch.go:40] Failed to load config from "f:\\campus-management-system\\dataconnect": could not find dataconnect.yaml in `f:\campus-management-system\dataconnect`
 {"metadata":{"emulator":{"name":"dataconnect"},"message":"E0217 22:27:42.903537   15704 watch.go:40] Failed to load config from \"f:\\\\campus-management-system\\\\dataconnect\": could not find dataconnect.yaml in `f:\\campus-management-system\\dataconnect`\n"}}
[debug] [2026-02-17T14:27:52.904Z] E0217 22:27:52.903944   15704 watch.go:40] Failed to load config from "f:\\campus-management-system\\dataconnect": could not find dataconnect.yaml in `f:\campus-management-system\dataconnect`
 {"metadata":{"emulator":{"name":"dataconnect"},"message":"E0217 22:27:52.903944   15704 watch.go:40] Failed to load config from \"f:\\\\campus-management-system\\\\dataconnect\": could not find dataconnect.yaml in `f:\\campus-management-system\\dataconnect`\n"}}
[debug] [2026-02-17T14:28:02.903Z] E0217 22:28:02.903828   15704 watch.go:116] watchAllDir unable to walk dir `f:\campus-management-system\dataconnect`: CreateFile f:\campus-management-system\dataconnect: The system cannot find the file specified.
E0217 22:28:02.903828   15704 watch.go:40] Failed to load config from "f:\\campus-management-system\\dataconnect": could not find dataconnect.yaml in `f:\campus-management-system\dataconnect`
 {"metadata":{"emulator":{"name":"dataconnect"},"message":"E0217 22:28:02.903828   15704 watch.go:116] watchAllDir unable to walk dir `f:\\campus-management-system\\dataconnect`: CreateFile f:\\campus-management-system\\dataconnect: The system cannot find the file specified.\nE0217 22:28:02.903828   15704 watch.go:40] Failed to load config from \"f:\\\\campus-management-system\\\\dataconnect\": could not find dataconnect.yaml in `f:\\campus-management-system\\dataconnect`\n"}}
[debug] [2026-02-17T14:28:12.903Z] E0217 22:28:12.903812   15704 watch.go:40] Failed to load config from "f:\\campus-management-system\\dataconnect": could not find dataconnect.yaml in `f:\campus-management-system\dataconnect`
 {"metadata":{"emulator":{"name":"dataconnect"},"message":"E0217 22:28:12.903812   15704 watch.go:40] Failed to load config from \"f:\\\\campus-management-system\\\\dataconnect\": could not find dataconnect.yaml in `f:\\campus-management-system\\dataconnect`\n"}}
[debug] [2026-02-17T14:28:22.903Z] E0217 22:28:22.903879   15704 watch.go:40] Failed to load config from "f:\\campus-management-system\\dataconnect": could not find dataconnect.yaml in `f:\campus-management-system\dataconnect`
 {"metadata":{"emulator":{"name":"dataconnect"},"message":"E0217 22:28:22.903879   15704 watch.go:40] Failed to load config from \"f:\\\\campus-management-system\\\\dataconnect\": could not find dataconnect.yaml in `f:\\campus-management-system\\dataconnect`\n"}}
[debug] [2026-02-17T14:28:32.904Z] E0217 22:28:32.904182   15704 watch.go:40] Failed to load config from "f:\\campus-management-system\\dataconnect": could not find dataconnect.yaml in `f:\campus-management-system\dataconnect`
 {"metadata":{"emulator":{"name":"dataconnect"},"message":"E0217 22:28:32.904182   15704 watch.go:40] Failed to load config from \"f:\\\\campus-management-system\\\\dataconnect\": could not find dataconnect.yaml in `f:\\campus-management-system\\dataconnect`\n"}}
[debug] [2026-02-17T14:28:42.903Z] E0217 22:28:42.903560   15704 watch.go:40] Failed to load config from "f:\\campus-management-system\\dataconnect": could not find dataconnect.yaml in `f:\campus-management-system\dataconnect`
 {"metadata":{"emulator":{"name":"dataconnect"},"message":"E0217 22:28:42.903560   15704 watch.go:40] Failed to load config from \"f:\\\\campus-management-system\\\\dataconnect\": could not find dataconnect.yaml in `f:\\campus-management-system\\dataconnect`\n"}}
[debug] [2026-02-17T14:28:52.903Z] E0217 22:28:52.903554   15704 watch.go:40] Failed to load config from "f:\\campus-management-system\\dataconnect": could not find dataconnect.yaml in `f:\campus-management-system\dataconnect`
 {"metadata":{"emulator":{"name":"dataconnect"},"message":"E0217 22:28:52.903554   15704 watch.go:40] Failed to load config from \"f:\\\\campus-management-system\\\\dataconnect\": could not find dataconnect.yaml in `f:\\campus-management-system\\dataconnect`\n"}}
[debug] [2026-02-17T14:29:02.903Z] E0217 22:29:02.903552   15704 watch.go:116] watchAllDir unable to walk dir `f:\campus-management-system\dataconnect`: CreateFile f:\campus-management-system\dataconnect: The system cannot find the file specified.
E0217 22:29:02.903552   15704 watch.go:40] Failed to load config from "f:\\campus-management-system\\dataconnect": could not find dataconnect.yaml in `f:\campus-management-system\dataconnect`
 {"metadata":{"emulator":{"name":"dataconnect"},"message":"E0217 22:29:02.903552   15704 watch.go:116] watchAllDir unable to walk dir `f:\\campus-management-system\\dataconnect`: CreateFile f:\\campus-management-system\\dataconnect: The system cannot find the file specified.\nE0217 22:29:02.903552   15704 watch.go:40] Failed to load config from \"f:\\\\campus-management-system\\\\dataconnect\": could not find dataconnect.yaml in `f:\\campus-management-system\\dataconnect`\n"}}
[debug] [2026-02-17T14:29:12.904Z] E0217 22:29:12.904447   15704 watch.go:40] Failed to load config from "f:\\campus-management-system\\dataconnect": could not find dataconnect.yaml in `f:\campus-management-system\dataconnect`
 {"metadata":{"emulator":{"name":"dataconnect"},"message":"E0217 22:29:12.904447   15704 watch.go:40] Failed to load config from \"f:\\\\campus-management-system\\\\dataconnect\": could not find dataconnect.yaml in `f:\\campus-management-system\\dataconnect`\n"}}
[debug] [2026-02-17T14:29:22.903Z] E0217 22:29:22.903842   15704 watch.go:40] Failed to load config from "f:\\campus-management-system\\dataconnect": could not find dataconnect.yaml in `f:\campus-management-system\dataconnect`
 {"metadata":{"emulator":{"name":"dataconnect"},"message":"E0217 22:29:22.903842   15704 watch.go:40] Failed to load config from \"f:\\\\campus-management-system\\\\dataconnect\": could not find dataconnect.yaml in `f:\\campus-management-system\\dataconnect`\n"}}
[debug] [2026-02-17T14:29:32.903Z] E0217 22:29:32.903904   15704 watch.go:40] Failed to load config from "f:\\campus-management-system\\dataconnect": could not find dataconnect.yaml in `f:\campus-management-system\dataconnect`
 {"metadata":{"emulator":{"name":"dataconnect"},"message":"E0217 22:29:32.903904   15704 watch.go:40] Failed to load config from \"f:\\\\campus-management-system\\\\dataconnect\": could not find dataconnect.yaml in `f:\\campus-management-system\\dataconnect`\n"}}
[debug] [2026-02-17T14:29:42.903Z] E0217 22:29:42.903539   15704 watch.go:40] Failed to load config from "f:\\campus-management-system\\dataconnect": could not find dataconnect.yaml in `f:\campus-management-system\dataconnect`
 {"metadata":{"emulator":{"name":"dataconnect"},"message":"E0217 22:29:42.903539   15704 watch.go:40] Failed to load config from \"f:\\\\campus-management-system\\\\dataconnect\": could not find dataconnect.yaml in `f:\\campus-management-system\\dataconnect`\n"}}
[debug] [2026-02-17T14:29:52.903Z] E0217 22:29:52.903544   15704 watch.go:40] Failed to load config from "f:\\campus-management-system\\dataconnect": could not find dataconnect.yaml in `f:\campus-management-system\dataconnect`
 {"metadata":{"emulator":{"name":"dataconnect"},"message":"E0217 22:29:52.903544   15704 watch.go:40] Failed to load config from \"f:\\\\campus-management-system\\\\dataconnect\": could not find dataconnect.yaml in `f:\\campus-management-system\\dataconnect`\n"}}
[debug] [2026-02-17T14:30:02.903Z] E0217 22:30:02.903858   15704 watch.go:116] watchAllDir unable to walk dir `f:\campus-management-system\dataconnect`: CreateFile f:\campus-management-system\dataconnect: The system cannot find the file specified.
E0217 22:30:02.903858   15704 watch.go:40] Failed to load config from "f:\\campus-management-system\\dataconnect": could not find dataconnect.yaml in `f:\campus-management-system\dataconnect`
 {"metadata":{"emulator":{"name":"dataconnect"},"message":"E0217 22:30:02.903858   15704 watch.go:116] watchAllDir unable to walk dir `f:\\campus-management-system\\dataconnect`: CreateFile f:\\campus-management-system\\dataconnect: The system cannot find the file specified.\nE0217 22:30:02.903858   15704 watch.go:40] Failed to load config from \"f:\\\\campus-management-system\\\\dataconnect\": could not find dataconnect.yaml in `f:\\campus-management-system\\dataconnect`\n"}}
[debug] [2026-02-17T14:30:12.903Z] E0217 22:30:12.903979   15704 watch.go:40] Failed to load config from "f:\\campus-management-system\\dataconnect": could not find dataconnect.yaml in `f:\campus-management-system\dataconnect`
 {"metadata":{"emulator":{"name":"dataconnect"},"message":"E0217 22:30:12.903979   15704 watch.go:40] Failed to load config from \"f:\\\\campus-management-system\\\\dataconnect\": could not find dataconnect.yaml in `f:\\campus-management-system\\dataconnect`\n"}}
[debug] [2026-02-17T14:30:22.903Z] E0217 22:30:22.903559   15704 watch.go:40] Failed to load config from "f:\\campus-management-system\\dataconnect": could not find dataconnect.yaml in `f:\campus-management-system\dataconnect`
 {"metadata":{"emulator":{"name":"dataconnect"},"message":"E0217 22:30:22.903559   15704 watch.go:40] Failed to load config from \"f:\\\\campus-management-system\\\\dataconnect\": could not find dataconnect.yaml in `f:\\campus-management-system\\dataconnect`\n"}}
[debug] [2026-02-17T14:30:32.903Z] E0217 22:30:32.903546   15704 watch.go:40] Failed to load config from "f:\\campus-management-system\\dataconnect": could not find dataconnect.yaml in `f:\campus-management-system\dataconnect`
 {"metadata":{"emulator":{"name":"dataconnect"},"message":"E0217 22:30:32.903546   15704 watch.go:40] Failed to load config from \"f:\\\\campus-management-system\\\\dataconnect\": could not find dataconnect.yaml in `f:\\campus-management-system\\dataconnect`\n"}}
[debug] [2026-02-17T14:30:42.903Z] E0217 22:30:42.903672   15704 watch.go:40] Failed to load config from "f:\\campus-management-system\\dataconnect": could not find dataconnect.yaml in `f:\campus-management-system\dataconnect`
 {"metadata":{"emulator":{"name":"dataconnect"},"message":"E0217 22:30:42.903672   15704 watch.go:40] Failed to load config from \"f:\\\\campus-management-system\\\\dataconnect\": could not find dataconnect.yaml in `f:\\campus-management-system\\dataconnect`\n"}}
[debug] [2026-02-17T14:30:52.903Z] E0217 22:30:52.903952   15704 watch.go:40] Failed to load config from "f:\\campus-management-system\\dataconnect": could not find dataconnect.yaml in `f:\campus-management-system\dataconnect`
 {"metadata":{"emulator":{"name":"dataconnect"},"message":"E0217 22:30:52.903952   15704 watch.go:40] Failed to load config from \"f:\\\\campus-management-system\\\\dataconnect\": could not find dataconnect.yaml in `f:\\campus-management-system\\dataconnect`\n"}}
[debug] [2026-02-17T14:31:02.903Z] E0217 22:31:02.903755   15704 watch.go:116] watchAllDir unable to walk dir `f:\campus-management-system\dataconnect`: CreateFile f:\campus-management-system\dataconnect: The system cannot find the file specified.
E0217 22:31:02.903755   15704 watch.go:40] Failed to load config from "f:\\campus-management-system\\dataconnect": could not find dataconnect.yaml in `f:\campus-management-system\dataconnect`
 {"metadata":{"emulator":{"name":"dataconnect"},"message":"E0217 22:31:02.903755   15704 watch.go:116] watchAllDir unable to walk dir `f:\\campus-management-system\\dataconnect`: CreateFile f:\\campus-management-system\\dataconnect: The system cannot find the file specified.\nE0217 22:31:02.903755   15704 watch.go:40] Failed to load config from \"f:\\\\campus-management-system\\\\dataconnect\": could not find dataconnect.yaml in `f:\\campus-management-system\\dataconnect`\n"}}
[debug] [2026-02-17T14:31:12.904Z] E0217 22:31:12.904189   15704 watch.go:40] Failed to load config from "f:\\campus-management-system\\dataconnect": could not find dataconnect.yaml in `f:\campus-management-system\dataconnect`
 {"metadata":{"emulator":{"name":"dataconnect"},"message":"E0217 22:31:12.904189   15704 watch.go:40] Failed to load config from \"f:\\\\campus-management-system\\\\dataconnect\": could not find dataconnect.yaml in `f:\\campus-management-system\\dataconnect`\n"}}
[debug] [2026-02-17T14:31:22.903Z] E0217 22:31:22.903675   15704 watch.go:40] Failed to load config from "f:\\campus-management-system\\dataconnect": could not find dataconnect.yaml in `f:\campus-management-system\dataconnect`
 {"metadata":{"emulator":{"name":"dataconnect"},"message":"E0217 22:31:22.903675   15704 watch.go:40] Failed to load config from \"f:\\\\campus-management-system\\\\dataconnect\": could not find dataconnect.yaml in `f:\\campus-management-system\\dataconnect`\n"}}
[debug] [2026-02-17T14:31:32.903Z] E0217 22:31:32.903652   15704 watch.go:40] Failed to load config from "f:\\campus-management-system\\dataconnect": could not find dataconnect.yaml in `f:\campus-management-system\dataconnect`
 {"metadata":{"emulator":{"name":"dataconnect"},"message":"E0217 22:31:32.903652   15704 watch.go:40] Failed to load config from \"f:\\\\campus-management-system\\\\dataconnect\": could not find dataconnect.yaml in `f:\\campus-management-system\\dataconnect`\n"}}
[debug] [2026-02-17T14:31:42.903Z] E0217 22:31:42.904003   15704 watch.go:40] Failed to load config from "f:\\campus-management-system\\dataconnect": could not find dataconnect.yaml in `f:\campus-management-system\dataconnect`
 {"metadata":{"emulator":{"name":"dataconnect"},"message":"E0217 22:31:42.904003   15704 watch.go:40] Failed to load config from \"f:\\\\campus-management-system\\\\dataconnect\": could not find dataconnect.yaml in `f:\\campus-management-system\\dataconnect`\n"}}
[debug] [2026-02-17T14:31:52.903Z] E0217 22:31:52.903983   15704 watch.go:40] Failed to load config from "f:\\campus-management-system\\dataconnect": could not find dataconnect.yaml in `f:\campus-management-system\dataconnect`
 {"metadata":{"emulator":{"name":"dataconnect"},"message":"E0217 22:31:52.903983   15704 watch.go:40] Failed to load config from \"f:\\\\campus-management-system\\\\dataconnect\": could not find dataconnect.yaml in `f:\\campus-management-system\\dataconnect`\n"}}
[debug] [2026-02-17T14:32:02.903Z] E0217 22:32:02.903601   15704 watch.go:116] watchAllDir unable to walk dir `f:\campus-management-system\dataconnect`: CreateFile f:\campus-management-system\dataconnect: The system cannot find the file specified.
E0217 22:32:02.903601   15704 watch.go:40] Failed to load config from "f:\\campus-management-system\\dataconnect": could not find dataconnect.yaml in `f:\campus-management-system\dataconnect`
 {"metadata":{"emulator":{"name":"dataconnect"},"message":"E0217 22:32:02.903601   15704 watch.go:116] watchAllDir unable to walk dir `f:\\campus-management-system\\dataconnect`: CreateFile f:\\campus-management-system\\dataconnect: The system cannot find the file specified.\nE0217 22:32:02.903601   15704 watch.go:40] Failed to load config from \"f:\\\\campus-management-system\\\\dataconnect\": could not find dataconnect.yaml in `f:\\campus-management-system\\dataconnect`\n"}}
[debug] [2026-02-17T14:32:12.904Z] E0217 22:32:12.904265   15704 watch.go:40] Failed to load config from "f:\\campus-management-system\\dataconnect": could not find dataconnect.yaml in `f:\campus-management-system\dataconnect`
 {"metadata":{"emulator":{"name":"dataconnect"},"message":"E0217 22:32:12.904265   15704 watch.go:40] Failed to load config from \"f:\\\\campus-management-system\\\\dataconnect\": could not find dataconnect.yaml in `f:\\campus-management-system\\dataconnect`\n"}}
[debug] [2026-02-17T14:32:22.903Z] E0217 22:32:22.903715   15704 watch.go:40] Failed to load config from "f:\\campus-management-system\\dataconnect": could not find dataconnect.yaml in `f:\campus-management-system\dataconnect`
 {"metadata":{"emulator":{"name":"dataconnect"},"message":"E0217 22:32:22.903715   15704 watch.go:40] Failed to load config from \"f:\\\\campus-management-system\\\\dataconnect\": could not find dataconnect.yaml in `f:\\campus-management-system\\dataconnect`\n"}}
[debug] [2026-02-17T14:32:32.903Z] E0217 22:32:32.903998   15704 watch.go:40] Failed to load config from "f:\\campus-management-system\\dataconnect": could not find dataconnect.yaml in `f:\campus-management-system\dataconnect`
 {"metadata":{"emulator":{"name":"dataconnect"},"message":"E0217 22:32:32.903998   15704 watch.go:40] Failed to load config from \"f:\\\\campus-management-system\\\\dataconnect\": could not find dataconnect.yaml in `f:\\campus-management-system\\dataconnect`\n"}}
[debug] [2026-02-17T14:32:42.903Z] E0217 22:32:42.903533   15704 watch.go:40] Failed to load config from "f:\\campus-management-system\\dataconnect": could not find dataconnect.yaml in `f:\campus-management-system\dataconnect`
 {"metadata":{"emulator":{"name":"dataconnect"},"message":"E0217 22:32:42.903533   15704 watch.go:40] Failed to load config from \"f:\\\\campus-management-system\\\\dataconnect\": could not find dataconnect.yaml in `f:\\campus-management-system\\dataconnect`\n"}}
[debug] [2026-02-17T14:32:52.904Z] E0217 22:32:52.903973   15704 watch.go:40] Failed to load config from "f:\\campus-management-system\\dataconnect": could not find dataconnect.yaml in `f:\campus-management-system\dataconnect`
 {"metadata":{"emulator":{"name":"dataconnect"},"message":"E0217 22:32:52.903973   15704 watch.go:40] Failed to load config from \"f:\\\\campus-management-system\\\\dataconnect\": could not find dataconnect.yaml in `f:\\campus-management-system\\dataconnect`\n"}}
[debug] [2026-02-17T14:33:02.903Z] E0217 22:33:02.903545   15704 watch.go:116] watchAllDir unable to walk dir `f:\campus-management-system\dataconnect`: CreateFile f:\campus-management-system\dataconnect: The system cannot find the file specified.
E0217 22:33:02.903545   15704 watch.go:40] Failed to load config from "f:\\campus-management-system\\dataconnect": could not find dataconnect.yaml in `f:\campus-management-system\dataconnect`
 {"metadata":{"emulator":{"name":"dataconnect"},"message":"E0217 22:33:02.903545   15704 watch.go:116] watchAllDir unable to walk dir `f:\\campus-management-system\\dataconnect`: CreateFile f:\\campus-management-system\\dataconnect: The system cannot find the file specified.\nE0217 22:33:02.903545   15704 watch.go:40] Failed to load config from \"f:\\\\campus-management-system\\\\dataconnect\": could not find dataconnect.yaml in `f:\\campus-management-system\\dataconnect`\n"}}
[debug] [2026-02-17T14:33:12.903Z] E0217 22:33:12.903853   15704 watch.go:40] Failed to load config from "f:\\campus-management-system\\dataconnect": could not find dataconnect.yaml in `f:\campus-management-system\dataconnect`
 {"metadata":{"emulator":{"name":"dataconnect"},"message":"E0217 22:33:12.903853   15704 watch.go:40] Failed to load config from \"f:\\\\campus-management-system\\\\dataconnect\": could not find dataconnect.yaml in `f:\\campus-management-system\\dataconnect`\n"}}
[debug] [2026-02-17T14:33:22.903Z] E0217 22:33:22.903574   15704 watch.go:40] Failed to load config from "f:\\campus-management-system\\dataconnect": could not find dataconnect.yaml in `f:\campus-management-system\dataconnect`
 {"metadata":{"emulator":{"name":"dataconnect"},"message":"E0217 22:33:22.903574   15704 watch.go:40] Failed to load config from \"f:\\\\campus-management-system\\\\dataconnect\": could not find dataconnect.yaml in `f:\\campus-management-system\\dataconnect`\n"}}
[debug] [2026-02-17T14:33:32.903Z] E0217 22:33:32.903793   15704 watch.go:40] Failed to load config from "f:\\campus-management-system\\dataconnect": could not find dataconnect.yaml in `f:\campus-management-system\dataconnect`
 {"metadata":{"emulator":{"name":"dataconnect"},"message":"E0217 22:33:32.903793   15704 watch.go:40] Failed to load config from \"f:\\\\campus-management-system\\\\dataconnect\": could not find dataconnect.yaml in `f:\\campus-management-system\\dataconnect`\n"}}
[debug] [2026-02-17T14:33:42.903Z] E0217 22:33:42.903666   15704 watch.go:40] Failed to load config from "f:\\campus-management-system\\dataconnect": could not find dataconnect.yaml in `f:\campus-management-system\dataconnect`
 {"metadata":{"emulator":{"name":"dataconnect"},"message":"E0217 22:33:42.903666   15704 watch.go:40] Failed to load config from \"f:\\\\campus-management-system\\\\dataconnect\": could not find dataconnect.yaml in `f:\\campus-management-system\\dataconnect`\n"}}
[debug] [2026-02-17T14:33:52.903Z] E0217 22:33:52.903909   15704 watch.go:40] Failed to load config from "f:\\campus-management-system\\dataconnect": could not find dataconnect.yaml in `f:\campus-management-system\dataconnect`
 {"metadata":{"emulator":{"name":"dataconnect"},"message":"E0217 22:33:52.903909   15704 watch.go:40] Failed to load config from \"f:\\\\campus-management-system\\\\dataconnect\": could not find dataconnect.yaml in `f:\\campus-management-system\\dataconnect`\n"}}
[debug] [2026-02-17T14:34:02.903Z] E0217 22:34:02.903701   15704 watch.go:116] watchAllDir unable to walk dir `f:\campus-management-system\dataconnect`: CreateFile f:\campus-management-system\dataconnect: The system cannot find the file specified.
E0217 22:34:02.903701   15704 watch.go:40] Failed to load config from "f:\\campus-management-system\\dataconnect": could not find dataconnect.yaml in `f:\campus-management-system\dataconnect`
 {"metadata":{"emulator":{"name":"dataconnect"},"message":"E0217 22:34:02.903701   15704 watch.go:116] watchAllDir unable to walk dir `f:\\campus-management-system\\dataconnect`: CreateFile f:\\campus-management-system\\dataconnect: The system cannot find the file specified.\nE0217 22:34:02.903701   15704 watch.go:40] Failed to load config from \"f:\\\\campus-management-system\\\\dataconnect\": could not find dataconnect.yaml in `f:\\campus-management-system\\dataconnect`\n"}}
[debug] [2026-02-17T14:34:12.903Z] E0217 22:34:12.903593   15704 watch.go:40] Failed to load config from "f:\\campus-management-system\\dataconnect": could not find dataconnect.yaml in `f:\campus-management-system\dataconnect`
 {"metadata":{"emulator":{"name":"dataconnect"},"message":"E0217 22:34:12.903593   15704 watch.go:40] Failed to load config from \"f:\\\\campus-management-system\\\\dataconnect\": could not find dataconnect.yaml in `f:\\campus-management-system\\dataconnect`\n"}}
[debug] [2026-02-17T14:34:22.903Z] E0217 22:34:22.903549   15704 watch.go:40] Failed to load config from "f:\\campus-management-system\\dataconnect": could not find dataconnect.yaml in `f:\campus-management-system\dataconnect`
 {"metadata":{"emulator":{"name":"dataconnect"},"message":"E0217 22:34:22.903549   15704 watch.go:40] Failed to load config from \"f:\\\\campus-management-system\\\\dataconnect\": could not find dataconnect.yaml in `f:\\campus-management-system\\dataconnect`\n"}}
[debug] [2026-02-17T14:34:32.903Z] E0217 22:34:32.903982   15704 watch.go:40] Failed to load config from "f:\\campus-management-system\\dataconnect": could not find dataconnect.yaml in `f:\campus-management-system\dataconnect`
 {"metadata":{"emulator":{"name":"dataconnect"},"message":"E0217 22:34:32.903982   15704 watch.go:40] Failed to load config from \"f:\\\\campus-management-system\\\\dataconnect\": could not find dataconnect.yaml in `f:\\campus-management-system\\dataconnect`\n"}}
[debug] [2026-02-17T14:34:42.903Z] E0217 22:34:42.903759   15704 watch.go:40] Failed to load config from "f:\\campus-management-system\\dataconnect": could not find dataconnect.yaml in `f:\campus-management-system\dataconnect`
 {"metadata":{"emulator":{"name":"dataconnect"},"message":"E0217 22:34:42.903759   15704 watch.go:40] Failed to load config from \"f:\\\\campus-management-system\\\\dataconnect\": could not find dataconnect.yaml in `f:\\campus-management-system\\dataconnect`\n"}}
[debug] [2026-02-17T14:34:52.903Z] E0217 22:34:52.903721   15704 watch.go:40] Failed to load config from "f:\\campus-management-system\\dataconnect": could not find dataconnect.yaml in `f:\campus-management-system\dataconnect`
 {"metadata":{"emulator":{"name":"dataconnect"},"message":"E0217 22:34:52.903721   15704 watch.go:40] Failed to load config from \"f:\\\\campus-management-system\\\\dataconnect\": could not find dataconnect.yaml in `f:\\campus-management-system\\dataconnect`\n"}}
[debug] [2026-02-17T14:35:02.904Z] E0217 22:35:02.904111   15704 watch.go:116] watchAllDir unable to walk dir `f:\campus-management-system\dataconnect`: CreateFile f:\campus-management-system\dataconnect: The system cannot find the file specified.
E0217 22:35:02.904111   15704 watch.go:40] Failed to load config from "f:\\campus-management-system\\dataconnect": could not find dataconnect.yaml in `f:\campus-management-system\dataconnect`
 {"metadata":{"emulator":{"name":"dataconnect"},"message":"E0217 22:35:02.904111   15704 watch.go:116] watchAllDir unable to walk dir `f:\\campus-management-system\\dataconnect`: CreateFile f:\\campus-management-system\\dataconnect: The system cannot find the file specified.\nE0217 22:35:02.904111   15704 watch.go:40] Failed to load config from \"f:\\\\campus-management-system\\\\dataconnect\": could not find dataconnect.yaml in `f:\\campus-management-system\\dataconnect`\n"}}
[debug] [2026-02-17T14:35:12.903Z] E0217 22:35:12.903557   15704 watch.go:40] Failed to load config from "f:\\campus-management-system\\dataconnect": could not find dataconnect.yaml in `f:\campus-management-system\dataconnect`
 {"metadata":{"emulator":{"name":"dataconnect"},"message":"E0217 22:35:12.903557   15704 watch.go:40] Failed to load config from \"f:\\\\campus-management-system\\\\dataconnect\": could not find dataconnect.yaml in `f:\\campus-management-system\\dataconnect`\n"}}
[debug] [2026-02-17T14:35:22.903Z] E0217 22:35:22.903835   15704 watch.go:40] Failed to load config from "f:\\campus-management-system\\dataconnect": could not find dataconnect.yaml in `f:\campus-management-system\dataconnect`
 {"metadata":{"emulator":{"name":"dataconnect"},"message":"E0217 22:35:22.903835   15704 watch.go:40] Failed to load config from \"f:\\\\campus-management-system\\\\dataconnect\": could not find dataconnect.yaml in `f:\\campus-management-system\\dataconnect`\n"}}
[debug] [2026-02-17T14:35:32.903Z] E0217 22:35:32.903919   15704 watch.go:40] Failed to load config from "f:\\campus-management-system\\dataconnect": could not find dataconnect.yaml in `f:\campus-management-system\dataconnect`
 {"metadata":{"emulator":{"name":"dataconnect"},"message":"E0217 22:35:32.903919   15704 watch.go:40] Failed to load config from \"f:\\\\campus-management-system\\\\dataconnect\": could not find dataconnect.yaml in `f:\\campus-management-system\\dataconnect`\n"}}
[debug] [2026-02-17T14:35:42.903Z] E0217 22:35:42.903996   15704 watch.go:40] Failed to load config from "f:\\campus-management-system\\dataconnect": could not find dataconnect.yaml in `f:\campus-management-system\dataconnect`
 {"metadata":{"emulator":{"name":"dataconnect"},"message":"E0217 22:35:42.903996   15704 watch.go:40] Failed to load config from \"f:\\\\campus-management-system\\\\dataconnect\": could not find dataconnect.yaml in `f:\\campus-management-system\\dataconnect`\n"}}
[debug] [2026-02-17T14:35:52.903Z] E0217 22:35:52.903540   15704 watch.go:40] Failed to load config from "f:\\campus-management-system\\dataconnect": could not find dataconnect.yaml in `f:\campus-management-system\dataconnect`
 {"metadata":{"emulator":{"name":"dataconnect"},"message":"E0217 22:35:52.903540   15704 watch.go:40] Failed to load config from \"f:\\\\campus-management-system\\\\dataconnect\": could not find dataconnect.yaml in `f:\\campus-management-system\\dataconnect`\n"}}
[debug] [2026-02-17T14:36:02.903Z] E0217 22:36:02.903575   15704 watch.go:116] watchAllDir unable to walk dir `f:\campus-management-system\dataconnect`: CreateFile f:\campus-management-system\dataconnect: The system cannot find the file specified.
E0217 22:36:02.903575   15704 watch.go:40] Failed to load config from "f:\\campus-management-system\\dataconnect": could not find dataconnect.yaml in `f:\campus-management-system\dataconnect`
 {"metadata":{"emulator":{"name":"dataconnect"},"message":"E0217 22:36:02.903575   15704 watch.go:116] watchAllDir unable to walk dir `f:\\campus-management-system\\dataconnect`: CreateFile f:\\campus-management-system\\dataconnect: The system cannot find the file specified.\nE0217 22:36:02.903575   15704 watch.go:40] Failed to load config from \"f:\\\\campus-management-system\\\\dataconnect\": could not find dataconnect.yaml in `f:\\campus-management-system\\dataconnect`\n"}}
[debug] [2026-02-17T14:36:12.903Z] E0217 22:36:12.903631   15704 watch.go:40] Failed to load config from "f:\\campus-management-system\\dataconnect": could not find dataconnect.yaml in `f:\campus-management-system\dataconnect`
 {"metadata":{"emulator":{"name":"dataconnect"},"message":"E0217 22:36:12.903631   15704 watch.go:40] Failed to load config from \"f:\\\\campus-management-system\\\\dataconnect\": could not find dataconnect.yaml in `f:\\campus-management-system\\dataconnect`\n"}}
[debug] [2026-02-17T14:36:22.903Z] E0217 22:36:22.903571   15704 watch.go:40] Failed to load config from "f:\\campus-management-system\\dataconnect": could not find dataconnect.yaml in `f:\campus-management-system\dataconnect`
 {"metadata":{"emulator":{"name":"dataconnect"},"message":"E0217 22:36:22.903571   15704 watch.go:40] Failed to load config from \"f:\\\\campus-management-system\\\\dataconnect\": could not find dataconnect.yaml in `f:\\campus-management-system\\dataconnect`\n"}}
[debug] [2026-02-17T14:36:32.904Z] E0217 22:36:32.904023   15704 watch.go:40] Failed to load config from "f:\\campus-management-system\\dataconnect": could not find dataconnect.yaml in `f:\campus-management-system\dataconnect`
 {"metadata":{"emulator":{"name":"dataconnect"},"message":"E0217 22:36:32.904023   15704 watch.go:40] Failed to load config from \"f:\\\\campus-management-system\\\\dataconnect\": could not find dataconnect.yaml in `f:\\campus-management-system\\dataconnect`\n"}}
[debug] [2026-02-17T14:36:42.903Z] E0217 22:36:42.903950   15704 watch.go:40] Failed to load config from "f:\\campus-management-system\\dataconnect": could not find dataconnect.yaml in `f:\campus-management-system\dataconnect`
 {"metadata":{"emulator":{"name":"dataconnect"},"message":"E0217 22:36:42.903950   15704 watch.go:40] Failed to load config from \"f:\\\\campus-management-system\\\\dataconnect\": could not find dataconnect.yaml in `f:\\campus-management-system\\dataconnect`\n"}}
[debug] [2026-02-17T14:36:52.903Z] E0217 22:36:52.903857   15704 watch.go:40] Failed to load config from "f:\\campus-management-system\\dataconnect": could not find dataconnect.yaml in `f:\campus-management-system\dataconnect`
 {"metadata":{"emulator":{"name":"dataconnect"},"message":"E0217 22:36:52.903857   15704 watch.go:40] Failed to load config from \"f:\\\\campus-management-system\\\\dataconnect\": could not find dataconnect.yaml in `f:\\campus-management-system\\dataconnect`\n"}}
[debug] [2026-02-17T14:37:02.903Z] E0217 22:37:02.903795   15704 watch.go:116] watchAllDir unable to walk dir `f:\campus-management-system\dataconnect`: CreateFile f:\campus-management-system\dataconnect: The system cannot find the file specified.
E0217 22:37:02.903795   15704 watch.go:40] Failed to load config from "f:\\campus-management-system\\dataconnect": could not find dataconnect.yaml in `f:\campus-management-system\dataconnect`
 {"metadata":{"emulator":{"name":"dataconnect"},"message":"E0217 22:37:02.903795   15704 watch.go:116] watchAllDir unable to walk dir `f:\\campus-management-system\\dataconnect`: CreateFile f:\\campus-management-system\\dataconnect: The system cannot find the file specified.\nE0217 22:37:02.903795   15704 watch.go:40] Failed to load config from \"f:\\\\campus-management-system\\\\dataconnect\": could not find dataconnect.yaml in `f:\\campus-management-system\\dataconnect`\n"}}
[debug] [2026-02-17T14:37:12.903Z] E0217 22:37:12.903738   15704 watch.go:40] Failed to load config from "f:\\campus-management-system\\dataconnect": could not find dataconnect.yaml in `f:\campus-management-system\dataconnect`
 {"metadata":{"emulator":{"name":"dataconnect"},"message":"E0217 22:37:12.903738   15704 watch.go:40] Failed to load config from \"f:\\\\campus-management-system\\\\dataconnect\": could not find dataconnect.yaml in `f:\\campus-management-system\\dataconnect`\n"}}
[debug] [2026-02-17T14:37:22.903Z] E0217 22:37:22.903556   15704 watch.go:40] Failed to load config from "f:\\campus-management-system\\dataconnect": could not find dataconnect.yaml in `f:\campus-management-system\dataconnect`
 {"metadata":{"emulator":{"name":"dataconnect"},"message":"E0217 22:37:22.903556   15704 watch.go:40] Failed to load config from \"f:\\\\campus-management-system\\\\dataconnect\": could not find dataconnect.yaml in `f:\\campus-management-system\\dataconnect`\n"}}
[debug] [2026-02-17T14:37:32.903Z] E0217 22:37:32.903543   15704 watch.go:40] Failed to load config from "f:\\campus-management-system\\dataconnect": could not find dataconnect.yaml in `f:\campus-management-system\dataconnect`
 {"metadata":{"emulator":{"name":"dataconnect"},"message":"E0217 22:37:32.903543   15704 watch.go:40] Failed to load config from \"f:\\\\campus-management-system\\\\dataconnect\": could not find dataconnect.yaml in `f:\\campus-management-system\\dataconnect`\n"}}
[debug] [2026-02-17T14:37:42.903Z] E0217 22:37:42.903837   15704 watch.go:40] Failed to load config from "f:\\campus-management-system\\dataconnect": could not find dataconnect.yaml in `f:\campus-management-system\dataconnect`
 {"metadata":{"emulator":{"name":"dataconnect"},"message":"E0217 22:37:42.903837   15704 watch.go:40] Failed to load config from \"f:\\\\campus-management-system\\\\dataconnect\": could not find dataconnect.yaml in `f:\\campus-management-system\\dataconnect`\n"}}
[debug] [2026-02-17T14:37:52.903Z] E0217 22:37:52.903760   15704 watch.go:40] Failed to load config from "f:\\campus-management-system\\dataconnect": could not find dataconnect.yaml in `f:\campus-management-system\dataconnect`
 {"metadata":{"emulator":{"name":"dataconnect"},"message":"E0217 22:37:52.903760   15704 watch.go:40] Failed to load config from \"f:\\\\campus-management-system\\\\dataconnect\": could not find dataconnect.yaml in `f:\\campus-management-system\\dataconnect`\n"}}
[debug] [2026-02-17T14:38:02.903Z] E0217 22:38:02.903566   15704 watch.go:116] watchAllDir unable to walk dir `f:\campus-management-system\dataconnect`: CreateFile f:\campus-management-system\dataconnect: The system cannot find the file specified.
E0217 22:38:02.903566   15704 watch.go:40] Failed to load config from "f:\\campus-management-system\\dataconnect": could not find dataconnect.yaml in `f:\campus-management-system\dataconnect`
 {"metadata":{"emulator":{"name":"dataconnect"},"message":"E0217 22:38:02.903566   15704 watch.go:116] watchAllDir unable to walk dir `f:\\campus-management-system\\dataconnect`: CreateFile f:\\campus-management-system\\dataconnect: The system cannot find the file specified.\nE0217 22:38:02.903566   15704 watch.go:40] Failed to load config from \"f:\\\\campus-management-system\\\\dataconnect\": could not find dataconnect.yaml in `f:\\campus-management-system\\dataconnect`\n"}}
[debug] [2026-02-17T14:38:12.903Z] E0217 22:38:12.903828   15704 watch.go:40] Failed to load config from "f:\\campus-management-system\\dataconnect": could not find dataconnect.yaml in `f:\campus-management-system\dataconnect`
 {"metadata":{"emulator":{"name":"dataconnect"},"message":"E0217 22:38:12.903828   15704 watch.go:40] Failed to load config from \"f:\\\\campus-management-system\\\\dataconnect\": could not find dataconnect.yaml in `f:\\campus-management-system\\dataconnect`\n"}}
[debug] [2026-02-17T14:38:22.903Z] E0217 22:38:22.903545   15704 watch.go:40] Failed to load config from "f:\\campus-management-system\\dataconnect": could not find dataconnect.yaml in `f:\campus-management-system\dataconnect`
 {"metadata":{"emulator":{"name":"dataconnect"},"message":"E0217 22:38:22.903545   15704 watch.go:40] Failed to load config from \"f:\\\\campus-management-system\\\\dataconnect\": could not find dataconnect.yaml in `f:\\campus-management-system\\dataconnect`\n"}}
[debug] [2026-02-17T14:38:32.903Z] E0217 22:38:32.903604   15704 watch.go:40] Failed to load config from "f:\\campus-management-system\\dataconnect": could not find dataconnect.yaml in `f:\campus-management-system\dataconnect`
 {"metadata":{"emulator":{"name":"dataconnect"},"message":"E0217 22:38:32.903604   15704 watch.go:40] Failed to load config from \"f:\\\\campus-management-system\\\\dataconnect\": could not find dataconnect.yaml in `f:\\campus-management-system\\dataconnect`\n"}}
[debug] [2026-02-17T14:38:42.903Z] E0217 22:38:42.903676   15704 watch.go:40] Failed to load config from "f:\\campus-management-system\\dataconnect": could not find dataconnect.yaml in `f:\campus-management-system\dataconnect`
 {"metadata":{"emulator":{"name":"dataconnect"},"message":"E0217 22:38:42.903676   15704 watch.go:40] Failed to load config from \"f:\\\\campus-management-system\\\\dataconnect\": could not find dataconnect.yaml in `f:\\campus-management-system\\dataconnect`\n"}}
[debug] [2026-02-17T14:38:52.903Z] E0217 22:38:52.903723   15704 watch.go:40] Failed to load config from "f:\\campus-management-system\\dataconnect": could not find dataconnect.yaml in `f:\campus-management-system\dataconnect`
 {"metadata":{"emulator":{"name":"dataconnect"},"message":"E0217 22:38:52.903723   15704 watch.go:40] Failed to load config from \"f:\\\\campus-management-system\\\\dataconnect\": could not find dataconnect.yaml in `f:\\campus-management-system\\dataconnect`\n"}}
[debug] [2026-02-17T14:39:02.903Z] E0217 22:39:02.903870   15704 watch.go:116] watchAllDir unable to walk dir `f:\campus-management-system\dataconnect`: CreateFile f:\campus-management-system\dataconnect: The system cannot find the file specified.
 {"metadata":{"emulator":{"name":"dataconnect"},"message":"E0217 22:39:02.903870   15704 watch.go:116] watchAllDir unable to walk dir `f:\\campus-management-system\\dataconnect`: CreateFile f:\\campus-management-system\\dataconnect: The system cannot find the file specified.\n"}}
[debug] [2026-02-17T14:39:02.904Z] E0217 22:39:02.903870   15704 watch.go:40] Failed to load config from "f:\\campus-management-system\\dataconnect": could not find dataconnect.yaml in `f:\campus-management-system\dataconnect`
 {"metadata":{"emulator":{"name":"dataconnect"},"message":"E0217 22:39:02.903870   15704 watch.go:40] Failed to load config from \"f:\\\\campus-management-system\\\\dataconnect\": could not find dataconnect.yaml in `f:\\campus-management-system\\dataconnect`\n"}}
[debug] [2026-02-17T14:39:12.903Z] E0217 22:39:12.903761   15704 watch.go:40] Failed to load config from "f:\\campus-management-system\\dataconnect": could not find dataconnect.yaml in `f:\campus-management-system\dataconnect`
 {"metadata":{"emulator":{"name":"dataconnect"},"message":"E0217 22:39:12.903761   15704 watch.go:40] Failed to load config from \"f:\\\\campus-management-system\\\\dataconnect\": could not find dataconnect.yaml in `f:\\campus-management-system\\dataconnect`\n"}}
[debug] [2026-02-17T14:39:22.903Z] E0217 22:39:22.903983   15704 watch.go:40] Failed to load config from "f:\\campus-management-system\\dataconnect": could not find dataconnect.yaml in `f:\campus-management-system\dataconnect`
 {"metadata":{"emulator":{"name":"dataconnect"},"message":"E0217 22:39:22.903983   15704 watch.go:40] Failed to load config from \"f:\\\\campus-management-system\\\\dataconnect\": could not find dataconnect.yaml in `f:\\campus-management-system\\dataconnect`\n"}}
[debug] [2026-02-17T14:39:32.903Z] E0217 22:39:32.903530   15704 watch.go:40] Failed to load config from "f:\\campus-management-system\\dataconnect": could not find dataconnect.yaml in `f:\campus-management-system\dataconnect`
 {"metadata":{"emulator":{"name":"dataconnect"},"message":"E0217 22:39:32.903530   15704 watch.go:40] Failed to load config from \"f:\\\\campus-management-system\\\\dataconnect\": could not find dataconnect.yaml in `f:\\campus-management-system\\dataconnect`\n"}}
[debug] [2026-02-17T14:39:42.903Z] E0217 22:39:42.903580   15704 watch.go:40] Failed to load config from "f:\\campus-management-system\\dataconnect": could not find dataconnect.yaml in `f:\campus-management-system\dataconnect`
 {"metadata":{"emulator":{"name":"dataconnect"},"message":"E0217 22:39:42.903580   15704 watch.go:40] Failed to load config from \"f:\\\\campus-management-system\\\\dataconnect\": could not find dataconnect.yaml in `f:\\campus-management-system\\dataconnect`\n"}}
[debug] [2026-02-17T14:39:52.903Z] E0217 22:39:52.903645   15704 watch.go:40] Failed to load config from "f:\\campus-management-system\\dataconnect": could not find dataconnect.yaml in `f:\campus-management-system\dataconnect`
 {"metadata":{"emulator":{"name":"dataconnect"},"message":"E0217 22:39:52.903645   15704 watch.go:40] Failed to load config from \"f:\\\\campus-management-system\\\\dataconnect\": could not find dataconnect.yaml in `f:\\campus-management-system\\dataconnect`\n"}}
[debug] [2026-02-17T14:40:02.903Z] E0217 22:40:02.903559   15704 watch.go:116] watchAllDir unable to walk dir `f:\campus-management-system\dataconnect`: CreateFile f:\campus-management-system\dataconnect: The system cannot find the file specified.
E0217 22:40:02.903559   15704 watch.go:40] Failed to load config from "f:\\campus-management-system\\dataconnect": could not find dataconnect.yaml in `f:\campus-management-system\dataconnect`
 {"metadata":{"emulator":{"name":"dataconnect"},"message":"E0217 22:40:02.903559   15704 watch.go:116] watchAllDir unable to walk dir `f:\\campus-management-system\\dataconnect`: CreateFile f:\\campus-management-system\\dataconnect: The system cannot find the file specified.\nE0217 22:40:02.903559   15704 watch.go:40] Failed to load config from \"f:\\\\campus-management-system\\\\dataconnect\": could not find dataconnect.yaml in `f:\\campus-management-system\\dataconnect`\n"}}
[debug] [2026-02-17T14:40:12.903Z] E0217 22:40:12.903573   15704 watch.go:40] Failed to load config from "f:\\campus-management-system\\dataconnect": could not find dataconnect.yaml in `f:\campus-management-system\dataconnect`
 {"metadata":{"emulator":{"name":"dataconnect"},"message":"E0217 22:40:12.903573   15704 watch.go:40] Failed to load config from \"f:\\\\campus-management-system\\\\dataconnect\": could not find dataconnect.yaml in `f:\\campus-management-system\\dataconnect`\n"}}
[debug] [2026-02-17T14:40:22.903Z] E0217 22:40:22.903895   15704 watch.go:40] Failed to load config from "f:\\campus-management-system\\dataconnect": could not find dataconnect.yaml in `f:\campus-management-system\dataconnect`
 {"metadata":{"emulator":{"name":"dataconnect"},"message":"E0217 22:40:22.903895   15704 watch.go:40] Failed to load config from \"f:\\\\campus-management-system\\\\dataconnect\": could not find dataconnect.yaml in `f:\\campus-management-system\\dataconnect`\n"}}
[debug] [2026-02-17T14:40:32.903Z] E0217 22:40:32.903878   15704 watch.go:40] Failed to load config from "f:\\campus-management-system\\dataconnect": could not find dataconnect.yaml in `f:\campus-management-system\dataconnect`
 {"metadata":{"emulator":{"name":"dataconnect"},"message":"E0217 22:40:32.903878   15704 watch.go:40] Failed to load config from \"f:\\\\campus-management-system\\\\dataconnect\": could not find dataconnect.yaml in `f:\\campus-management-system\\dataconnect`\n"}}
[debug] [2026-02-17T14:40:42.903Z] E0217 22:40:42.903611   15704 watch.go:40] Failed to load config from "f:\\campus-management-system\\dataconnect": could not find dataconnect.yaml in `f:\campus-management-system\dataconnect`
 {"metadata":{"emulator":{"name":"dataconnect"},"message":"E0217 22:40:42.903611   15704 watch.go:40] Failed to load config from \"f:\\\\campus-management-system\\\\dataconnect\": could not find dataconnect.yaml in `f:\\campus-management-system\\dataconnect`\n"}}
[debug] [2026-02-17T14:40:52.903Z] E0217 22:40:52.903871   15704 watch.go:40] Failed to load config from "f:\\campus-management-system\\dataconnect": could not find dataconnect.yaml in `f:\campus-management-system\dataconnect`
 {"metadata":{"emulator":{"name":"dataconnect"},"message":"E0217 22:40:52.903871   15704 watch.go:40] Failed to load config from \"f:\\\\campus-management-system\\\\dataconnect\": could not find dataconnect.yaml in `f:\\campus-management-system\\dataconnect`\n"}}
[debug] [2026-02-17T14:41:02.904Z] E0217 22:41:02.904354   15704 watch.go:116] watchAllDir unable to walk dir `f:\campus-management-system\dataconnect`: CreateFile f:\campus-management-system\dataconnect: The system cannot find the file specified.
E0217 22:41:02.904354   15704 watch.go:40] Failed to load config from "f:\\campus-management-system\\dataconnect": could not find dataconnect.yaml in `f:\campus-management-system\dataconnect`
 {"metadata":{"emulator":{"name":"dataconnect"},"message":"E0217 22:41:02.904354   15704 watch.go:116] watchAllDir unable to walk dir `f:\\campus-management-system\\dataconnect`: CreateFile f:\\campus-management-system\\dataconnect: The system cannot find the file specified.\nE0217 22:41:02.904354   15704 watch.go:40] Failed to load config from \"f:\\\\campus-management-system\\\\dataconnect\": could not find dataconnect.yaml in `f:\\campus-management-system\\dataconnect`\n"}}
[debug] [2026-02-17T14:41:12.903Z] E0217 22:41:12.903668   15704 watch.go:40] Failed to load config from "f:\\campus-management-system\\dataconnect": could not find dataconnect.yaml in `f:\campus-management-system\dataconnect`
 {"metadata":{"emulator":{"name":"dataconnect"},"message":"E0217 22:41:12.903668   15704 watch.go:40] Failed to load config from \"f:\\\\campus-management-system\\\\dataconnect\": could not find dataconnect.yaml in `f:\\campus-management-system\\dataconnect`\n"}}
[debug] [2026-02-17T14:41:22.903Z] E0217 22:41:22.903691   15704 watch.go:40] Failed to load config from "f:\\campus-management-system\\dataconnect": could not find dataconnect.yaml in `f:\campus-management-system\dataconnect`
 {"metadata":{"emulator":{"name":"dataconnect"},"message":"E0217 22:41:22.903691   15704 watch.go:40] Failed to load config from \"f:\\\\campus-management-system\\\\dataconnect\": could not find dataconnect.yaml in `f:\\campus-management-system\\dataconnect`\n"}}
[debug] [2026-02-17T14:41:32.904Z] E0217 22:41:32.903988   15704 watch.go:40] Failed to load config from "f:\\campus-management-system\\dataconnect": could not find dataconnect.yaml in `f:\campus-management-system\dataconnect`
 {"metadata":{"emulator":{"name":"dataconnect"},"message":"E0217 22:41:32.903988   15704 watch.go:40] Failed to load config from \"f:\\\\campus-management-system\\\\dataconnect\": could not find dataconnect.yaml in `f:\\campus-management-system\\dataconnect`\n"}}
[debug] [2026-02-17T14:41:42.903Z] E0217 22:41:42.903728   15704 watch.go:40] Failed to load config from "f:\\campus-management-system\\dataconnect": could not find dataconnect.yaml in `f:\campus-management-system\dataconnect`
 {"metadata":{"emulator":{"name":"dataconnect"},"message":"E0217 22:41:42.903728   15704 watch.go:40] Failed to load config from \"f:\\\\campus-management-system\\\\dataconnect\": could not find dataconnect.yaml in `f:\\campus-management-system\\dataconnect`\n"}}
[debug] [2026-02-17T14:41:52.903Z] E0217 22:41:52.903825   15704 watch.go:40] Failed to load config from "f:\\campus-management-system\\dataconnect": could not find dataconnect.yaml in `f:\campus-management-system\dataconnect`
 {"metadata":{"emulator":{"name":"dataconnect"},"message":"E0217 22:41:52.903825   15704 watch.go:40] Failed to load config from \"f:\\\\campus-management-system\\\\dataconnect\": could not find dataconnect.yaml in `f:\\campus-management-system\\dataconnect`\n"}}
[debug] [2026-02-17T14:42:02.903Z] E0217 22:42:02.904050   15704 watch.go:116] watchAllDir unable to walk dir `f:\campus-management-system\dataconnect`: CreateFile f:\campus-management-system\dataconnect: The system cannot find the file specified.
E0217 22:42:02.904050   15704 watch.go:40] Failed to load config from "f:\\campus-management-system\\dataconnect": could not find dataconnect.yaml in `f:\campus-management-system\dataconnect`
 {"metadata":{"emulator":{"name":"dataconnect"},"message":"E0217 22:42:02.904050   15704 watch.go:116] watchAllDir unable to walk dir `f:\\campus-management-system\\dataconnect`: CreateFile f:\\campus-management-system\\dataconnect: The system cannot find the file specified.\nE0217 22:42:02.904050   15704 watch.go:40] Failed to load config from \"f:\\\\campus-management-system\\\\dataconnect\": could not find dataconnect.yaml in `f:\\campus-management-system\\dataconnect`\n"}}
[debug] [2026-02-17T14:42:12.903Z] E0217 22:42:12.903680   15704 watch.go:40] Failed to load config from "f:\\campus-management-system\\dataconnect": could not find dataconnect.yaml in `f:\campus-management-system\dataconnect`
 {"metadata":{"emulator":{"name":"dataconnect"},"message":"E0217 22:42:12.903680   15704 watch.go:40] Failed to load config from \"f:\\\\campus-management-system\\\\dataconnect\": could not find dataconnect.yaml in `f:\\campus-management-system\\dataconnect`\n"}}
[debug] [2026-02-17T14:42:22.903Z] E0217 22:42:22.903638   15704 watch.go:40] Failed to load config from "f:\\campus-management-system\\dataconnect": could not find dataconnect.yaml in `f:\campus-management-system\dataconnect`
 {"metadata":{"emulator":{"name":"dataconnect"},"message":"E0217 22:42:22.903638   15704 watch.go:40] Failed to load config from \"f:\\\\campus-management-system\\\\dataconnect\": could not find dataconnect.yaml in `f:\\campus-management-system\\dataconnect`\n"}}
[debug] [2026-02-17T14:42:32.903Z] E0217 22:42:32.903548   15704 watch.go:40] Failed to load config from "f:\\campus-management-system\\dataconnect": could not find dataconnect.yaml in `f:\campus-management-system\dataconnect`
 {"metadata":{"emulator":{"name":"dataconnect"},"message":"E0217 22:42:32.903548   15704 watch.go:40] Failed to load config from \"f:\\\\campus-management-system\\\\dataconnect\": could not find dataconnect.yaml in `f:\\campus-management-system\\dataconnect`\n"}}
[debug] [2026-02-17T14:42:42.903Z] E0217 22:42:42.903691   15704 watch.go:40] Failed to load config from "f:\\campus-management-system\\dataconnect": could not find dataconnect.yaml in `f:\campus-management-system\dataconnect`
 {"metadata":{"emulator":{"name":"dataconnect"},"message":"E0217 22:42:42.903691   15704 watch.go:40] Failed to load config from \"f:\\\\campus-management-system\\\\dataconnect\": could not find dataconnect.yaml in `f:\\campus-management-system\\dataconnect`\n"}}
[debug] [2026-02-17T14:42:52.903Z] E0217 22:42:52.903639   15704 watch.go:40] Failed to load config from "f:\\campus-management-system\\dataconnect": could not find dataconnect.yaml in `f:\campus-management-system\dataconnect`
 {"metadata":{"emulator":{"name":"dataconnect"},"message":"E0217 22:42:52.903639   15704 watch.go:40] Failed to load config from \"f:\\\\campus-management-system\\\\dataconnect\": could not find dataconnect.yaml in `f:\\campus-management-system\\dataconnect`\n"}}
[debug] [2026-02-17T14:43:02.903Z] E0217 22:43:02.903567   15704 watch.go:116] watchAllDir unable to walk dir `f:\campus-management-system\dataconnect`: CreateFile f:\campus-management-system\dataconnect: The system cannot find the file specified.
E0217 22:43:02.903567   15704 watch.go:40] Failed to load config from "f:\\campus-management-system\\dataconnect": could not find dataconnect.yaml in `f:\campus-management-system\dataconnect`
 {"metadata":{"emulator":{"name":"dataconnect"},"message":"E0217 22:43:02.903567   15704 watch.go:116] watchAllDir unable to walk dir `f:\\campus-management-system\\dataconnect`: CreateFile f:\\campus-management-system\\dataconnect: The system cannot find the file specified.\nE0217 22:43:02.903567   15704 watch.go:40] Failed to load config from \"f:\\\\campus-management-system\\\\dataconnect\": could not find dataconnect.yaml in `f:\\campus-management-system\\dataconnect`\n"}}
[debug] [2026-02-17T14:43:12.903Z] E0217 22:43:12.903746   15704 watch.go:40] Failed to load config from "f:\\campus-management-system\\dataconnect": could not find dataconnect.yaml in `f:\campus-management-system\dataconnect`
 {"metadata":{"emulator":{"name":"dataconnect"},"message":"E0217 22:43:12.903746   15704 watch.go:40] Failed to load config from \"f:\\\\campus-management-system\\\\dataconnect\": could not find dataconnect.yaml in `f:\\campus-management-system\\dataconnect`\n"}}
[debug] [2026-02-17T14:43:22.903Z] E0217 22:43:22.903838   15704 watch.go:40] Failed to load config from "f:\\campus-management-system\\dataconnect": could not find dataconnect.yaml in `f:\campus-management-system\dataconnect`
 {"metadata":{"emulator":{"name":"dataconnect"},"message":"E0217 22:43:22.903838   15704 watch.go:40] Failed to load config from \"f:\\\\campus-management-system\\\\dataconnect\": could not find dataconnect.yaml in `f:\\campus-management-system\\dataconnect`\n"}}
[debug] [2026-02-17T14:43:32.903Z] E0217 22:43:32.903562   15704 watch.go:40] Failed to load config from "f:\\campus-management-system\\dataconnect": could not find dataconnect.yaml in `f:\campus-management-system\dataconnect`
 {"metadata":{"emulator":{"name":"dataconnect"},"message":"E0217 22:43:32.903562   15704 watch.go:40] Failed to load config from \"f:\\\\campus-management-system\\\\dataconnect\": could not find dataconnect.yaml in `f:\\campus-management-system\\dataconnect`\n"}}
[debug] [2026-02-17T14:43:42.904Z] E0217 22:43:42.904042   15704 watch.go:40] Failed to load config from "f:\\campus-management-system\\dataconnect": could not find dataconnect.yaml in `f:\campus-management-system\dataconnect`
 {"metadata":{"emulator":{"name":"dataconnect"},"message":"E0217 22:43:42.904042   15704 watch.go:40] Failed to load config from \"f:\\\\campus-management-system\\\\dataconnect\": could not find dataconnect.yaml in `f:\\campus-management-system\\dataconnect`\n"}}
[debug] [2026-02-17T14:43:52.903Z] E0217 22:43:52.903844   15704 watch.go:40] Failed to load config from "f:\\campus-management-system\\dataconnect": could not find dataconnect.yaml in `f:\campus-management-system\dataconnect`
 {"metadata":{"emulator":{"name":"dataconnect"},"message":"E0217 22:43:52.903844   15704 watch.go:40] Failed to load config from \"f:\\\\campus-management-system\\\\dataconnect\": could not find dataconnect.yaml in `f:\\campus-management-system\\dataconnect`\n"}}
[debug] [2026-02-17T14:44:02.903Z] E0217 22:44:02.903937   15704 watch.go:116] watchAllDir unable to walk dir `f:\campus-management-system\dataconnect`: CreateFile f:\campus-management-system\dataconnect: The system cannot find the file specified.
E0217 22:44:02.903937   15704 watch.go:40] Failed to load config from "f:\\campus-management-system\\dataconnect": could not find dataconnect.yaml in `f:\campus-management-system\dataconnect`
 {"metadata":{"emulator":{"name":"dataconnect"},"message":"E0217 22:44:02.903937   15704 watch.go:116] watchAllDir unable to walk dir `f:\\campus-management-system\\dataconnect`: CreateFile f:\\campus-management-system\\dataconnect: The system cannot find the file specified.\nE0217 22:44:02.903937   15704 watch.go:40] Failed to load config from \"f:\\\\campus-management-system\\\\dataconnect\": could not find dataconnect.yaml in `f:\\campus-management-system\\dataconnect`\n"}}
[debug] [2026-02-17T14:44:12.904Z] E0217 22:44:12.904128   15704 watch.go:40] Failed to load config from "f:\\campus-management-system\\dataconnect": could not find dataconnect.yaml in `f:\campus-management-system\dataconnect`
 {"metadata":{"emulator":{"name":"dataconnect"},"message":"E0217 22:44:12.904128   15704 watch.go:40] Failed to load config from \"f:\\\\campus-management-system\\\\dataconnect\": could not find dataconnect.yaml in `f:\\campus-management-system\\dataconnect`\n"}}
[debug] [2026-02-17T14:44:22.903Z] E0217 22:44:22.903723   15704 watch.go:40] Failed to load config from "f:\\campus-management-system\\dataconnect": could not find dataconnect.yaml in `f:\campus-management-system\dataconnect`
 {"metadata":{"emulator":{"name":"dataconnect"},"message":"E0217 22:44:22.903723   15704 watch.go:40] Failed to load config from \"f:\\\\campus-management-system\\\\dataconnect\": could not find dataconnect.yaml in `f:\\campus-management-system\\dataconnect`\n"}}
[debug] [2026-02-17T14:44:32.903Z] E0217 22:44:32.903613   15704 watch.go:40] Failed to load config from "f:\\campus-management-system\\dataconnect": could not find dataconnect.yaml in `f:\campus-management-system\dataconnect`
 {"metadata":{"emulator":{"name":"dataconnect"},"message":"E0217 22:44:32.903613   15704 watch.go:40] Failed to load config from \"f:\\\\campus-management-system\\\\dataconnect\": could not find dataconnect.yaml in `f:\\campus-management-system\\dataconnect`\n"}}
[debug] [2026-02-17T14:44:42.903Z] E0217 22:44:42.903533   15704 watch.go:40] Failed to load config from "f:\\campus-management-system\\dataconnect": could not find dataconnect.yaml in `f:\campus-management-system\dataconnect`
 {"metadata":{"emulator":{"name":"dataconnect"},"message":"E0217 22:44:42.903533   15704 watch.go:40] Failed to load config from \"f:\\\\campus-management-system\\\\dataconnect\": could not find dataconnect.yaml in `f:\\campus-management-system\\dataconnect`\n"}}
[debug] [2026-02-17T14:44:52.904Z] E0217 22:44:52.903953   15704 watch.go:40] Failed to load config from "f:\\campus-management-system\\dataconnect": could not find dataconnect.yaml in `f:\campus-management-system\dataconnect`
 {"metadata":{"emulator":{"name":"dataconnect"},"message":"E0217 22:44:52.903953   15704 watch.go:40] Failed to load config from \"f:\\\\campus-management-system\\\\dataconnect\": could not find dataconnect.yaml in `f:\\campus-management-system\\dataconnect`\n"}}
[debug] [2026-02-17T14:45:02.903Z] E0217 22:45:02.903556   15704 watch.go:116] watchAllDir unable to walk dir `f:\campus-management-system\dataconnect`: CreateFile f:\campus-management-system\dataconnect: The system cannot find the file specified.
E0217 22:45:02.903556   15704 watch.go:40] Failed to load config from "f:\\campus-management-system\\dataconnect": could not find dataconnect.yaml in `f:\campus-management-system\dataconnect`
 {"metadata":{"emulator":{"name":"dataconnect"},"message":"E0217 22:45:02.903556   15704 watch.go:116] watchAllDir unable to walk dir `f:\\campus-management-system\\dataconnect`: CreateFile f:\\campus-management-system\\dataconnect: The system cannot find the file specified.\nE0217 22:45:02.903556   15704 watch.go:40] Failed to load config from \"f:\\\\campus-management-system\\\\dataconnect\": could not find dataconnect.yaml in `f:\\campus-management-system\\dataconnect`\n"}}
[debug] [2026-02-17T14:45:12.903Z] E0217 22:45:12.903811   15704 watch.go:40] Failed to load config from "f:\\campus-management-system\\dataconnect": could not find dataconnect.yaml in `f:\campus-management-system\dataconnect`
 {"metadata":{"emulator":{"name":"dataconnect"},"message":"E0217 22:45:12.903811   15704 watch.go:40] Failed to load config from \"f:\\\\campus-management-system\\\\dataconnect\": could not find dataconnect.yaml in `f:\\campus-management-system\\dataconnect`\n"}}
[debug] [2026-02-17T14:45:22.903Z] E0217 22:45:22.903707   15704 watch.go:40] Failed to load config from "f:\\campus-management-system\\dataconnect": could not find dataconnect.yaml in `f:\campus-management-system\dataconnect`
 {"metadata":{"emulator":{"name":"dataconnect"},"message":"E0217 22:45:22.903707   15704 watch.go:40] Failed to load config from \"f:\\\\campus-management-system\\\\dataconnect\": could not find dataconnect.yaml in `f:\\campus-management-system\\dataconnect`\n"}}
[debug] [2026-02-17T14:45:32.903Z] E0217 22:45:32.903640   15704 watch.go:40] Failed to load config from "f:\\campus-management-system\\dataconnect": could not find dataconnect.yaml in `f:\campus-management-system\dataconnect`
 {"metadata":{"emulator":{"name":"dataconnect"},"message":"E0217 22:45:32.903640   15704 watch.go:40] Failed to load config from \"f:\\\\campus-management-system\\\\dataconnect\": could not find dataconnect.yaml in `f:\\campus-management-system\\dataconnect`\n"}}
[debug] [2026-02-17T14:45:42.903Z] E0217 22:45:42.903593   15704 watch.go:40] Failed to load config from "f:\\campus-management-system\\dataconnect": could not find dataconnect.yaml in `f:\campus-management-system\dataconnect`
 {"metadata":{"emulator":{"name":"dataconnect"},"message":"E0217 22:45:42.903593   15704 watch.go:40] Failed to load config from \"f:\\\\campus-management-system\\\\dataconnect\": could not find dataconnect.yaml in `f:\\campus-management-system\\dataconnect`\n"}}
[debug] [2026-02-17T14:45:52.903Z] E0217 22:45:52.903550   15704 watch.go:40] Failed to load config from "f:\\campus-management-system\\dataconnect": could not find dataconnect.yaml in `f:\campus-management-system\dataconnect`
 {"metadata":{"emulator":{"name":"dataconnect"},"message":"E0217 22:45:52.903550   15704 watch.go:40] Failed to load config from \"f:\\\\campus-management-system\\\\dataconnect\": could not find dataconnect.yaml in `f:\\campus-management-system\\dataconnect`\n"}}
[debug] [2026-02-17T14:46:02.904Z] E0217 22:46:02.903980   15704 watch.go:116] watchAllDir unable to walk dir `f:\campus-management-system\dataconnect`: CreateFile f:\campus-management-system\dataconnect: The system cannot find the file specified.
E0217 22:46:02.903980   15704 watch.go:40] Failed to load config from "f:\\campus-management-system\\dataconnect": could not find dataconnect.yaml in `f:\campus-management-system\dataconnect`
 {"metadata":{"emulator":{"name":"dataconnect"},"message":"E0217 22:46:02.903980   15704 watch.go:116] watchAllDir unable to walk dir `f:\\campus-management-system\\dataconnect`: CreateFile f:\\campus-management-system\\dataconnect: The system cannot find the file specified.\nE0217 22:46:02.903980   15704 watch.go:40] Failed to load config from \"f:\\\\campus-management-system\\\\dataconnect\": could not find dataconnect.yaml in `f:\\campus-management-system\\dataconnect`\n"}}
[debug] [2026-02-17T14:46:12.903Z] E0217 22:46:12.903557   15704 watch.go:40] Failed to load config from "f:\\campus-management-system\\dataconnect": could not find dataconnect.yaml in `f:\campus-management-system\dataconnect`
 {"metadata":{"emulator":{"name":"dataconnect"},"message":"E0217 22:46:12.903557   15704 watch.go:40] Failed to load config from \"f:\\\\campus-management-system\\\\dataconnect\": could not find dataconnect.yaml in `f:\\campus-management-system\\dataconnect`\n"}}
[debug] [2026-02-17T14:46:22.903Z] E0217 22:46:22.903548   15704 watch.go:40] Failed to load config from "f:\\campus-management-system\\dataconnect": could not find dataconnect.yaml in `f:\campus-management-system\dataconnect`
 {"metadata":{"emulator":{"name":"dataconnect"},"message":"E0217 22:46:22.903548   15704 watch.go:40] Failed to load config from \"f:\\\\campus-management-system\\\\dataconnect\": could not find dataconnect.yaml in `f:\\campus-management-system\\dataconnect`\n"}}
[debug] [2026-02-17T14:46:32.904Z] E0217 22:46:32.903954   15704 watch.go:40] Failed to load config from "f:\\campus-management-system\\dataconnect": could not find dataconnect.yaml in `f:\campus-management-system\dataconnect`
 {"metadata":{"emulator":{"name":"dataconnect"},"message":"E0217 22:46:32.903954   15704 watch.go:40] Failed to load config from \"f:\\\\campus-management-system\\\\dataconnect\": could not find dataconnect.yaml in `f:\\campus-management-system\\dataconnect`\n"}}
[debug] [2026-02-17T14:46:42.903Z] E0217 22:46:42.903532   15704 watch.go:40] Failed to load config from "f:\\campus-management-system\\dataconnect": could not find dataconnect.yaml in `f:\campus-management-system\dataconnect`
 {"metadata":{"emulator":{"name":"dataconnect"},"message":"E0217 22:46:42.903532   15704 watch.go:40] Failed to load config from \"f:\\\\campus-management-system\\\\dataconnect\": could not find dataconnect.yaml in `f:\\campus-management-system\\dataconnect`\n"}}
[debug] [2026-02-17T14:46:52.904Z] E0217 22:46:52.903790   15704 watch.go:40] Failed to load config from "f:\\campus-management-system\\dataconnect": could not find dataconnect.yaml in `f:\campus-management-system\dataconnect`
 {"metadata":{"emulator":{"name":"dataconnect"},"message":"E0217 22:46:52.903790   15704 watch.go:40] Failed to load config from \"f:\\\\campus-management-system\\\\dataconnect\": could not find dataconnect.yaml in `f:\\campus-management-system\\dataconnect`\n"}}
[debug] [2026-02-17T14:47:02.903Z] E0217 22:47:02.903545   15704 watch.go:116] watchAllDir unable to walk dir `f:\campus-management-system\dataconnect`: CreateFile f:\campus-management-system\dataconnect: The system cannot find the file specified.
E0217 22:47:02.903545   15704 watch.go:40] Failed to load config from "f:\\campus-management-system\\dataconnect": could not find dataconnect.yaml in `f:\campus-management-system\dataconnect`
 {"metadata":{"emulator":{"name":"dataconnect"},"message":"E0217 22:47:02.903545   15704 watch.go:116] watchAllDir unable to walk dir `f:\\campus-management-system\\dataconnect`: CreateFile f:\\campus-management-system\\dataconnect: The system cannot find the file specified.\nE0217 22:47:02.903545   15704 watch.go:40] Failed to load config from \"f:\\\\campus-management-system\\\\dataconnect\": could not find dataconnect.yaml in `f:\\campus-management-system\\dataconnect`\n"}}
[debug] [2026-02-17T14:47:12.904Z] E0217 22:47:12.903947   15704 watch.go:40] Failed to load config from "f:\\campus-management-system\\dataconnect": could not find dataconnect.yaml in `f:\campus-management-system\dataconnect`
 {"metadata":{"emulator":{"name":"dataconnect"},"message":"E0217 22:47:12.903947   15704 watch.go:40] Failed to load config from \"f:\\\\campus-management-system\\\\dataconnect\": could not find dataconnect.yaml in `f:\\campus-management-system\\dataconnect`\n"}}
[debug] [2026-02-17T14:47:22.903Z] E0217 22:47:22.903606   15704 watch.go:40] Failed to load config from "f:\\campus-management-system\\dataconnect": could not find dataconnect.yaml in `f:\campus-management-system\dataconnect`
 {"metadata":{"emulator":{"name":"dataconnect"},"message":"E0217 22:47:22.903606   15704 watch.go:40] Failed to load config from \"f:\\\\campus-management-system\\\\dataconnect\": could not find dataconnect.yaml in `f:\\campus-management-system\\dataconnect`\n"}}
[debug] [2026-02-17T14:47:32.903Z] E0217 22:47:32.903930   15704 watch.go:40] Failed to load config from "f:\\campus-management-system\\dataconnect": could not find dataconnect.yaml in `f:\campus-management-system\dataconnect`
 {"metadata":{"emulator":{"name":"dataconnect"},"message":"E0217 22:47:32.903930   15704 watch.go:40] Failed to load config from \"f:\\\\campus-management-system\\\\dataconnect\": could not find dataconnect.yaml in `f:\\campus-management-system\\dataconnect`\n"}}
[debug] [2026-02-17T14:47:42.903Z] E0217 22:47:42.903750   15704 watch.go:40] Failed to load config from "f:\\campus-management-system\\dataconnect": could not find dataconnect.yaml in `f:\campus-management-system\dataconnect`
 {"metadata":{"emulator":{"name":"dataconnect"},"message":"E0217 22:47:42.903750   15704 watch.go:40] Failed to load config from \"f:\\\\campus-management-system\\\\dataconnect\": could not find dataconnect.yaml in `f:\\campus-management-system\\dataconnect`\n"}}
[debug] [2026-02-17T14:47:52.903Z] E0217 22:47:52.903547   15704 watch.go:40] Failed to load config from "f:\\campus-management-system\\dataconnect": could not find dataconnect.yaml in `f:\campus-management-system\dataconnect`
 {"metadata":{"emulator":{"name":"dataconnect"},"message":"E0217 22:47:52.903547   15704 watch.go:40] Failed to load config from \"f:\\\\campus-management-system\\\\dataconnect\": could not find dataconnect.yaml in `f:\\campus-management-system\\dataconnect`\n"}}
[debug] [2026-02-17T14:48:02.903Z] E0217 22:48:02.903552   15704 watch.go:116] watchAllDir unable to walk dir `f:\campus-management-system\dataconnect`: CreateFile f:\campus-management-system\dataconnect: The system cannot find the file specified.
E0217 22:48:02.903552   15704 watch.go:40] Failed to load config from "f:\\campus-management-system\\dataconnect": could not find dataconnect.yaml in `f:\campus-management-system\dataconnect`
 {"metadata":{"emulator":{"name":"dataconnect"},"message":"E0217 22:48:02.903552   15704 watch.go:116] watchAllDir unable to walk dir `f:\\campus-management-system\\dataconnect`: CreateFile f:\\campus-management-system\\dataconnect: The system cannot find the file specified.\nE0217 22:48:02.903552   15704 watch.go:40] Failed to load config from \"f:\\\\campus-management-system\\\\dataconnect\": could not find dataconnect.yaml in `f:\\campus-management-system\\dataconnect`\n"}}
[debug] [2026-02-17T14:48:12.903Z] E0217 22:48:12.903557   15704 watch.go:40] Failed to load config from "f:\\campus-management-system\\dataconnect": could not find dataconnect.yaml in `f:\campus-management-system\dataconnect`
 {"metadata":{"emulator":{"name":"dataconnect"},"message":"E0217 22:48:12.903557   15704 watch.go:40] Failed to load config from \"f:\\\\campus-management-system\\\\dataconnect\": could not find dataconnect.yaml in `f:\\campus-management-system\\dataconnect`\n"}}
[debug] [2026-02-17T14:48:22.903Z] E0217 22:48:22.904006   15704 watch.go:40] Failed to load config from "f:\\campus-management-system\\dataconnect": could not find dataconnect.yaml in `f:\campus-management-system\dataconnect`
 {"metadata":{"emulator":{"name":"dataconnect"},"message":"E0217 22:48:22.904006   15704 watch.go:40] Failed to load config from \"f:\\\\campus-management-system\\\\dataconnect\": could not find dataconnect.yaml in `f:\\campus-management-system\\dataconnect`\n"}}
[debug] [2026-02-17T14:48:32.903Z] E0217 22:48:32.903634   15704 watch.go:40] Failed to load config from "f:\\campus-management-system\\dataconnect": could not find dataconnect.yaml in `f:\campus-management-system\dataconnect`
 {"metadata":{"emulator":{"name":"dataconnect"},"message":"E0217 22:48:32.903634   15704 watch.go:40] Failed to load config from \"f:\\\\campus-management-system\\\\dataconnect\": could not find dataconnect.yaml in `f:\\campus-management-system\\dataconnect`\n"}}
[debug] [2026-02-17T14:48:42.903Z] E0217 22:48:42.903538   15704 watch.go:40] Failed to load config from "f:\\campus-management-system\\dataconnect": could not find dataconnect.yaml in `f:\campus-management-system\dataconnect`
 {"metadata":{"emulator":{"name":"dataconnect"},"message":"E0217 22:48:42.903538   15704 watch.go:40] Failed to load config from \"f:\\\\campus-management-system\\\\dataconnect\": could not find dataconnect.yaml in `f:\\campus-management-system\\dataconnect`\n"}}
[debug] [2026-02-17T14:48:52.903Z] E0217 22:48:52.903803   15704 watch.go:40] Failed to load config from "f:\\campus-management-system\\dataconnect": could not find dataconnect.yaml in `f:\campus-management-system\dataconnect`
 {"metadata":{"emulator":{"name":"dataconnect"},"message":"E0217 22:48:52.903803   15704 watch.go:40] Failed to load config from \"f:\\\\campus-management-system\\\\dataconnect\": could not find dataconnect.yaml in `f:\\campus-management-system\\dataconnect`\n"}}
[debug] [2026-02-17T14:49:02.904Z] E0217 22:49:02.904105   15704 watch.go:116] watchAllDir unable to walk dir `f:\campus-management-system\dataconnect`: CreateFile f:\campus-management-system\dataconnect: The system cannot find the file specified.
E0217 22:49:02.904105   15704 watch.go:40] Failed to load config from "f:\\campus-management-system\\dataconnect": could not find dataconnect.yaml in `f:\campus-management-system\dataconnect`
 {"metadata":{"emulator":{"name":"dataconnect"},"message":"E0217 22:49:02.904105   15704 watch.go:116] watchAllDir unable to walk dir `f:\\campus-management-system\\dataconnect`: CreateFile f:\\campus-management-system\\dataconnect: The system cannot find the file specified.\nE0217 22:49:02.904105   15704 watch.go:40] Failed to load config from \"f:\\\\campus-management-system\\\\dataconnect\": could not find dataconnect.yaml in `f:\\campus-management-system\\dataconnect`\n"}}
[debug] [2026-02-17T14:49:12.903Z] E0217 22:49:12.903864   15704 watch.go:40] Failed to load config from "f:\\campus-management-system\\dataconnect": could not find dataconnect.yaml in `f:\campus-management-system\dataconnect`
 {"metadata":{"emulator":{"name":"dataconnect"},"message":"E0217 22:49:12.903864   15704 watch.go:40] Failed to load config from \"f:\\\\campus-management-system\\\\dataconnect\": could not find dataconnect.yaml in `f:\\campus-management-system\\dataconnect`\n"}}
[debug] [2026-02-17T14:49:22.903Z] E0217 22:49:22.903558   15704 watch.go:40] Failed to load config from "f:\\campus-management-system\\dataconnect": could not find dataconnect.yaml in `f:\campus-management-system\dataconnect`
 {"metadata":{"emulator":{"name":"dataconnect"},"message":"E0217 22:49:22.903558   15704 watch.go:40] Failed to load config from \"f:\\\\campus-management-system\\\\dataconnect\": could not find dataconnect.yaml in `f:\\campus-management-system\\dataconnect`\n"}}
[debug] [2026-02-17T14:49:32.903Z] E0217 22:49:32.903607   15704 watch.go:40] Failed to load config from "f:\\campus-management-system\\dataconnect": could not find dataconnect.yaml in `f:\campus-management-system\dataconnect`
 {"metadata":{"emulator":{"name":"dataconnect"},"message":"E0217 22:49:32.903607   15704 watch.go:40] Failed to load config from \"f:\\\\campus-management-system\\\\dataconnect\": could not find dataconnect.yaml in `f:\\campus-management-system\\dataconnect`\n"}}
[debug] [2026-02-17T14:49:42.903Z] E0217 22:49:42.903928   15704 watch.go:40] Failed to load config from "f:\\campus-management-system\\dataconnect": could not find dataconnect.yaml in `f:\campus-management-system\dataconnect`
 {"metadata":{"emulator":{"name":"dataconnect"},"message":"E0217 22:49:42.903928   15704 watch.go:40] Failed to load config from \"f:\\\\campus-management-system\\\\dataconnect\": could not find dataconnect.yaml in `f:\\campus-management-system\\dataconnect`\n"}}
[debug] [2026-02-17T14:49:52.903Z] E0217 22:49:52.903577   15704 watch.go:40] Failed to load config from "f:\\campus-management-system\\dataconnect": could not find dataconnect.yaml in `f:\campus-management-system\dataconnect`
 {"metadata":{"emulator":{"name":"dataconnect"},"message":"E0217 22:49:52.903577   15704 watch.go:40] Failed to load config from \"f:\\\\campus-management-system\\\\dataconnect\": could not find dataconnect.yaml in `f:\\campus-management-system\\dataconnect`\n"}}
[debug] [2026-02-17T14:50:02.903Z] E0217 22:50:02.903543   15704 watch.go:116] watchAllDir unable to walk dir `f:\campus-management-system\dataconnect`: CreateFile f:\campus-management-system\dataconnect: The system cannot find the file specified.
E0217 22:50:02.903543   15704 watch.go:40] Failed to load config from "f:\\campus-management-system\\dataconnect": could not find dataconnect.yaml in `f:\campus-management-system\dataconnect`
 {"metadata":{"emulator":{"name":"dataconnect"},"message":"E0217 22:50:02.903543   15704 watch.go:116] watchAllDir unable to walk dir `f:\\campus-management-system\\dataconnect`: CreateFile f:\\campus-management-system\\dataconnect: The system cannot find the file specified.\nE0217 22:50:02.903543   15704 watch.go:40] Failed to load config from \"f:\\\\campus-management-system\\\\dataconnect\": could not find dataconnect.yaml in `f:\\campus-management-system\\dataconnect`\n"}}
[debug] [2026-02-17T14:50:12.903Z] E0217 22:50:12.903574   15704 watch.go:40] Failed to load config from "f:\\campus-management-system\\dataconnect": could not find dataconnect.yaml in `f:\campus-management-system\dataconnect`
 {"metadata":{"emulator":{"name":"dataconnect"},"message":"E0217 22:50:12.903574   15704 watch.go:40] Failed to load config from \"f:\\\\campus-management-system\\\\dataconnect\": could not find dataconnect.yaml in `f:\\campus-management-system\\dataconnect`\n"}}
[debug] [2026-02-17T14:50:22.904Z] E0217 22:50:22.904021   15704 watch.go:40] Failed to load config from "f:\\campus-management-system\\dataconnect": could not find dataconnect.yaml in `f:\campus-management-system\dataconnect`
 {"metadata":{"emulator":{"name":"dataconnect"},"message":"E0217 22:50:22.904021   15704 watch.go:40] Failed to load config from \"f:\\\\campus-management-system\\\\dataconnect\": could not find dataconnect.yaml in `f:\\campus-management-system\\dataconnect`\n"}}
[debug] [2026-02-17T14:50:32.903Z] E0217 22:50:32.903552   15704 watch.go:40] Failed to load config from "f:\\campus-management-system\\dataconnect": could not find dataconnect.yaml in `f:\campus-management-system\dataconnect`
 {"metadata":{"emulator":{"name":"dataconnect"},"message":"E0217 22:50:32.903552   15704 watch.go:40] Failed to load config from \"f:\\\\campus-management-system\\\\dataconnect\": could not find dataconnect.yaml in `f:\\campus-management-system\\dataconnect`\n"}}
[debug] [2026-02-17T14:50:42.903Z] E0217 22:50:42.903741   15704 watch.go:40] Failed to load config from "f:\\campus-management-system\\dataconnect": could not find dataconnect.yaml in `f:\campus-management-system\dataconnect`
 {"metadata":{"emulator":{"name":"dataconnect"},"message":"E0217 22:50:42.903741   15704 watch.go:40] Failed to load config from \"f:\\\\campus-management-system\\\\dataconnect\": could not find dataconnect.yaml in `f:\\campus-management-system\\dataconnect`\n"}}
[debug] [2026-02-17T14:50:52.903Z] E0217 22:50:52.903533   15704 watch.go:40] Failed to load config from "f:\\campus-management-system\\dataconnect": could not find dataconnect.yaml in `f:\campus-management-system\dataconnect`
 {"metadata":{"emulator":{"name":"dataconnect"},"message":"E0217 22:50:52.903533   15704 watch.go:40] Failed to load config from \"f:\\\\campus-management-system\\\\dataconnect\": could not find dataconnect.yaml in `f:\\campus-management-system\\dataconnect`\n"}}
[debug] [2026-02-17T14:51:02.903Z] E0217 22:51:02.903621   15704 watch.go:116] watchAllDir unable to walk dir `f:\campus-management-system\dataconnect`: CreateFile f:\campus-management-system\dataconnect: The system cannot find the file specified.
E0217 22:51:02.903621   15704 watch.go:40] Failed to load config from "f:\\campus-management-system\\dataconnect": could not find dataconnect.yaml in `f:\campus-management-system\dataconnect`
 {"metadata":{"emulator":{"name":"dataconnect"},"message":"E0217 22:51:02.903621   15704 watch.go:116] watchAllDir unable to walk dir `f:\\campus-management-system\\dataconnect`: CreateFile f:\\campus-management-system\\dataconnect: The system cannot find the file specified.\nE0217 22:51:02.903621   15704 watch.go:40] Failed to load config from \"f:\\\\campus-management-system\\\\dataconnect\": could not find dataconnect.yaml in `f:\\campus-management-system\\dataconnect`\n"}}
[debug] [2026-02-17T14:51:12.904Z] E0217 22:51:12.904006   15704 watch.go:40] Failed to load config from "f:\\campus-management-system\\dataconnect": could not find dataconnect.yaml in `f:\campus-management-system\dataconnect`
 {"metadata":{"emulator":{"name":"dataconnect"},"message":"E0217 22:51:12.904006   15704 watch.go:40] Failed to load config from \"f:\\\\campus-management-system\\\\dataconnect\": could not find dataconnect.yaml in `f:\\campus-management-system\\dataconnect`\n"}}
[debug] [2026-02-17T14:51:22.903Z] E0217 22:51:22.903701   15704 watch.go:40] Failed to load config from "f:\\campus-management-system\\dataconnect": could not find dataconnect.yaml in `f:\campus-management-system\dataconnect`
 {"metadata":{"emulator":{"name":"dataconnect"},"message":"E0217 22:51:22.903701   15704 watch.go:40] Failed to load config from \"f:\\\\campus-management-system\\\\dataconnect\": could not find dataconnect.yaml in `f:\\campus-management-system\\dataconnect`\n"}}
[debug] [2026-02-17T14:51:32.903Z] E0217 22:51:32.903538   15704 watch.go:40] Failed to load config from "f:\\campus-management-system\\dataconnect": could not find dataconnect.yaml in `f:\campus-management-system\dataconnect`
 {"metadata":{"emulator":{"name":"dataconnect"},"message":"E0217 22:51:32.903538   15704 watch.go:40] Failed to load config from \"f:\\\\campus-management-system\\\\dataconnect\": could not find dataconnect.yaml in `f:\\campus-management-system\\dataconnect`\n"}}
[debug] [2026-02-17T14:51:42.903Z] E0217 22:51:42.903941   15704 watch.go:40] Failed to load config from "f:\\campus-management-system\\dataconnect": could not find dataconnect.yaml in `f:\campus-management-system\dataconnect`
 {"metadata":{"emulator":{"name":"dataconnect"},"message":"E0217 22:51:42.903941   15704 watch.go:40] Failed to load config from \"f:\\\\campus-management-system\\\\dataconnect\": could not find dataconnect.yaml in `f:\\campus-management-system\\dataconnect`\n"}}
[debug] [2026-02-17T14:51:52.903Z] E0217 22:51:52.903791   15704 watch.go:40] Failed to load config from "f:\\campus-management-system\\dataconnect": could not find dataconnect.yaml in `f:\campus-management-system\dataconnect`
 {"metadata":{"emulator":{"name":"dataconnect"},"message":"E0217 22:51:52.903791   15704 watch.go:40] Failed to load config from \"f:\\\\campus-management-system\\\\dataconnect\": could not find dataconnect.yaml in `f:\\campus-management-system\\dataconnect`\n"}}
[debug] [2026-02-17T14:52:02.903Z] E0217 22:52:02.903699   15704 watch.go:116] watchAllDir unable to walk dir `f:\campus-management-system\dataconnect`: CreateFile f:\campus-management-system\dataconnect: The system cannot find the file specified.
E0217 22:52:02.903699   15704 watch.go:40] Failed to load config from "f:\\campus-management-system\\dataconnect": could not find dataconnect.yaml in `f:\campus-management-system\dataconnect`
 {"metadata":{"emulator":{"name":"dataconnect"},"message":"E0217 22:52:02.903699   15704 watch.go:116] watchAllDir unable to walk dir `f:\\campus-management-system\\dataconnect`: CreateFile f:\\campus-management-system\\dataconnect: The system cannot find the file specified.\nE0217 22:52:02.903699   15704 watch.go:40] Failed to load config from \"f:\\\\campus-management-system\\\\dataconnect\": could not find dataconnect.yaml in `f:\\campus-management-system\\dataconnect`\n"}}
[debug] [2026-02-17T14:52:12.903Z] E0217 22:52:12.903567   15704 watch.go:40] Failed to load config from "f:\\campus-management-system\\dataconnect": could not find dataconnect.yaml in `f:\campus-management-system\dataconnect`
 {"metadata":{"emulator":{"name":"dataconnect"},"message":"E0217 22:52:12.903567   15704 watch.go:40] Failed to load config from \"f:\\\\campus-management-system\\\\dataconnect\": could not find dataconnect.yaml in `f:\\campus-management-system\\dataconnect`\n"}}
[debug] [2026-02-17T14:52:22.903Z] E0217 22:52:22.903917   15704 watch.go:40] Failed to load config from "f:\\campus-management-system\\dataconnect": could not find dataconnect.yaml in `f:\campus-management-system\dataconnect`
 {"metadata":{"emulator":{"name":"dataconnect"},"message":"E0217 22:52:22.903917   15704 watch.go:40] Failed to load config from \"f:\\\\campus-management-system\\\\dataconnect\": could not find dataconnect.yaml in `f:\\campus-management-system\\dataconnect`\n"}}
[debug] [2026-02-17T14:52:32.904Z] E0217 22:52:32.903976   15704 watch.go:40] Failed to load config from "f:\\campus-management-system\\dataconnect": could not find dataconnect.yaml in `f:\campus-management-system\dataconnect`
 {"metadata":{"emulator":{"name":"dataconnect"},"message":"E0217 22:52:32.903976   15704 watch.go:40] Failed to load config from \"f:\\\\campus-management-system\\\\dataconnect\": could not find dataconnect.yaml in `f:\\campus-management-system\\dataconnect`\n"}}
[debug] [2026-02-17T14:52:42.904Z] E0217 22:52:42.904038   15704 watch.go:40] Failed to load config from "f:\\campus-management-system\\dataconnect": could not find dataconnect.yaml in `f:\campus-management-system\dataconnect`
 {"metadata":{"emulator":{"name":"dataconnect"},"message":"E0217 22:52:42.904038   15704 watch.go:40] Failed to load config from \"f:\\\\campus-management-system\\\\dataconnect\": could not find dataconnect.yaml in `f:\\campus-management-system\\dataconnect`\n"}}
[debug] [2026-02-17T14:52:52.903Z] E0217 22:52:52.903867   15704 watch.go:40] Failed to load config from "f:\\campus-management-system\\dataconnect": could not find dataconnect.yaml in `f:\campus-management-system\dataconnect`
 {"metadata":{"emulator":{"name":"dataconnect"},"message":"E0217 22:52:52.903867   15704 watch.go:40] Failed to load config from \"f:\\\\campus-management-system\\\\dataconnect\": could not find dataconnect.yaml in `f:\\campus-management-system\\dataconnect`\n"}}
[debug] [2026-02-17T14:53:02.903Z] E0217 22:53:02.903772   15704 watch.go:116] watchAllDir unable to walk dir `f:\campus-management-system\dataconnect`: CreateFile f:\campus-management-system\dataconnect: The system cannot find the file specified.
E0217 22:53:02.903772   15704 watch.go:40] Failed to load config from "f:\\campus-management-system\\dataconnect": could not find dataconnect.yaml in `f:\campus-management-system\dataconnect`
 {"metadata":{"emulator":{"name":"dataconnect"},"message":"E0217 22:53:02.903772   15704 watch.go:116] watchAllDir unable to walk dir `f:\\campus-management-system\\dataconnect`: CreateFile f:\\campus-management-system\\dataconnect: The system cannot find the file specified.\nE0217 22:53:02.903772   15704 watch.go:40] Failed to load config from \"f:\\\\campus-management-system\\\\dataconnect\": could not find dataconnect.yaml in `f:\\campus-management-system\\dataconnect`\n"}}
[debug] [2026-02-17T14:53:12.904Z] E0217 22:53:12.904143   15704 watch.go:40] Failed to load config from "f:\\campus-management-system\\dataconnect": could not find dataconnect.yaml in `f:\campus-management-system\dataconnect`
 {"metadata":{"emulator":{"name":"dataconnect"},"message":"E0217 22:53:12.904143   15704 watch.go:40] Failed to load config from \"f:\\\\campus-management-system\\\\dataconnect\": could not find dataconnect.yaml in `f:\\campus-management-system\\dataconnect`\n"}}
[debug] [2026-02-17T14:53:22.903Z] E0217 22:53:22.903996   15704 watch.go:40] Failed to load config from "f:\\campus-management-system\\dataconnect": could not find dataconnect.yaml in `f:\campus-management-system\dataconnect`
 {"metadata":{"emulator":{"name":"dataconnect"},"message":"E0217 22:53:22.903996   15704 watch.go:40] Failed to load config from \"f:\\\\campus-management-system\\\\dataconnect\": could not find dataconnect.yaml in `f:\\campus-management-system\\dataconnect`\n"}}
[debug] [2026-02-17T14:53:32.903Z] E0217 22:53:32.903587   15704 watch.go:40] Failed to load config from "f:\\campus-management-system\\dataconnect": could not find dataconnect.yaml in `f:\campus-management-system\dataconnect`
 {"metadata":{"emulator":{"name":"dataconnect"},"message":"E0217 22:53:32.903587   15704 watch.go:40] Failed to load config from \"f:\\\\campus-management-system\\\\dataconnect\": could not find dataconnect.yaml in `f:\\campus-management-system\\dataconnect`\n"}}
[debug] [2026-02-17T14:53:42.903Z] E0217 22:53:42.903781   15704 watch.go:40] Failed to load config from "f:\\campus-management-system\\dataconnect": could not find dataconnect.yaml in `f:\campus-management-system\dataconnect`
 {"metadata":{"emulator":{"name":"dataconnect"},"message":"E0217 22:53:42.903781   15704 watch.go:40] Failed to load config from \"f:\\\\campus-management-system\\\\dataconnect\": could not find dataconnect.yaml in `f:\\campus-management-system\\dataconnect`\n"}}
[debug] [2026-02-17T14:53:52.903Z] E0217 22:53:52.903558   15704 watch.go:40] Failed to load config from "f:\\campus-management-system\\dataconnect": could not find dataconnect.yaml in `f:\campus-management-system\dataconnect`
 {"metadata":{"emulator":{"name":"dataconnect"},"message":"E0217 22:53:52.903558   15704 watch.go:40] Failed to load config from \"f:\\\\campus-management-system\\\\dataconnect\": could not find dataconnect.yaml in `f:\\campus-management-system\\dataconnect`\n"}}
[debug] [2026-02-17T14:54:02.903Z] E0217 22:54:02.903547   15704 watch.go:116] watchAllDir unable to walk dir `f:\campus-management-system\dataconnect`: CreateFile f:\campus-management-system\dataconnect: The system cannot find the file specified.
E0217 22:54:02.903547   15704 watch.go:40] Failed to load config from "f:\\campus-management-system\\dataconnect": could not find dataconnect.yaml in `f:\campus-management-system\dataconnect`
 {"metadata":{"emulator":{"name":"dataconnect"},"message":"E0217 22:54:02.903547   15704 watch.go:116] watchAllDir unable to walk dir `f:\\campus-management-system\\dataconnect`: CreateFile f:\\campus-management-system\\dataconnect: The system cannot find the file specified.\nE0217 22:54:02.903547   15704 watch.go:40] Failed to load config from \"f:\\\\campus-management-system\\\\dataconnect\": could not find dataconnect.yaml in `f:\\campus-management-system\\dataconnect`\n"}}
[debug] [2026-02-17T14:54:12.903Z] E0217 22:54:12.903650   15704 watch.go:40] Failed to load config from "f:\\campus-management-system\\dataconnect": could not find dataconnect.yaml in `f:\campus-management-system\dataconnect`
 {"metadata":{"emulator":{"name":"dataconnect"},"message":"E0217 22:54:12.903650   15704 watch.go:40] Failed to load config from \"f:\\\\campus-management-system\\\\dataconnect\": could not find dataconnect.yaml in `f:\\campus-management-system\\dataconnect`\n"}}
[debug] [2026-02-17T14:54:22.903Z] E0217 22:54:22.903679   15704 watch.go:40] Failed to load config from "f:\\campus-management-system\\dataconnect": could not find dataconnect.yaml in `f:\campus-management-system\dataconnect`
 {"metadata":{"emulator":{"name":"dataconnect"},"message":"E0217 22:54:22.903679   15704 watch.go:40] Failed to load config from \"f:\\\\campus-management-system\\\\dataconnect\": could not find dataconnect.yaml in `f:\\campus-management-system\\dataconnect`\n"}}
[debug] [2026-02-17T14:54:32.903Z] E0217 22:54:32.903649   15704 watch.go:40] Failed to load config from "f:\\campus-management-system\\dataconnect": could not find dataconnect.yaml in `f:\campus-management-system\dataconnect`
 {"metadata":{"emulator":{"name":"dataconnect"},"message":"E0217 22:54:32.903649   15704 watch.go:40] Failed to load config from \"f:\\\\campus-management-system\\\\dataconnect\": could not find dataconnect.yaml in `f:\\campus-management-system\\dataconnect`\n"}}
[debug] [2026-02-17T14:54:42.903Z] E0217 22:54:42.903579   15704 watch.go:40] Failed to load config from "f:\\campus-management-system\\dataconnect": could not find dataconnect.yaml in `f:\campus-management-system\dataconnect`
 {"metadata":{"emulator":{"name":"dataconnect"},"message":"E0217 22:54:42.903579   15704 watch.go:40] Failed to load config from \"f:\\\\campus-management-system\\\\dataconnect\": could not find dataconnect.yaml in `f:\\campus-management-system\\dataconnect`\n"}}
[debug] [2026-02-17T14:54:52.903Z] E0217 22:54:52.903893   15704 watch.go:40] Failed to load config from "f:\\campus-management-system\\dataconnect": could not find dataconnect.yaml in `f:\campus-management-system\dataconnect`
 {"metadata":{"emulator":{"name":"dataconnect"},"message":"E0217 22:54:52.903893   15704 watch.go:40] Failed to load config from \"f:\\\\campus-management-system\\\\dataconnect\": could not find dataconnect.yaml in `f:\\campus-management-system\\dataconnect`\n"}}
[debug] [2026-02-17T14:55:02.903Z] E0217 22:55:02.903742   15704 watch.go:116] watchAllDir unable to walk dir `f:\campus-management-system\dataconnect`: CreateFile f:\campus-management-system\dataconnect: The system cannot find the file specified.
 {"metadata":{"emulator":{"name":"dataconnect"},"message":"E0217 22:55:02.903742   15704 watch.go:116] watchAllDir unable to walk dir `f:\\campus-management-system\\dataconnect`: CreateFile f:\\campus-management-system\\dataconnect: The system cannot find the file specified.\n"}}
[debug] [2026-02-17T14:55:02.904Z] E0217 22:55:02.903742   15704 watch.go:40] Failed to load config from "f:\\campus-management-system\\dataconnect": could not find dataconnect.yaml in `f:\campus-management-system\dataconnect`
 {"metadata":{"emulator":{"name":"dataconnect"},"message":"E0217 22:55:02.903742   15704 watch.go:40] Failed to load config from \"f:\\\\campus-management-system\\\\dataconnect\": could not find dataconnect.yaml in `f:\\campus-management-system\\dataconnect`\n"}}
[debug] [2026-02-17T14:55:12.904Z] E0217 22:55:12.904003   15704 watch.go:40] Failed to load config from "f:\\campus-management-system\\dataconnect": could not find dataconnect.yaml in `f:\campus-management-system\dataconnect`
 {"metadata":{"emulator":{"name":"dataconnect"},"message":"E0217 22:55:12.904003   15704 watch.go:40] Failed to load config from \"f:\\\\campus-management-system\\\\dataconnect\": could not find dataconnect.yaml in `f:\\campus-management-system\\dataconnect`\n"}}
[debug] [2026-02-17T14:55:22.903Z] E0217 22:55:22.903643   15704 watch.go:40] Failed to load config from "f:\\campus-management-system\\dataconnect": could not find dataconnect.yaml in `f:\campus-management-system\dataconnect`
 {"metadata":{"emulator":{"name":"dataconnect"},"message":"E0217 22:55:22.903643   15704 watch.go:40] Failed to load config from \"f:\\\\campus-management-system\\\\dataconnect\": could not find dataconnect.yaml in `f:\\campus-management-system\\dataconnect`\n"}}
[debug] [2026-02-17T14:55:32.903Z] E0217 22:55:32.903626   15704 watch.go:40] Failed to load config from "f:\\campus-management-system\\dataconnect": could not find dataconnect.yaml in `f:\campus-management-system\dataconnect`
 {"metadata":{"emulator":{"name":"dataconnect"},"message":"E0217 22:55:32.903626   15704 watch.go:40] Failed to load config from \"f:\\\\campus-management-system\\\\dataconnect\": could not find dataconnect.yaml in `f:\\campus-management-system\\dataconnect`\n"}}
[debug] [2026-02-17T14:55:42.903Z] E0217 22:55:42.903536   15704 watch.go:40] Failed to load config from "f:\\campus-management-system\\dataconnect": could not find dataconnect.yaml in `f:\campus-management-system\dataconnect`
 {"metadata":{"emulator":{"name":"dataconnect"},"message":"E0217 22:55:42.903536   15704 watch.go:40] Failed to load config from \"f:\\\\campus-management-system\\\\dataconnect\": could not find dataconnect.yaml in `f:\\campus-management-system\\dataconnect`\n"}}
[debug] [2026-02-17T14:55:52.904Z] E0217 22:55:52.904055   15704 watch.go:40] Failed to load config from "f:\\campus-management-system\\dataconnect": could not find dataconnect.yaml in `f:\campus-management-system\dataconnect`
 {"metadata":{"emulator":{"name":"dataconnect"},"message":"E0217 22:55:52.904055   15704 watch.go:40] Failed to load config from \"f:\\\\campus-management-system\\\\dataconnect\": could not find dataconnect.yaml in `f:\\campus-management-system\\dataconnect`\n"}}
[debug] [2026-02-17T14:56:02.903Z] E0217 22:56:02.903535   15704 watch.go:116] watchAllDir unable to walk dir `f:\campus-management-system\dataconnect`: CreateFile f:\campus-management-system\dataconnect: The system cannot find the file specified.
 {"metadata":{"emulator":{"name":"dataconnect"},"message":"E0217 22:56:02.903535   15704 watch.go:116] watchAllDir unable to walk dir `f:\\campus-management-system\\dataconnect`: CreateFile f:\\campus-management-system\\dataconnect: The system cannot find the file specified.\n"}}
[debug] [2026-02-17T14:56:02.903Z] E0217 22:56:02.903535   15704 watch.go:40] Failed to load config from "f:\\campus-management-system\\dataconnect": could not find dataconnect.yaml in `f:\campus-management-system\dataconnect`
 {"metadata":{"emulator":{"name":"dataconnect"},"message":"E0217 22:56:02.903535   15704 watch.go:40] Failed to load config from \"f:\\\\campus-management-system\\\\dataconnect\": could not find dataconnect.yaml in `f:\\campus-management-system\\dataconnect`\n"}}
[debug] [2026-02-17T14:56:12.903Z] E0217 22:56:12.903735   15704 watch.go:40] Failed to load config from "f:\\campus-management-system\\dataconnect": could not find dataconnect.yaml in `f:\campus-management-system\dataconnect`
 {"metadata":{"emulator":{"name":"dataconnect"},"message":"E0217 22:56:12.903735   15704 watch.go:40] Failed to load config from \"f:\\\\campus-management-system\\\\dataconnect\": could not find dataconnect.yaml in `f:\\campus-management-system\\dataconnect`\n"}}
[debug] [2026-02-17T14:56:22.903Z] E0217 22:56:22.903718   15704 watch.go:40] Failed to load config from "f:\\campus-management-system\\dataconnect": could not find dataconnect.yaml in `f:\campus-management-system\dataconnect`
 {"metadata":{"emulator":{"name":"dataconnect"},"message":"E0217 22:56:22.903718   15704 watch.go:40] Failed to load config from \"f:\\\\campus-management-system\\\\dataconnect\": could not find dataconnect.yaml in `f:\\campus-management-system\\dataconnect`\n"}}
[debug] [2026-02-17T14:56:32.903Z] E0217 22:56:32.903847   15704 watch.go:40] Failed to load config from "f:\\campus-management-system\\dataconnect": could not find dataconnect.yaml in `f:\campus-management-system\dataconnect`
 {"metadata":{"emulator":{"name":"dataconnect"},"message":"E0217 22:56:32.903847   15704 watch.go:40] Failed to load config from \"f:\\\\campus-management-system\\\\dataconnect\": could not find dataconnect.yaml in `f:\\campus-management-system\\dataconnect`\n"}}
[debug] [2026-02-17T14:56:42.903Z] E0217 22:56:42.903978   15704 watch.go:40] Failed to load config from "f:\\campus-management-system\\dataconnect": could not find dataconnect.yaml in `f:\campus-management-system\dataconnect`
 {"metadata":{"emulator":{"name":"dataconnect"},"message":"E0217 22:56:42.903978   15704 watch.go:40] Failed to load config from \"f:\\\\campus-management-system\\\\dataconnect\": could not find dataconnect.yaml in `f:\\campus-management-system\\dataconnect`\n"}}
[debug] [2026-02-17T14:56:52.903Z] E0217 22:56:52.903565   15704 watch.go:40] Failed to load config from "f:\\campus-management-system\\dataconnect": could not find dataconnect.yaml in `f:\campus-management-system\dataconnect`
 {"metadata":{"emulator":{"name":"dataconnect"},"message":"E0217 22:56:52.903565   15704 watch.go:40] Failed to load config from \"f:\\\\campus-management-system\\\\dataconnect\": could not find dataconnect.yaml in `f:\\campus-management-system\\dataconnect`\n"}}
[debug] [2026-02-17T14:57:02.903Z] E0217 22:57:02.903770   15704 watch.go:116] watchAllDir unable to walk dir `f:\campus-management-system\dataconnect`: CreateFile f:\campus-management-system\dataconnect: The system cannot find the file specified.
E0217 22:57:02.903770   15704 watch.go:40] Failed to load config from "f:\\campus-management-system\\dataconnect": could not find dataconnect.yaml in `f:\campus-management-system\dataconnect`
 {"metadata":{"emulator":{"name":"dataconnect"},"message":"E0217 22:57:02.903770   15704 watch.go:116] watchAllDir unable to walk dir `f:\\campus-management-system\\dataconnect`: CreateFile f:\\campus-management-system\\dataconnect: The system cannot find the file specified.\nE0217 22:57:02.903770   15704 watch.go:40] Failed to load config from \"f:\\\\campus-management-system\\\\dataconnect\": could not find dataconnect.yaml in `f:\\campus-management-system\\dataconnect`\n"}}
[debug] [2026-02-17T14:57:12.904Z] E0217 22:57:12.904054   15704 watch.go:40] Failed to load config from "f:\\campus-management-system\\dataconnect": could not find dataconnect.yaml in `f:\campus-management-system\dataconnect`
 {"metadata":{"emulator":{"name":"dataconnect"},"message":"E0217 22:57:12.904054   15704 watch.go:40] Failed to load config from \"f:\\\\campus-management-system\\\\dataconnect\": could not find dataconnect.yaml in `f:\\campus-management-system\\dataconnect`\n"}}
[debug] [2026-02-17T14:57:22.903Z] E0217 22:57:22.903991   15704 watch.go:40] Failed to load config from "f:\\campus-management-system\\dataconnect": could not find dataconnect.yaml in `f:\campus-management-system\dataconnect`
 {"metadata":{"emulator":{"name":"dataconnect"},"message":"E0217 22:57:22.903991   15704 watch.go:40] Failed to load config from \"f:\\\\campus-management-system\\\\dataconnect\": could not find dataconnect.yaml in `f:\\campus-management-system\\dataconnect`\n"}}
[debug] [2026-02-17T14:57:32.903Z] E0217 22:57:32.903904   15704 watch.go:40] Failed to load config from "f:\\campus-management-system\\dataconnect": could not find dataconnect.yaml in `f:\campus-management-system\dataconnect`
 {"metadata":{"emulator":{"name":"dataconnect"},"message":"E0217 22:57:32.903904   15704 watch.go:40] Failed to load config from \"f:\\\\campus-management-system\\\\dataconnect\": could not find dataconnect.yaml in `f:\\campus-management-system\\dataconnect`\n"}}
[debug] [2026-02-17T14:57:42.903Z] E0217 22:57:42.903689   15704 watch.go:40] Failed to load config from "f:\\campus-management-system\\dataconnect": could not find dataconnect.yaml in `f:\campus-management-system\dataconnect`
 {"metadata":{"emulator":{"name":"dataconnect"},"message":"E0217 22:57:42.903689   15704 watch.go:40] Failed to load config from \"f:\\\\campus-management-system\\\\dataconnect\": could not find dataconnect.yaml in `f:\\campus-management-system\\dataconnect`\n"}}
[debug] [2026-02-17T14:57:52.903Z] E0217 22:57:52.904016   15704 watch.go:40] Failed to load config from "f:\\campus-management-system\\dataconnect": could not find dataconnect.yaml in `f:\campus-management-system\dataconnect`
 {"metadata":{"emulator":{"name":"dataconnect"},"message":"E0217 22:57:52.904016   15704 watch.go:40] Failed to load config from \"f:\\\\campus-management-system\\\\dataconnect\": could not find dataconnect.yaml in `f:\\campus-management-system\\dataconnect`\n"}}
[debug] [2026-02-17T14:58:02.903Z] E0217 22:58:02.903883   15704 watch.go:116] watchAllDir unable to walk dir `f:\campus-management-system\dataconnect`: CreateFile f:\campus-management-system\dataconnect: The system cannot find the file specified.
E0217 22:58:02.903883   15704 watch.go:40] Failed to load config from "f:\\campus-management-system\\dataconnect": could not find dataconnect.yaml in `f:\campus-management-system\dataconnect`
 {"metadata":{"emulator":{"name":"dataconnect"},"message":"E0217 22:58:02.903883   15704 watch.go:116] watchAllDir unable to walk dir `f:\\campus-management-system\\dataconnect`: CreateFile f:\\campus-management-system\\dataconnect: The system cannot find the file specified.\nE0217 22:58:02.903883   15704 watch.go:40] Failed to load config from \"f:\\\\campus-management-system\\\\dataconnect\": could not find dataconnect.yaml in `f:\\campus-management-system\\dataconnect`\n"}}
[debug] [2026-02-17T14:58:12.903Z] E0217 22:58:12.903694   15704 watch.go:40] Failed to load config from "f:\\campus-management-system\\dataconnect": could not find dataconnect.yaml in `f:\campus-management-system\dataconnect`
 {"metadata":{"emulator":{"name":"dataconnect"},"message":"E0217 22:58:12.903694   15704 watch.go:40] Failed to load config from \"f:\\\\campus-management-system\\\\dataconnect\": could not find dataconnect.yaml in `f:\\campus-management-system\\dataconnect`\n"}}
[debug] [2026-02-17T14:58:22.904Z] E0217 22:58:22.904014   15704 watch.go:40] Failed to load config from "f:\\campus-management-system\\dataconnect": could not find dataconnect.yaml in `f:\campus-management-system\dataconnect`
 {"metadata":{"emulator":{"name":"dataconnect"},"message":"E0217 22:58:22.904014   15704 watch.go:40] Failed to load config from \"f:\\\\campus-management-system\\\\dataconnect\": could not find dataconnect.yaml in `f:\\campus-management-system\\dataconnect`\n"}}
[debug] [2026-02-17T14:58:32.903Z] E0217 22:58:32.903536   15704 watch.go:40] Failed to load config from "f:\\campus-management-system\\dataconnect": could not find dataconnect.yaml in `f:\campus-management-system\dataconnect`
 {"metadata":{"emulator":{"name":"dataconnect"},"message":"E0217 22:58:32.903536   15704 watch.go:40] Failed to load config from \"f:\\\\campus-management-system\\\\dataconnect\": could not find dataconnect.yaml in `f:\\campus-management-system\\dataconnect`\n"}}
[debug] [2026-02-17T14:58:42.903Z] E0217 22:58:42.903640   15704 watch.go:40] Failed to load config from "f:\\campus-management-system\\dataconnect": could not find dataconnect.yaml in `f:\campus-management-system\dataconnect`
 {"metadata":{"emulator":{"name":"dataconnect"},"message":"E0217 22:58:42.903640   15704 watch.go:40] Failed to load config from \"f:\\\\campus-management-system\\\\dataconnect\": could not find dataconnect.yaml in `f:\\campus-management-system\\dataconnect`\n"}}
[debug] [2026-02-17T14:58:52.903Z] E0217 22:58:52.903539   15704 watch.go:40] Failed to load config from "f:\\campus-management-system\\dataconnect": could not find dataconnect.yaml in `f:\campus-management-system\dataconnect`
 {"metadata":{"emulator":{"name":"dataconnect"},"message":"E0217 22:58:52.903539   15704 watch.go:40] Failed to load config from \"f:\\\\campus-management-system\\\\dataconnect\": could not find dataconnect.yaml in `f:\\campus-management-system\\dataconnect`\n"}}
[debug] [2026-02-17T14:59:02.903Z] E0217 22:59:02.903925   15704 watch.go:116] watchAllDir unable to walk dir `f:\campus-management-system\dataconnect`: CreateFile f:\campus-management-system\dataconnect: The system cannot find the file specified.
E0217 22:59:02.903925   15704 watch.go:40] Failed to load config from "f:\\campus-management-system\\dataconnect": could not find dataconnect.yaml in `f:\campus-management-system\dataconnect`
 {"metadata":{"emulator":{"name":"dataconnect"},"message":"E0217 22:59:02.903925   15704 watch.go:116] watchAllDir unable to walk dir `f:\\campus-management-system\\dataconnect`: CreateFile f:\\campus-management-system\\dataconnect: The system cannot find the file specified.\nE0217 22:59:02.903925   15704 watch.go:40] Failed to load config from \"f:\\\\campus-management-system\\\\dataconnect\": could not find dataconnect.yaml in `f:\\campus-management-system\\dataconnect`\n"}}
[debug] [2026-02-17T14:59:12.903Z] E0217 22:59:12.903804   15704 watch.go:40] Failed to load config from "f:\\campus-management-system\\dataconnect": could not find dataconnect.yaml in `f:\campus-management-system\dataconnect`
 {"metadata":{"emulator":{"name":"dataconnect"},"message":"E0217 22:59:12.903804   15704 watch.go:40] Failed to load config from \"f:\\\\campus-management-system\\\\dataconnect\": could not find dataconnect.yaml in `f:\\campus-management-system\\dataconnect`\n"}}
[debug] [2026-02-17T14:59:22.904Z] E0217 22:59:22.904002   15704 watch.go:40] Failed to load config from "f:\\campus-management-system\\dataconnect": could not find dataconnect.yaml in `f:\campus-management-system\dataconnect`
 {"metadata":{"emulator":{"name":"dataconnect"},"message":"E0217 22:59:22.904002   15704 watch.go:40] Failed to load config from \"f:\\\\campus-management-system\\\\dataconnect\": could not find dataconnect.yaml in `f:\\campus-management-system\\dataconnect`\n"}}
[debug] [2026-02-17T14:59:32.903Z] E0217 22:59:32.903571   15704 watch.go:40] Failed to load config from "f:\\campus-management-system\\dataconnect": could not find dataconnect.yaml in `f:\campus-management-system\dataconnect`
 {"metadata":{"emulator":{"name":"dataconnect"},"message":"E0217 22:59:32.903571   15704 watch.go:40] Failed to load config from \"f:\\\\campus-management-system\\\\dataconnect\": could not find dataconnect.yaml in `f:\\campus-management-system\\dataconnect`\n"}}
[debug] [2026-02-17T14:59:42.903Z] E0217 22:59:42.903664   15704 watch.go:40] Failed to load config from "f:\\campus-management-system\\dataconnect": could not find dataconnect.yaml in `f:\campus-management-system\dataconnect`
 {"metadata":{"emulator":{"name":"dataconnect"},"message":"E0217 22:59:42.903664   15704 watch.go:40] Failed to load config from \"f:\\\\campus-management-system\\\\dataconnect\": could not find dataconnect.yaml in `f:\\campus-management-system\\dataconnect`\n"}}
[debug] [2026-02-17T14:59:52.903Z] E0217 22:59:52.903543   15704 watch.go:40] Failed to load config from "f:\\campus-management-system\\dataconnect": could not find dataconnect.yaml in `f:\campus-management-system\dataconnect`
 {"metadata":{"emulator":{"name":"dataconnect"},"message":"E0217 22:59:52.903543   15704 watch.go:40] Failed to load config from \"f:\\\\campus-management-system\\\\dataconnect\": could not find dataconnect.yaml in `f:\\campus-management-system\\dataconnect`\n"}}
[debug] [2026-02-17T15:00:02.903Z] E0217 23:00:02.903659   15704 watch.go:116] watchAllDir unable to walk dir `f:\campus-management-system\dataconnect`: CreateFile f:\campus-management-system\dataconnect: The system cannot find the file specified.
 {"metadata":{"emulator":{"name":"dataconnect"},"message":"E0217 23:00:02.903659   15704 watch.go:116] watchAllDir unable to walk dir `f:\\campus-management-system\\dataconnect`: CreateFile f:\\campus-management-system\\dataconnect: The system cannot find the file specified.\n"}}
[debug] [2026-02-17T15:00:02.904Z] E0217 23:00:02.903659   15704 watch.go:40] Failed to load config from "f:\\campus-management-system\\dataconnect": could not find dataconnect.yaml in `f:\campus-management-system\dataconnect`
 {"metadata":{"emulator":{"name":"dataconnect"},"message":"E0217 23:00:02.903659   15704 watch.go:40] Failed to load config from \"f:\\\\campus-management-system\\\\dataconnect\": could not find dataconnect.yaml in `f:\\campus-management-system\\dataconnect`\n"}}
[debug] [2026-02-17T15:00:12.904Z] E0217 23:00:12.904097   15704 watch.go:40] Failed to load config from "f:\\campus-management-system\\dataconnect": could not find dataconnect.yaml in `f:\campus-management-system\dataconnect`
 {"metadata":{"emulator":{"name":"dataconnect"},"message":"E0217 23:00:12.904097   15704 watch.go:40] Failed to load config from \"f:\\\\campus-management-system\\\\dataconnect\": could not find dataconnect.yaml in `f:\\campus-management-system\\dataconnect`\n"}}
[debug] [2026-02-17T15:00:22.903Z] E0217 23:00:22.903553   15704 watch.go:40] Failed to load config from "f:\\campus-management-system\\dataconnect": could not find dataconnect.yaml in `f:\campus-management-system\dataconnect`
 {"metadata":{"emulator":{"name":"dataconnect"},"message":"E0217 23:00:22.903553   15704 watch.go:40] Failed to load config from \"f:\\\\campus-management-system\\\\dataconnect\": could not find dataconnect.yaml in `f:\\campus-management-system\\dataconnect`\n"}}
[debug] [2026-02-17T15:00:32.903Z] E0217 23:00:32.903545   15704 watch.go:40] Failed to load config from "f:\\campus-management-system\\dataconnect": could not find dataconnect.yaml in `f:\campus-management-system\dataconnect`
 {"metadata":{"emulator":{"name":"dataconnect"},"message":"E0217 23:00:32.903545   15704 watch.go:40] Failed to load config from \"f:\\\\campus-management-system\\\\dataconnect\": could not find dataconnect.yaml in `f:\\campus-management-system\\dataconnect`\n"}}
[debug] [2026-02-17T15:00:42.903Z] E0217 23:00:42.903851   15704 watch.go:40] Failed to load config from "f:\\campus-management-system\\dataconnect": could not find dataconnect.yaml in `f:\campus-management-system\dataconnect`
 {"metadata":{"emulator":{"name":"dataconnect"},"message":"E0217 23:00:42.903851   15704 watch.go:40] Failed to load config from \"f:\\\\campus-management-system\\\\dataconnect\": could not find dataconnect.yaml in `f:\\campus-management-system\\dataconnect`\n"}}
[debug] [2026-02-17T15:00:52.904Z] E0217 23:00:52.904019   15704 watch.go:40] Failed to load config from "f:\\campus-management-system\\dataconnect": could not find dataconnect.yaml in `f:\campus-management-system\dataconnect`
 {"metadata":{"emulator":{"name":"dataconnect"},"message":"E0217 23:00:52.904019   15704 watch.go:40] Failed to load config from \"f:\\\\campus-management-system\\\\dataconnect\": could not find dataconnect.yaml in `f:\\campus-management-system\\dataconnect`\n"}}
[debug] [2026-02-17T15:01:02.903Z] E0217 23:01:02.903872   15704 watch.go:116] watchAllDir unable to walk dir `f:\campus-management-system\dataconnect`: CreateFile f:\campus-management-system\dataconnect: The system cannot find the file specified.
E0217 23:01:02.903872   15704 watch.go:40] Failed to load config from "f:\\campus-management-system\\dataconnect": could not find dataconnect.yaml in `f:\campus-management-system\dataconnect`
 {"metadata":{"emulator":{"name":"dataconnect"},"message":"E0217 23:01:02.903872   15704 watch.go:116] watchAllDir unable to walk dir `f:\\campus-management-system\\dataconnect`: CreateFile f:\\campus-management-system\\dataconnect: The system cannot find the file specified.\nE0217 23:01:02.903872   15704 watch.go:40] Failed to load config from \"f:\\\\campus-management-system\\\\dataconnect\": could not find dataconnect.yaml in `f:\\campus-management-system\\dataconnect`\n"}}
[debug] [2026-02-17T15:01:12.904Z] E0217 23:01:12.904002   15704 watch.go:40] Failed to load config from "f:\\campus-management-system\\dataconnect": could not find dataconnect.yaml in `f:\campus-management-system\dataconnect`
 {"metadata":{"emulator":{"name":"dataconnect"},"message":"E0217 23:01:12.904002   15704 watch.go:40] Failed to load config from \"f:\\\\campus-management-system\\\\dataconnect\": could not find dataconnect.yaml in `f:\\campus-management-system\\dataconnect`\n"}}
[debug] [2026-02-17T15:01:22.903Z] E0217 23:01:22.903546   15704 watch.go:40] Failed to load config from "f:\\campus-management-system\\dataconnect": could not find dataconnect.yaml in `f:\campus-management-system\dataconnect`
 {"metadata":{"emulator":{"name":"dataconnect"},"message":"E0217 23:01:22.903546   15704 watch.go:40] Failed to load config from \"f:\\\\campus-management-system\\\\dataconnect\": could not find dataconnect.yaml in `f:\\campus-management-system\\dataconnect`\n"}}
[debug] [2026-02-17T15:01:32.903Z] E0217 23:01:32.903557   15704 watch.go:40] Failed to load config from "f:\\campus-management-system\\dataconnect": could not find dataconnect.yaml in `f:\campus-management-system\dataconnect`
 {"metadata":{"emulator":{"name":"dataconnect"},"message":"E0217 23:01:32.903557   15704 watch.go:40] Failed to load config from \"f:\\\\campus-management-system\\\\dataconnect\": could not find dataconnect.yaml in `f:\\campus-management-system\\dataconnect`\n"}}
[debug] [2026-02-17T15:01:42.903Z] E0217 23:01:42.903731   15704 watch.go:40] Failed to load config from "f:\\campus-management-system\\dataconnect": could not find dataconnect.yaml in `f:\campus-management-system\dataconnect`
 {"metadata":{"emulator":{"name":"dataconnect"},"message":"E0217 23:01:42.903731   15704 watch.go:40] Failed to load config from \"f:\\\\campus-management-system\\\\dataconnect\": could not find dataconnect.yaml in `f:\\campus-management-system\\dataconnect`\n"}}
[debug] [2026-02-17T15:01:52.903Z] E0217 23:01:52.903985   15704 watch.go:40] Failed to load config from "f:\\campus-management-system\\dataconnect": could not find dataconnect.yaml in `f:\campus-management-system\dataconnect`
 {"metadata":{"emulator":{"name":"dataconnect"},"message":"E0217 23:01:52.903985   15704 watch.go:40] Failed to load config from \"f:\\\\campus-management-system\\\\dataconnect\": could not find dataconnect.yaml in `f:\\campus-management-system\\dataconnect`\n"}}
[debug] [2026-02-17T15:02:02.903Z] E0217 23:02:02.903752   15704 watch.go:116] watchAllDir unable to walk dir `f:\campus-management-system\dataconnect`: CreateFile f:\campus-management-system\dataconnect: The system cannot find the file specified.
E0217 23:02:02.903752   15704 watch.go:40] Failed to load config from "f:\\campus-management-system\\dataconnect": could not find dataconnect.yaml in `f:\campus-management-system\dataconnect`
 {"metadata":{"emulator":{"name":"dataconnect"},"message":"E0217 23:02:02.903752   15704 watch.go:116] watchAllDir unable to walk dir `f:\\campus-management-system\\dataconnect`: CreateFile f:\\campus-management-system\\dataconnect: The system cannot find the file specified.\nE0217 23:02:02.903752   15704 watch.go:40] Failed to load config from \"f:\\\\campus-management-system\\\\dataconnect\": could not find dataconnect.yaml in `f:\\campus-management-system\\dataconnect`\n"}}
[debug] [2026-02-17T15:02:12.903Z] E0217 23:02:12.903695   15704 watch.go:40] Failed to load config from "f:\\campus-management-system\\dataconnect": could not find dataconnect.yaml in `f:\campus-management-system\dataconnect`
 {"metadata":{"emulator":{"name":"dataconnect"},"message":"E0217 23:02:12.903695   15704 watch.go:40] Failed to load config from \"f:\\\\campus-management-system\\\\dataconnect\": could not find dataconnect.yaml in `f:\\campus-management-system\\dataconnect`\n"}}
[debug] [2026-02-17T15:02:22.903Z] E0217 23:02:22.903876   15704 watch.go:40] Failed to load config from "f:\\campus-management-system\\dataconnect": could not find dataconnect.yaml in `f:\campus-management-system\dataconnect`
 {"metadata":{"emulator":{"name":"dataconnect"},"message":"E0217 23:02:22.903876   15704 watch.go:40] Failed to load config from \"f:\\\\campus-management-system\\\\dataconnect\": could not find dataconnect.yaml in `f:\\campus-management-system\\dataconnect`\n"}}
[debug] [2026-02-17T15:02:32.903Z] E0217 23:02:32.903576   15704 watch.go:40] Failed to load config from "f:\\campus-management-system\\dataconnect": could not find dataconnect.yaml in `f:\campus-management-system\dataconnect`
 {"metadata":{"emulator":{"name":"dataconnect"},"message":"E0217 23:02:32.903576   15704 watch.go:40] Failed to load config from \"f:\\\\campus-management-system\\\\dataconnect\": could not find dataconnect.yaml in `f:\\campus-management-system\\dataconnect`\n"}}
[debug] [2026-02-17T15:02:42.903Z] E0217 23:02:42.903559   15704 watch.go:40] Failed to load config from "f:\\campus-management-system\\dataconnect": could not find dataconnect.yaml in `f:\campus-management-system\dataconnect`
 {"metadata":{"emulator":{"name":"dataconnect"},"message":"E0217 23:02:42.903559   15704 watch.go:40] Failed to load config from \"f:\\\\campus-management-system\\\\dataconnect\": could not find dataconnect.yaml in `f:\\campus-management-system\\dataconnect`\n"}}
[debug] [2026-02-17T15:02:52.903Z] E0217 23:02:52.903803   15704 watch.go:40] Failed to load config from "f:\\campus-management-system\\dataconnect": could not find dataconnect.yaml in `f:\campus-management-system\dataconnect`
 {"metadata":{"emulator":{"name":"dataconnect"},"message":"E0217 23:02:52.903803   15704 watch.go:40] Failed to load config from \"f:\\\\campus-management-system\\\\dataconnect\": could not find dataconnect.yaml in `f:\\campus-management-system\\dataconnect`\n"}}
[debug] [2026-02-17T15:03:02.903Z] E0217 23:03:02.903535   15704 watch.go:116] watchAllDir unable to walk dir `f:\campus-management-system\dataconnect`: CreateFile f:\campus-management-system\dataconnect: The system cannot find the file specified.
 {"metadata":{"emulator":{"name":"dataconnect"},"message":"E0217 23:03:02.903535   15704 watch.go:116] watchAllDir unable to walk dir `f:\\campus-management-system\\dataconnect`: CreateFile f:\\campus-management-system\\dataconnect: The system cannot find the file specified.\n"}}
[debug] [2026-02-17T15:03:02.903Z] E0217 23:03:02.903535   15704 watch.go:40] Failed to load config from "f:\\campus-management-system\\dataconnect": could not find dataconnect.yaml in `f:\campus-management-system\dataconnect`
 {"metadata":{"emulator":{"name":"dataconnect"},"message":"E0217 23:03:02.903535   15704 watch.go:40] Failed to load config from \"f:\\\\campus-management-system\\\\dataconnect\": could not find dataconnect.yaml in `f:\\campus-management-system\\dataconnect`\n"}}
[debug] [2026-02-17T15:03:12.903Z] E0217 23:03:12.904116   15704 watch.go:40] Failed to load config from "f:\\campus-management-system\\dataconnect": could not find dataconnect.yaml in `f:\campus-management-system\dataconnect`
 {"metadata":{"emulator":{"name":"dataconnect"},"message":"E0217 23:03:12.904116   15704 watch.go:40] Failed to load config from \"f:\\\\campus-management-system\\\\dataconnect\": could not find dataconnect.yaml in `f:\\campus-management-system\\dataconnect`\n"}}
[debug] [2026-02-17T15:03:22.903Z] E0217 23:03:22.903812   15704 watch.go:40] Failed to load config from "f:\\campus-management-system\\dataconnect": could not find dataconnect.yaml in `f:\campus-management-system\dataconnect`
 {"metadata":{"emulator":{"name":"dataconnect"},"message":"E0217 23:03:22.903812   15704 watch.go:40] Failed to load config from \"f:\\\\campus-management-system\\\\dataconnect\": could not find dataconnect.yaml in `f:\\campus-management-system\\dataconnect`\n"}}
[debug] [2026-02-17T15:03:32.903Z] E0217 23:03:32.903961   15704 watch.go:40] Failed to load config from "f:\\campus-management-system\\dataconnect": could not find dataconnect.yaml in `f:\campus-management-system\dataconnect`
 {"metadata":{"emulator":{"name":"dataconnect"},"message":"E0217 23:03:32.903961   15704 watch.go:40] Failed to load config from \"f:\\\\campus-management-system\\\\dataconnect\": could not find dataconnect.yaml in `f:\\campus-management-system\\dataconnect`\n"}}
[debug] [2026-02-17T15:03:42.903Z] E0217 23:03:42.903602   15704 watch.go:40] Failed to load config from "f:\\campus-management-system\\dataconnect": could not find dataconnect.yaml in `f:\campus-management-system\dataconnect`
 {"metadata":{"emulator":{"name":"dataconnect"},"message":"E0217 23:03:42.903602   15704 watch.go:40] Failed to load config from \"f:\\\\campus-management-system\\\\dataconnect\": could not find dataconnect.yaml in `f:\\campus-management-system\\dataconnect`\n"}}
[debug] [2026-02-17T15:03:52.903Z] E0217 23:03:52.903839   15704 watch.go:40] Failed to load config from "f:\\campus-management-system\\dataconnect": could not find dataconnect.yaml in `f:\campus-management-system\dataconnect`
 {"metadata":{"emulator":{"name":"dataconnect"},"message":"E0217 23:03:52.903839   15704 watch.go:40] Failed to load config from \"f:\\\\campus-management-system\\\\dataconnect\": could not find dataconnect.yaml in `f:\\campus-management-system\\dataconnect`\n"}}
[debug] [2026-02-17T15:04:02.903Z] E0217 23:04:02.904056   15704 watch.go:116] watchAllDir unable to walk dir `f:\campus-management-system\dataconnect`: CreateFile f:\campus-management-system\dataconnect: The system cannot find the file specified.
E0217 23:04:02.904056   15704 watch.go:40] Failed to load config from "f:\\campus-management-system\\dataconnect": could not find dataconnect.yaml in `f:\campus-management-system\dataconnect`
 {"metadata":{"emulator":{"name":"dataconnect"},"message":"E0217 23:04:02.904056   15704 watch.go:116] watchAllDir unable to walk dir `f:\\campus-management-system\\dataconnect`: CreateFile f:\\campus-management-system\\dataconnect: The system cannot find the file specified.\nE0217 23:04:02.904056   15704 watch.go:40] Failed to load config from \"f:\\\\campus-management-system\\\\dataconnect\": could not find dataconnect.yaml in `f:\\campus-management-system\\dataconnect`\n"}}
[debug] [2026-02-17T15:04:12.903Z] E0217 23:04:12.903718   15704 watch.go:40] Failed to load config from "f:\\campus-management-system\\dataconnect": could not find dataconnect.yaml in `f:\campus-management-system\dataconnect`
 {"metadata":{"emulator":{"name":"dataconnect"},"message":"E0217 23:04:12.903718   15704 watch.go:40] Failed to load config from \"f:\\\\campus-management-system\\\\dataconnect\": could not find dataconnect.yaml in `f:\\campus-management-system\\dataconnect`\n"}}
[debug] [2026-02-17T15:04:22.903Z] E0217 23:04:22.903965   15704 watch.go:40] Failed to load config from "f:\\campus-management-system\\dataconnect": could not find dataconnect.yaml in `f:\campus-management-system\dataconnect`
 {"metadata":{"emulator":{"name":"dataconnect"},"message":"E0217 23:04:22.903965   15704 watch.go:40] Failed to load config from \"f:\\\\campus-management-system\\\\dataconnect\": could not find dataconnect.yaml in `f:\\campus-management-system\\dataconnect`\n"}}
[debug] [2026-02-17T15:04:32.903Z] E0217 23:04:32.903869   15704 watch.go:40] Failed to load config from "f:\\campus-management-system\\dataconnect": could not find dataconnect.yaml in `f:\campus-management-system\dataconnect`
 {"metadata":{"emulator":{"name":"dataconnect"},"message":"E0217 23:04:32.903869   15704 watch.go:40] Failed to load config from \"f:\\\\campus-management-system\\\\dataconnect\": could not find dataconnect.yaml in `f:\\campus-management-system\\dataconnect`\n"}}
[debug] [2026-02-17T15:04:42.903Z] E0217 23:04:42.903778   15704 watch.go:40] Failed to load config from "f:\\campus-management-system\\dataconnect": could not find dataconnect.yaml in `f:\campus-management-system\dataconnect`
 {"metadata":{"emulator":{"name":"dataconnect"},"message":"E0217 23:04:42.903778   15704 watch.go:40] Failed to load config from \"f:\\\\campus-management-system\\\\dataconnect\": could not find dataconnect.yaml in `f:\\campus-management-system\\dataconnect`\n"}}
[debug] [2026-02-17T15:04:52.903Z] E0217 23:04:52.903962   15704 watch.go:40] Failed to load config from "f:\\campus-management-system\\dataconnect": could not find dataconnect.yaml in `f:\campus-management-system\dataconnect`
 {"metadata":{"emulator":{"name":"dataconnect"},"message":"E0217 23:04:52.903962   15704 watch.go:40] Failed to load config from \"f:\\\\campus-management-system\\\\dataconnect\": could not find dataconnect.yaml in `f:\\campus-management-system\\dataconnect`\n"}}
[debug] [2026-02-17T15:05:02.903Z] E0217 23:05:02.903649   15704 watch.go:116] watchAllDir unable to walk dir `f:\campus-management-system\dataconnect`: CreateFile f:\campus-management-system\dataconnect: The system cannot find the file specified.
E0217 23:05:02.903649   15704 watch.go:40] Failed to load config from "f:\\campus-management-system\\dataconnect": could not find dataconnect.yaml in `f:\campus-management-system\dataconnect`
 {"metadata":{"emulator":{"name":"dataconnect"},"message":"E0217 23:05:02.903649   15704 watch.go:116] watchAllDir unable to walk dir `f:\\campus-management-system\\dataconnect`: CreateFile f:\\campus-management-system\\dataconnect: The system cannot find the file specified.\nE0217 23:05:02.903649   15704 watch.go:40] Failed to load config from \"f:\\\\campus-management-system\\\\dataconnect\": could not find dataconnect.yaml in `f:\\campus-management-system\\dataconnect`\n"}}
[debug] [2026-02-17T15:05:12.903Z] E0217 23:05:12.903809   15704 watch.go:40] Failed to load config from "f:\\campus-management-system\\dataconnect": could not find dataconnect.yaml in `f:\campus-management-system\dataconnect`
 {"metadata":{"emulator":{"name":"dataconnect"},"message":"E0217 23:05:12.903809   15704 watch.go:40] Failed to load config from \"f:\\\\campus-management-system\\\\dataconnect\": could not find dataconnect.yaml in `f:\\campus-management-system\\dataconnect`\n"}}
[debug] [2026-02-17T15:05:22.903Z] E0217 23:05:22.903548   15704 watch.go:40] Failed to load config from "f:\\campus-management-system\\dataconnect": could not find dataconnect.yaml in `f:\campus-management-system\dataconnect`
 {"metadata":{"emulator":{"name":"dataconnect"},"message":"E0217 23:05:22.903548   15704 watch.go:40] Failed to load config from \"f:\\\\campus-management-system\\\\dataconnect\": could not find dataconnect.yaml in `f:\\campus-management-system\\dataconnect`\n"}}
[debug] [2026-02-17T15:05:32.903Z] E0217 23:05:32.903538   15704 watch.go:40] Failed to load config from "f:\\campus-management-system\\dataconnect": could not find dataconnect.yaml in `f:\campus-management-system\dataconnect`
 {"metadata":{"emulator":{"name":"dataconnect"},"message":"E0217 23:05:32.903538   15704 watch.go:40] Failed to load config from \"f:\\\\campus-management-system\\\\dataconnect\": could not find dataconnect.yaml in `f:\\campus-management-system\\dataconnect`\n"}}
[debug] [2026-02-17T15:05:42.903Z] E0217 23:05:42.903865   15704 watch.go:40] Failed to load config from "f:\\campus-management-system\\dataconnect": could not find dataconnect.yaml in `f:\campus-management-system\dataconnect`
 {"metadata":{"emulator":{"name":"dataconnect"},"message":"E0217 23:05:42.903865   15704 watch.go:40] Failed to load config from \"f:\\\\campus-management-system\\\\dataconnect\": could not find dataconnect.yaml in `f:\\campus-management-system\\dataconnect`\n"}}
[debug] [2026-02-17T15:05:52.903Z] E0217 23:05:52.903964   15704 watch.go:40] Failed to load config from "f:\\campus-management-system\\dataconnect": could not find dataconnect.yaml in `f:\campus-management-system\dataconnect`
 {"metadata":{"emulator":{"name":"dataconnect"},"message":"E0217 23:05:52.903964   15704 watch.go:40] Failed to load config from \"f:\\\\campus-management-system\\\\dataconnect\": could not find dataconnect.yaml in `f:\\campus-management-system\\dataconnect`\n"}}
[debug] [2026-02-17T15:06:02.903Z] E0217 23:06:02.903735   15704 watch.go:116] watchAllDir unable to walk dir `f:\campus-management-system\dataconnect`: CreateFile f:\campus-management-system\dataconnect: The system cannot find the file specified.
 {"metadata":{"emulator":{"name":"dataconnect"},"message":"E0217 23:06:02.903735   15704 watch.go:116] watchAllDir unable to walk dir `f:\\campus-management-system\\dataconnect`: CreateFile f:\\campus-management-system\\dataconnect: The system cannot find the file specified.\n"}}
[debug] [2026-02-17T15:06:02.903Z] E0217 23:06:02.903735   15704 watch.go:40] Failed to load config from "f:\\campus-management-system\\dataconnect": could not find dataconnect.yaml in `f:\campus-management-system\dataconnect`
 {"metadata":{"emulator":{"name":"dataconnect"},"message":"E0217 23:06:02.903735   15704 watch.go:40] Failed to load config from \"f:\\\\campus-management-system\\\\dataconnect\": could not find dataconnect.yaml in `f:\\campus-management-system\\dataconnect`\n"}}
[debug] [2026-02-17T15:06:12.903Z] E0217 23:06:12.903840   15704 watch.go:40] Failed to load config from "f:\\campus-management-system\\dataconnect": could not find dataconnect.yaml in `f:\campus-management-system\dataconnect`
 {"metadata":{"emulator":{"name":"dataconnect"},"message":"E0217 23:06:12.903840   15704 watch.go:40] Failed to load config from \"f:\\\\campus-management-system\\\\dataconnect\": could not find dataconnect.yaml in `f:\\campus-management-system\\dataconnect`\n"}}
[debug] [2026-02-17T15:06:22.903Z] E0217 23:06:22.903688   15704 watch.go:40] Failed to load config from "f:\\campus-management-system\\dataconnect": could not find dataconnect.yaml in `f:\campus-management-system\dataconnect`
 {"metadata":{"emulator":{"name":"dataconnect"},"message":"E0217 23:06:22.903688   15704 watch.go:40] Failed to load config from \"f:\\\\campus-management-system\\\\dataconnect\": could not find dataconnect.yaml in `f:\\campus-management-system\\dataconnect`\n"}}
[debug] [2026-02-17T15:06:32.903Z] E0217 23:06:32.903700   15704 watch.go:40] Failed to load config from "f:\\campus-management-system\\dataconnect": could not find dataconnect.yaml in `f:\campus-management-system\dataconnect`
 {"metadata":{"emulator":{"name":"dataconnect"},"message":"E0217 23:06:32.903700   15704 watch.go:40] Failed to load config from \"f:\\\\campus-management-system\\\\dataconnect\": could not find dataconnect.yaml in `f:\\campus-management-system\\dataconnect`\n"}}
[debug] [2026-02-17T15:06:42.903Z] E0217 23:06:42.903556   15704 watch.go:40] Failed to load config from "f:\\campus-management-system\\dataconnect": could not find dataconnect.yaml in `f:\campus-management-system\dataconnect`
 {"metadata":{"emulator":{"name":"dataconnect"},"message":"E0217 23:06:42.903556   15704 watch.go:40] Failed to load config from \"f:\\\\campus-management-system\\\\dataconnect\": could not find dataconnect.yaml in `f:\\campus-management-system\\dataconnect`\n"}}
[debug] [2026-02-17T15:06:52.903Z] E0217 23:06:52.903709   15704 watch.go:40] Failed to load config from "f:\\campus-management-system\\dataconnect": could not find dataconnect.yaml in `f:\campus-management-system\dataconnect`
 {"metadata":{"emulator":{"name":"dataconnect"},"message":"E0217 23:06:52.903709   15704 watch.go:40] Failed to load config from \"f:\\\\campus-management-system\\\\dataconnect\": could not find dataconnect.yaml in `f:\\campus-management-system\\dataconnect`\n"}}
[debug] [2026-02-17T15:07:02.903Z] E0217 23:07:02.903553   15704 watch.go:116] watchAllDir unable to walk dir `f:\campus-management-system\dataconnect`: CreateFile f:\campus-management-system\dataconnect: The system cannot find the file specified.
E0217 23:07:02.903553   15704 watch.go:40] Failed to load config from "f:\\campus-management-system\\dataconnect": could not find dataconnect.yaml in `f:\campus-management-system\dataconnect`
 {"metadata":{"emulator":{"name":"dataconnect"},"message":"E0217 23:07:02.903553   15704 watch.go:116] watchAllDir unable to walk dir `f:\\campus-management-system\\dataconnect`: CreateFile f:\\campus-management-system\\dataconnect: The system cannot find the file specified.\nE0217 23:07:02.903553   15704 watch.go:40] Failed to load config from \"f:\\\\campus-management-system\\\\dataconnect\": could not find dataconnect.yaml in `f:\\campus-management-system\\dataconnect`\n"}}
[debug] [2026-02-17T15:07:12.903Z] E0217 23:07:12.904063   15704 watch.go:40] Failed to load config from "f:\\campus-management-system\\dataconnect": could not find dataconnect.yaml in `f:\campus-management-system\dataconnect`
 {"metadata":{"emulator":{"name":"dataconnect"},"message":"E0217 23:07:12.904063   15704 watch.go:40] Failed to load config from \"f:\\\\campus-management-system\\\\dataconnect\": could not find dataconnect.yaml in `f:\\campus-management-system\\dataconnect`\n"}}
[debug] [2026-02-17T15:07:22.904Z] E0217 23:07:22.904033   15704 watch.go:40] Failed to load config from "f:\\campus-management-system\\dataconnect": could not find dataconnect.yaml in `f:\campus-management-system\dataconnect`
 {"metadata":{"emulator":{"name":"dataconnect"},"message":"E0217 23:07:22.904033   15704 watch.go:40] Failed to load config from \"f:\\\\campus-management-system\\\\dataconnect\": could not find dataconnect.yaml in `f:\\campus-management-system\\dataconnect`\n"}}
[debug] [2026-02-17T15:07:32.903Z] E0217 23:07:32.903834   15704 watch.go:40] Failed to load config from "f:\\campus-management-system\\dataconnect": could not find dataconnect.yaml in `f:\campus-management-system\dataconnect`
 {"metadata":{"emulator":{"name":"dataconnect"},"message":"E0217 23:07:32.903834   15704 watch.go:40] Failed to load config from \"f:\\\\campus-management-system\\\\dataconnect\": could not find dataconnect.yaml in `f:\\campus-management-system\\dataconnect`\n"}}
[debug] [2026-02-17T15:07:42.903Z] E0217 23:07:42.903617   15704 watch.go:40] Failed to load config from "f:\\campus-management-system\\dataconnect": could not find dataconnect.yaml in `f:\campus-management-system\dataconnect`
 {"metadata":{"emulator":{"name":"dataconnect"},"message":"E0217 23:07:42.903617   15704 watch.go:40] Failed to load config from \"f:\\\\campus-management-system\\\\dataconnect\": could not find dataconnect.yaml in `f:\\campus-management-system\\dataconnect`\n"}}
[debug] [2026-02-17T15:07:52.904Z] E0217 23:07:52.904053   15704 watch.go:40] Failed to load config from "f:\\campus-management-system\\dataconnect": could not find dataconnect.yaml in `f:\campus-management-system\dataconnect`
 {"metadata":{"emulator":{"name":"dataconnect"},"message":"E0217 23:07:52.904053   15704 watch.go:40] Failed to load config from \"f:\\\\campus-management-system\\\\dataconnect\": could not find dataconnect.yaml in `f:\\campus-management-system\\dataconnect`\n"}}
[debug] [2026-02-17T15:08:02.903Z] E0217 23:08:02.903910   15704 watch.go:116] watchAllDir unable to walk dir `f:\campus-management-system\dataconnect`: CreateFile f:\campus-management-system\dataconnect: The system cannot find the file specified.
E0217 23:08:02.903910   15704 watch.go:40] Failed to load config from "f:\\campus-management-system\\dataconnect": could not find dataconnect.yaml in `f:\campus-management-system\dataconnect`
 {"metadata":{"emulator":{"name":"dataconnect"},"message":"E0217 23:08:02.903910   15704 watch.go:116] watchAllDir unable to walk dir `f:\\campus-management-system\\dataconnect`: CreateFile f:\\campus-management-system\\dataconnect: The system cannot find the file specified.\nE0217 23:08:02.903910   15704 watch.go:40] Failed to load config from \"f:\\\\campus-management-system\\\\dataconnect\": could not find dataconnect.yaml in `f:\\campus-management-system\\dataconnect`\n"}}
[debug] [2026-02-17T15:08:12.903Z] E0217 23:08:12.903943   15704 watch.go:40] Failed to load config from "f:\\campus-management-system\\dataconnect": could not find dataconnect.yaml in `f:\campus-management-system\dataconnect`
 {"metadata":{"emulator":{"name":"dataconnect"},"message":"E0217 23:08:12.903943   15704 watch.go:40] Failed to load config from \"f:\\\\campus-management-system\\\\dataconnect\": could not find dataconnect.yaml in `f:\\campus-management-system\\dataconnect`\n"}}
[debug] [2026-02-17T15:08:22.903Z] E0217 23:08:22.903835   15704 watch.go:40] Failed to load config from "f:\\campus-management-system\\dataconnect": could not find dataconnect.yaml in `f:\campus-management-system\dataconnect`
 {"metadata":{"emulator":{"name":"dataconnect"},"message":"E0217 23:08:22.903835   15704 watch.go:40] Failed to load config from \"f:\\\\campus-management-system\\\\dataconnect\": could not find dataconnect.yaml in `f:\\campus-management-system\\dataconnect`\n"}}
[debug] [2026-02-17T15:08:32.903Z] E0217 23:08:32.904004   15704 watch.go:40] Failed to load config from "f:\\campus-management-system\\dataconnect": could not find dataconnect.yaml in `f:\campus-management-system\dataconnect`
 {"metadata":{"emulator":{"name":"dataconnect"},"message":"E0217 23:08:32.904004   15704 watch.go:40] Failed to load config from \"f:\\\\campus-management-system\\\\dataconnect\": could not find dataconnect.yaml in `f:\\campus-management-system\\dataconnect`\n"}}
[debug] [2026-02-17T15:08:42.903Z] E0217 23:08:42.903533   15704 watch.go:40] Failed to load config from "f:\\campus-management-system\\dataconnect": could not find dataconnect.yaml in `f:\campus-management-system\dataconnect`
 {"metadata":{"emulator":{"name":"dataconnect"},"message":"E0217 23:08:42.903533   15704 watch.go:40] Failed to load config from \"f:\\\\campus-management-system\\\\dataconnect\": could not find dataconnect.yaml in `f:\\campus-management-system\\dataconnect`\n"}}
[debug] [2026-02-17T15:08:52.903Z] E0217 23:08:52.903773   15704 watch.go:40] Failed to load config from "f:\\campus-management-system\\dataconnect": could not find dataconnect.yaml in `f:\campus-management-system\dataconnect`
 {"metadata":{"emulator":{"name":"dataconnect"},"message":"E0217 23:08:52.903773   15704 watch.go:40] Failed to load config from \"f:\\\\campus-management-system\\\\dataconnect\": could not find dataconnect.yaml in `f:\\campus-management-system\\dataconnect`\n"}}
[debug] [2026-02-17T15:09:02.904Z] E0217 23:09:02.903898   15704 watch.go:116] watchAllDir unable to walk dir `f:\campus-management-system\dataconnect`: CreateFile f:\campus-management-system\dataconnect: The system cannot find the file specified.
E0217 23:09:02.903898   15704 watch.go:40] Failed to load config from "f:\\campus-management-system\\dataconnect": could not find dataconnect.yaml in `f:\campus-management-system\dataconnect`
 {"metadata":{"emulator":{"name":"dataconnect"},"message":"E0217 23:09:02.903898   15704 watch.go:116] watchAllDir unable to walk dir `f:\\campus-management-system\\dataconnect`: CreateFile f:\\campus-management-system\\dataconnect: The system cannot find the file specified.\nE0217 23:09:02.903898   15704 watch.go:40] Failed to load config from \"f:\\\\campus-management-system\\\\dataconnect\": could not find dataconnect.yaml in `f:\\campus-management-system\\dataconnect`\n"}}
[debug] [2026-02-17T15:09:12.904Z] E0217 23:09:12.904139   15704 watch.go:40] Failed to load config from "f:\\campus-management-system\\dataconnect": could not find dataconnect.yaml in `f:\campus-management-system\dataconnect`
 {"metadata":{"emulator":{"name":"dataconnect"},"message":"E0217 23:09:12.904139   15704 watch.go:40] Failed to load config from \"f:\\\\campus-management-system\\\\dataconnect\": could not find dataconnect.yaml in `f:\\campus-management-system\\dataconnect`\n"}}
[debug] [2026-02-17T15:09:22.903Z] E0217 23:09:22.903648   15704 watch.go:40] Failed to load config from "f:\\campus-management-system\\dataconnect": could not find dataconnect.yaml in `f:\campus-management-system\dataconnect`
 {"metadata":{"emulator":{"name":"dataconnect"},"message":"E0217 23:09:22.903648   15704 watch.go:40] Failed to load config from \"f:\\\\campus-management-system\\\\dataconnect\": could not find dataconnect.yaml in `f:\\campus-management-system\\dataconnect`\n"}}
[debug] [2026-02-17T15:09:32.903Z] E0217 23:09:32.903566   15704 watch.go:40] Failed to load config from "f:\\campus-management-system\\dataconnect": could not find dataconnect.yaml in `f:\campus-management-system\dataconnect`
 {"metadata":{"emulator":{"name":"dataconnect"},"message":"E0217 23:09:32.903566   15704 watch.go:40] Failed to load config from \"f:\\\\campus-management-system\\\\dataconnect\": could not find dataconnect.yaml in `f:\\campus-management-system\\dataconnect`\n"}}
[debug] [2026-02-17T15:09:42.903Z] E0217 23:09:42.903565   15704 watch.go:40] Failed to load config from "f:\\campus-management-system\\dataconnect": could not find dataconnect.yaml in `f:\campus-management-system\dataconnect`
 {"metadata":{"emulator":{"name":"dataconnect"},"message":"E0217 23:09:42.903565   15704 watch.go:40] Failed to load config from \"f:\\\\campus-management-system\\\\dataconnect\": could not find dataconnect.yaml in `f:\\campus-management-system\\dataconnect`\n"}}
[debug] [2026-02-17T15:09:52.903Z] E0217 23:09:52.903970   15704 watch.go:40] Failed to load config from "f:\\campus-management-system\\dataconnect": could not find dataconnect.yaml in `f:\campus-management-system\dataconnect`
 {"metadata":{"emulator":{"name":"dataconnect"},"message":"E0217 23:09:52.903970   15704 watch.go:40] Failed to load config from \"f:\\\\campus-management-system\\\\dataconnect\": could not find dataconnect.yaml in `f:\\campus-management-system\\dataconnect`\n"}}
[debug] [2026-02-17T15:10:02.903Z] E0217 23:10:02.903825   15704 watch.go:116] watchAllDir unable to walk dir `f:\campus-management-system\dataconnect`: CreateFile f:\campus-management-system\dataconnect: The system cannot find the file specified.
E0217 23:10:02.903825   15704 watch.go:40] Failed to load config from "f:\\campus-management-system\\dataconnect": could not find dataconnect.yaml in `f:\campus-management-system\dataconnect`
 {"metadata":{"emulator":{"name":"dataconnect"},"message":"E0217 23:10:02.903825   15704 watch.go:116] watchAllDir unable to walk dir `f:\\campus-management-system\\dataconnect`: CreateFile f:\\campus-management-system\\dataconnect: The system cannot find the file specified.\nE0217 23:10:02.903825   15704 watch.go:40] Failed to load config from \"f:\\\\campus-management-system\\\\dataconnect\": could not find dataconnect.yaml in `f:\\campus-management-system\\dataconnect`\n"}}
[debug] [2026-02-17T15:10:12.904Z] E0217 23:10:12.904196   15704 watch.go:40] Failed to load config from "f:\\campus-management-system\\dataconnect": could not find dataconnect.yaml in `f:\campus-management-system\dataconnect`
 {"metadata":{"emulator":{"name":"dataconnect"},"message":"E0217 23:10:12.904196   15704 watch.go:40] Failed to load config from \"f:\\\\campus-management-system\\\\dataconnect\": could not find dataconnect.yaml in `f:\\campus-management-system\\dataconnect`\n"}}
[debug] [2026-02-17T15:10:22.904Z] E0217 23:10:22.903919   15704 watch.go:40] Failed to load config from "f:\\campus-management-system\\dataconnect": could not find dataconnect.yaml in `f:\campus-management-system\dataconnect`
 {"metadata":{"emulator":{"name":"dataconnect"},"message":"E0217 23:10:22.903919   15704 watch.go:40] Failed to load config from \"f:\\\\campus-management-system\\\\dataconnect\": could not find dataconnect.yaml in `f:\\campus-management-system\\dataconnect`\n"}}
[debug] [2026-02-17T15:10:32.904Z] E0217 23:10:32.903971   15704 watch.go:40] Failed to load config from "f:\\campus-management-system\\dataconnect": could not find dataconnect.yaml in `f:\campus-management-system\dataconnect`
 {"metadata":{"emulator":{"name":"dataconnect"},"message":"E0217 23:10:32.903971   15704 watch.go:40] Failed to load config from \"f:\\\\campus-management-system\\\\dataconnect\": could not find dataconnect.yaml in `f:\\campus-management-system\\dataconnect`\n"}}
[debug] [2026-02-17T15:10:42.903Z] E0217 23:10:42.903635   15704 watch.go:40] Failed to load config from "f:\\campus-management-system\\dataconnect": could not find dataconnect.yaml in `f:\campus-management-system\dataconnect`
 {"metadata":{"emulator":{"name":"dataconnect"},"message":"E0217 23:10:42.903635   15704 watch.go:40] Failed to load config from \"f:\\\\campus-management-system\\\\dataconnect\": could not find dataconnect.yaml in `f:\\campus-management-system\\dataconnect`\n"}}
[debug] [2026-02-17T15:10:52.903Z] E0217 23:10:52.903854   15704 watch.go:40] Failed to load config from "f:\\campus-management-system\\dataconnect": could not find dataconnect.yaml in `f:\campus-management-system\dataconnect`
 {"metadata":{"emulator":{"name":"dataconnect"},"message":"E0217 23:10:52.903854   15704 watch.go:40] Failed to load config from \"f:\\\\campus-management-system\\\\dataconnect\": could not find dataconnect.yaml in `f:\\campus-management-system\\dataconnect`\n"}}
[debug] [2026-02-17T15:11:02.903Z] E0217 23:11:02.904006   15704 watch.go:116] watchAllDir unable to walk dir `f:\campus-management-system\dataconnect`: CreateFile f:\campus-management-system\dataconnect: The system cannot find the file specified.
E0217 23:11:02.904006   15704 watch.go:40] Failed to load config from "f:\\campus-management-system\\dataconnect": could not find dataconnect.yaml in `f:\campus-management-system\dataconnect`
 {"metadata":{"emulator":{"name":"dataconnect"},"message":"E0217 23:11:02.904006   15704 watch.go:116] watchAllDir unable to walk dir `f:\\campus-management-system\\dataconnect`: CreateFile f:\\campus-management-system\\dataconnect: The system cannot find the file specified.\nE0217 23:11:02.904006   15704 watch.go:40] Failed to load config from \"f:\\\\campus-management-system\\\\dataconnect\": could not find dataconnect.yaml in `f:\\campus-management-system\\dataconnect`\n"}}
[debug] [2026-02-17T15:11:12.904Z] E0217 23:11:12.904030   15704 watch.go:40] Failed to load config from "f:\\campus-management-system\\dataconnect": could not find dataconnect.yaml in `f:\campus-management-system\dataconnect`
 {"metadata":{"emulator":{"name":"dataconnect"},"message":"E0217 23:11:12.904030   15704 watch.go:40] Failed to load config from \"f:\\\\campus-management-system\\\\dataconnect\": could not find dataconnect.yaml in `f:\\campus-management-system\\dataconnect`\n"}}
[debug] [2026-02-17T15:11:22.903Z] E0217 23:11:22.903752   15704 watch.go:40] Failed to load config from "f:\\campus-management-system\\dataconnect": could not find dataconnect.yaml in `f:\campus-management-system\dataconnect`
 {"metadata":{"emulator":{"name":"dataconnect"},"message":"E0217 23:11:22.903752   15704 watch.go:40] Failed to load config from \"f:\\\\campus-management-system\\\\dataconnect\": could not find dataconnect.yaml in `f:\\campus-management-system\\dataconnect`\n"}}
[debug] [2026-02-17T15:11:32.903Z] E0217 23:11:32.903583   15704 watch.go:40] Failed to load config from "f:\\campus-management-system\\dataconnect": could not find dataconnect.yaml in `f:\campus-management-system\dataconnect`
 {"metadata":{"emulator":{"name":"dataconnect"},"message":"E0217 23:11:32.903583   15704 watch.go:40] Failed to load config from \"f:\\\\campus-management-system\\\\dataconnect\": could not find dataconnect.yaml in `f:\\campus-management-system\\dataconnect`\n"}}
[debug] [2026-02-17T15:11:42.903Z] E0217 23:11:42.903725   15704 watch.go:40] Failed to load config from "f:\\campus-management-system\\dataconnect": could not find dataconnect.yaml in `f:\campus-management-system\dataconnect`
 {"metadata":{"emulator":{"name":"dataconnect"},"message":"E0217 23:11:42.903725   15704 watch.go:40] Failed to load config from \"f:\\\\campus-management-system\\\\dataconnect\": could not find dataconnect.yaml in `f:\\campus-management-system\\dataconnect`\n"}}
[debug] [2026-02-17T15:11:52.903Z] E0217 23:11:52.903727   15704 watch.go:40] Failed to load config from "f:\\campus-management-system\\dataconnect": could not find dataconnect.yaml in `f:\campus-management-system\dataconnect`
 {"metadata":{"emulator":{"name":"dataconnect"},"message":"E0217 23:11:52.903727   15704 watch.go:40] Failed to load config from \"f:\\\\campus-management-system\\\\dataconnect\": could not find dataconnect.yaml in `f:\\campus-management-system\\dataconnect`\n"}}
[debug] [2026-02-17T15:12:02.903Z] E0217 23:12:02.903558   15704 watch.go:116] watchAllDir unable to walk dir `f:\campus-management-system\dataconnect`: CreateFile f:\campus-management-system\dataconnect: The system cannot find the file specified.
E0217 23:12:02.903558   15704 watch.go:40] Failed to load config from "f:\\campus-management-system\\dataconnect": could not find dataconnect.yaml in `f:\campus-management-system\dataconnect`
 {"metadata":{"emulator":{"name":"dataconnect"},"message":"E0217 23:12:02.903558   15704 watch.go:116] watchAllDir unable to walk dir `f:\\campus-management-system\\dataconnect`: CreateFile f:\\campus-management-system\\dataconnect: The system cannot find the file specified.\nE0217 23:12:02.903558   15704 watch.go:40] Failed to load config from \"f:\\\\campus-management-system\\\\dataconnect\": could not find dataconnect.yaml in `f:\\campus-management-system\\dataconnect`\n"}}
[debug] [2026-02-17T15:12:12.903Z] E0217 23:12:12.904030   15704 watch.go:40] Failed to load config from "f:\\campus-management-system\\dataconnect": could not find dataconnect.yaml in `f:\campus-management-system\dataconnect`
 {"metadata":{"emulator":{"name":"dataconnect"},"message":"E0217 23:12:12.904030   15704 watch.go:40] Failed to load config from \"f:\\\\campus-management-system\\\\dataconnect\": could not find dataconnect.yaml in `f:\\campus-management-system\\dataconnect`\n"}}
[debug] [2026-02-17T15:12:22.903Z] E0217 23:12:22.903545   15704 watch.go:40] Failed to load config from "f:\\campus-management-system\\dataconnect": could not find dataconnect.yaml in `f:\campus-management-system\dataconnect`
 {"metadata":{"emulator":{"name":"dataconnect"},"message":"E0217 23:12:22.903545   15704 watch.go:40] Failed to load config from \"f:\\\\campus-management-system\\\\dataconnect\": could not find dataconnect.yaml in `f:\\campus-management-system\\dataconnect`\n"}}
[debug] [2026-02-17T15:12:32.903Z] E0217 23:12:32.903556   15704 watch.go:40] Failed to load config from "f:\\campus-management-system\\dataconnect": could not find dataconnect.yaml in `f:\campus-management-system\dataconnect`
 {"metadata":{"emulator":{"name":"dataconnect"},"message":"E0217 23:12:32.903556   15704 watch.go:40] Failed to load config from \"f:\\\\campus-management-system\\\\dataconnect\": could not find dataconnect.yaml in `f:\\campus-management-system\\dataconnect`\n"}}
[debug] [2026-02-17T15:12:42.903Z] E0217 23:12:42.903559   15704 watch.go:40] Failed to load config from "f:\\campus-management-system\\dataconnect": could not find dataconnect.yaml in `f:\campus-management-system\dataconnect`
 {"metadata":{"emulator":{"name":"dataconnect"},"message":"E0217 23:12:42.903559   15704 watch.go:40] Failed to load config from \"f:\\\\campus-management-system\\\\dataconnect\": could not find dataconnect.yaml in `f:\\campus-management-system\\dataconnect`\n"}}
[debug] [2026-02-17T15:12:52.903Z] E0217 23:12:52.903574   15704 watch.go:40] Failed to load config from "f:\\campus-management-system\\dataconnect": could not find dataconnect.yaml in `f:\campus-management-system\dataconnect`
 {"metadata":{"emulator":{"name":"dataconnect"},"message":"E0217 23:12:52.903574   15704 watch.go:40] Failed to load config from \"f:\\\\campus-management-system\\\\dataconnect\": could not find dataconnect.yaml in `f:\\campus-management-system\\dataconnect`\n"}}
[debug] [2026-02-17T15:13:02.903Z] E0217 23:13:02.903625   15704 watch.go:116] watchAllDir unable to walk dir `f:\campus-management-system\dataconnect`: CreateFile f:\campus-management-system\dataconnect: The system cannot find the file specified.
E0217 23:13:02.903625   15704 watch.go:40] Failed to load config from "f:\\campus-management-system\\dataconnect": could not find dataconnect.yaml in `f:\campus-management-system\dataconnect`
 {"metadata":{"emulator":{"name":"dataconnect"},"message":"E0217 23:13:02.903625   15704 watch.go:116] watchAllDir unable to walk dir `f:\\campus-management-system\\dataconnect`: CreateFile f:\\campus-management-system\\dataconnect: The system cannot find the file specified.\nE0217 23:13:02.903625   15704 watch.go:40] Failed to load config from \"f:\\\\campus-management-system\\\\dataconnect\": could not find dataconnect.yaml in `f:\\campus-management-system\\dataconnect`\n"}}
[debug] [2026-02-17T15:13:12.904Z] E0217 23:13:12.904048   15704 watch.go:40] Failed to load config from "f:\\campus-management-system\\dataconnect": could not find dataconnect.yaml in `f:\campus-management-system\dataconnect`
 {"metadata":{"emulator":{"name":"dataconnect"},"message":"E0217 23:13:12.904048   15704 watch.go:40] Failed to load config from \"f:\\\\campus-management-system\\\\dataconnect\": could not find dataconnect.yaml in `f:\\campus-management-system\\dataconnect`\n"}}
[debug] [2026-02-17T15:13:22.903Z] E0217 23:13:22.903543   15704 watch.go:40] Failed to load config from "f:\\campus-management-system\\dataconnect": could not find dataconnect.yaml in `f:\campus-management-system\dataconnect`
 {"metadata":{"emulator":{"name":"dataconnect"},"message":"E0217 23:13:22.903543   15704 watch.go:40] Failed to load config from \"f:\\\\campus-management-system\\\\dataconnect\": could not find dataconnect.yaml in `f:\\campus-management-system\\dataconnect`\n"}}
[debug] [2026-02-17T15:13:32.903Z] E0217 23:13:32.903567   15704 watch.go:40] Failed to load config from "f:\\campus-management-system\\dataconnect": could not find dataconnect.yaml in `f:\campus-management-system\dataconnect`
 {"metadata":{"emulator":{"name":"dataconnect"},"message":"E0217 23:13:32.903567   15704 watch.go:40] Failed to load config from \"f:\\\\campus-management-system\\\\dataconnect\": could not find dataconnect.yaml in `f:\\campus-management-system\\dataconnect`\n"}}
[debug] [2026-02-17T15:13:42.903Z] E0217 23:13:42.903932   15704 watch.go:40] Failed to load config from "f:\\campus-management-system\\dataconnect": could not find dataconnect.yaml in `f:\campus-management-system\dataconnect`
 {"metadata":{"emulator":{"name":"dataconnect"},"message":"E0217 23:13:42.903932   15704 watch.go:40] Failed to load config from \"f:\\\\campus-management-system\\\\dataconnect\": could not find dataconnect.yaml in `f:\\campus-management-system\\dataconnect`\n"}}
[debug] [2026-02-17T15:13:52.904Z] E0217 23:13:52.904018   15704 watch.go:40] Failed to load config from "f:\\campus-management-system\\dataconnect": could not find dataconnect.yaml in `f:\campus-management-system\dataconnect`
 {"metadata":{"emulator":{"name":"dataconnect"},"message":"E0217 23:13:52.904018   15704 watch.go:40] Failed to load config from \"f:\\\\campus-management-system\\\\dataconnect\": could not find dataconnect.yaml in `f:\\campus-management-system\\dataconnect`\n"}}
[debug] [2026-02-17T15:14:02.903Z] E0217 23:14:02.903650   15704 watch.go:116] watchAllDir unable to walk dir `f:\campus-management-system\dataconnect`: CreateFile f:\campus-management-system\dataconnect: The system cannot find the file specified.
E0217 23:14:02.903650   15704 watch.go:40] Failed to load config from "f:\\campus-management-system\\dataconnect": could not find dataconnect.yaml in `f:\campus-management-system\dataconnect`
 {"metadata":{"emulator":{"name":"dataconnect"},"message":"E0217 23:14:02.903650   15704 watch.go:116] watchAllDir unable to walk dir `f:\\campus-management-system\\dataconnect`: CreateFile f:\\campus-management-system\\dataconnect: The system cannot find the file specified.\nE0217 23:14:02.903650   15704 watch.go:40] Failed to load config from \"f:\\\\campus-management-system\\\\dataconnect\": could not find dataconnect.yaml in `f:\\campus-management-system\\dataconnect`\n"}}
[debug] [2026-02-17T15:14:12.904Z] E0217 23:14:12.903962   15704 watch.go:40] Failed to load config from "f:\\campus-management-system\\dataconnect": could not find dataconnect.yaml in `f:\campus-management-system\dataconnect`
 {"metadata":{"emulator":{"name":"dataconnect"},"message":"E0217 23:14:12.903962   15704 watch.go:40] Failed to load config from \"f:\\\\campus-management-system\\\\dataconnect\": could not find dataconnect.yaml in `f:\\campus-management-system\\dataconnect`\n"}}
[debug] [2026-02-17T15:14:22.903Z] E0217 23:14:22.904049   15704 watch.go:40] Failed to load config from "f:\\campus-management-system\\dataconnect": could not find dataconnect.yaml in `f:\campus-management-system\dataconnect`
 {"metadata":{"emulator":{"name":"dataconnect"},"message":"E0217 23:14:22.904049   15704 watch.go:40] Failed to load config from \"f:\\\\campus-management-system\\\\dataconnect\": could not find dataconnect.yaml in `f:\\campus-management-system\\dataconnect`\n"}}
[debug] [2026-02-17T15:14:32.904Z] E0217 23:14:32.904022   15704 watch.go:40] Failed to load config from "f:\\campus-management-system\\dataconnect": could not find dataconnect.yaml in `f:\campus-management-system\dataconnect`
 {"metadata":{"emulator":{"name":"dataconnect"},"message":"E0217 23:14:32.904022   15704 watch.go:40] Failed to load config from \"f:\\\\campus-management-system\\\\dataconnect\": could not find dataconnect.yaml in `f:\\campus-management-system\\dataconnect`\n"}}
[debug] [2026-02-17T15:14:42.903Z] E0217 23:14:42.903964   15704 watch.go:40] Failed to load config from "f:\\campus-management-system\\dataconnect": could not find dataconnect.yaml in `f:\campus-management-system\dataconnect`
 {"metadata":{"emulator":{"name":"dataconnect"},"message":"E0217 23:14:42.903964   15704 watch.go:40] Failed to load config from \"f:\\\\campus-management-system\\\\dataconnect\": could not find dataconnect.yaml in `f:\\campus-management-system\\dataconnect`\n"}}
[debug] [2026-02-17T15:14:52.903Z] E0217 23:14:52.903564   15704 watch.go:40] Failed to load config from "f:\\campus-management-system\\dataconnect": could not find dataconnect.yaml in `f:\campus-management-system\dataconnect`
 {"metadata":{"emulator":{"name":"dataconnect"},"message":"E0217 23:14:52.903564   15704 watch.go:40] Failed to load config from \"f:\\\\campus-management-system\\\\dataconnect\": could not find dataconnect.yaml in `f:\\campus-management-system\\dataconnect`\n"}}
[debug] [2026-02-17T15:15:02.903Z] E0217 23:15:02.903929   15704 watch.go:116] watchAllDir unable to walk dir `f:\campus-management-system\dataconnect`: CreateFile f:\campus-management-system\dataconnect: The system cannot find the file specified.
E0217 23:15:02.903929   15704 watch.go:40] Failed to load config from "f:\\campus-management-system\\dataconnect": could not find dataconnect.yaml in `f:\campus-management-system\dataconnect`
 {"metadata":{"emulator":{"name":"dataconnect"},"message":"E0217 23:15:02.903929   15704 watch.go:116] watchAllDir unable to walk dir `f:\\campus-management-system\\dataconnect`: CreateFile f:\\campus-management-system\\dataconnect: The system cannot find the file specified.\nE0217 23:15:02.903929   15704 watch.go:40] Failed to load config from \"f:\\\\campus-management-system\\\\dataconnect\": could not find dataconnect.yaml in `f:\\campus-management-system\\dataconnect`\n"}}
[debug] [2026-02-17T15:15:12.903Z] E0217 23:15:12.903870   15704 watch.go:40] Failed to load config from "f:\\campus-management-system\\dataconnect": could not find dataconnect.yaml in `f:\campus-management-system\dataconnect`
 {"metadata":{"emulator":{"name":"dataconnect"},"message":"E0217 23:15:12.903870   15704 watch.go:40] Failed to load config from \"f:\\\\campus-management-system\\\\dataconnect\": could not find dataconnect.yaml in `f:\\campus-management-system\\dataconnect`\n"}}
[debug] [2026-02-17T15:15:22.903Z] E0217 23:15:22.903787   15704 watch.go:40] Failed to load config from "f:\\campus-management-system\\dataconnect": could not find dataconnect.yaml in `f:\campus-management-system\dataconnect`
 {"metadata":{"emulator":{"name":"dataconnect"},"message":"E0217 23:15:22.903787   15704 watch.go:40] Failed to load config from \"f:\\\\campus-management-system\\\\dataconnect\": could not find dataconnect.yaml in `f:\\campus-management-system\\dataconnect`\n"}}
[debug] [2026-02-17T15:15:32.903Z] E0217 23:15:32.903650   15704 watch.go:40] Failed to load config from "f:\\campus-management-system\\dataconnect": could not find dataconnect.yaml in `f:\campus-management-system\dataconnect`
 {"metadata":{"emulator":{"name":"dataconnect"},"message":"E0217 23:15:32.903650   15704 watch.go:40] Failed to load config from \"f:\\\\campus-management-system\\\\dataconnect\": could not find dataconnect.yaml in `f:\\campus-management-system\\dataconnect`\n"}}
[debug] [2026-02-17T15:15:42.903Z] E0217 23:15:42.903752   15704 watch.go:40] Failed to load config from "f:\\campus-management-system\\dataconnect": could not find dataconnect.yaml in `f:\campus-management-system\dataconnect`
 {"metadata":{"emulator":{"name":"dataconnect"},"message":"E0217 23:15:42.903752   15704 watch.go:40] Failed to load config from \"f:\\\\campus-management-system\\\\dataconnect\": could not find dataconnect.yaml in `f:\\campus-management-system\\dataconnect`\n"}}
[debug] [2026-02-17T15:15:52.903Z] E0217 23:15:52.903536   15704 watch.go:40] Failed to load config from "f:\\campus-management-system\\dataconnect": could not find dataconnect.yaml in `f:\campus-management-system\dataconnect`
 {"metadata":{"emulator":{"name":"dataconnect"},"message":"E0217 23:15:52.903536   15704 watch.go:40] Failed to load config from \"f:\\\\campus-management-system\\\\dataconnect\": could not find dataconnect.yaml in `f:\\campus-management-system\\dataconnect`\n"}}
[debug] [2026-02-17T15:16:02.903Z] E0217 23:16:02.903802   15704 watch.go:116] watchAllDir unable to walk dir `f:\campus-management-system\dataconnect`: CreateFile f:\campus-management-system\dataconnect: The system cannot find the file specified.
E0217 23:16:02.903802   15704 watch.go:40] Failed to load config from "f:\\campus-management-system\\dataconnect": could not find dataconnect.yaml in `f:\campus-management-system\dataconnect`
 {"metadata":{"emulator":{"name":"dataconnect"},"message":"E0217 23:16:02.903802   15704 watch.go:116] watchAllDir unable to walk dir `f:\\campus-management-system\\dataconnect`: CreateFile f:\\campus-management-system\\dataconnect: The system cannot find the file specified.\nE0217 23:16:02.903802   15704 watch.go:40] Failed to load config from \"f:\\\\campus-management-system\\\\dataconnect\": could not find dataconnect.yaml in `f:\\campus-management-system\\dataconnect`\n"}}
[debug] [2026-02-17T15:16:12.903Z] E0217 23:16:12.903593   15704 watch.go:40] Failed to load config from "f:\\campus-management-system\\dataconnect": could not find dataconnect.yaml in `f:\campus-management-system\dataconnect`
 {"metadata":{"emulator":{"name":"dataconnect"},"message":"E0217 23:16:12.903593   15704 watch.go:40] Failed to load config from \"f:\\\\campus-management-system\\\\dataconnect\": could not find dataconnect.yaml in `f:\\campus-management-system\\dataconnect`\n"}}
[debug] [2026-02-17T15:16:22.904Z] E0217 23:16:22.904010   15704 watch.go:40] Failed to load config from "f:\\campus-management-system\\dataconnect": could not find dataconnect.yaml in `f:\campus-management-system\dataconnect`
 {"metadata":{"emulator":{"name":"dataconnect"},"message":"E0217 23:16:22.904010   15704 watch.go:40] Failed to load config from \"f:\\\\campus-management-system\\\\dataconnect\": could not find dataconnect.yaml in `f:\\campus-management-system\\dataconnect`\n"}}
[debug] [2026-02-17T15:16:32.904Z] E0217 23:16:32.903977   15704 watch.go:40] Failed to load config from "f:\\campus-management-system\\dataconnect": could not find dataconnect.yaml in `f:\campus-management-system\dataconnect`
 {"metadata":{"emulator":{"name":"dataconnect"},"message":"E0217 23:16:32.903977   15704 watch.go:40] Failed to load config from \"f:\\\\campus-management-system\\\\dataconnect\": could not find dataconnect.yaml in `f:\\campus-management-system\\dataconnect`\n"}}
[debug] [2026-02-17T15:16:42.903Z] E0217 23:16:42.903559   15704 watch.go:40] Failed to load config from "f:\\campus-management-system\\dataconnect": could not find dataconnect.yaml in `f:\campus-management-system\dataconnect`
 {"metadata":{"emulator":{"name":"dataconnect"},"message":"E0217 23:16:42.903559   15704 watch.go:40] Failed to load config from \"f:\\\\campus-management-system\\\\dataconnect\": could not find dataconnect.yaml in `f:\\campus-management-system\\dataconnect`\n"}}
[debug] [2026-02-17T15:16:52.904Z] E0217 23:16:52.904045   15704 watch.go:40] Failed to load config from "f:\\campus-management-system\\dataconnect": could not find dataconnect.yaml in `f:\campus-management-system\dataconnect`
 {"metadata":{"emulator":{"name":"dataconnect"},"message":"E0217 23:16:52.904045   15704 watch.go:40] Failed to load config from \"f:\\\\campus-management-system\\\\dataconnect\": could not find dataconnect.yaml in `f:\\campus-management-system\\dataconnect`\n"}}
[debug] [2026-02-17T15:17:02.903Z] E0217 23:17:02.903710   15704 watch.go:116] watchAllDir unable to walk dir `f:\campus-management-system\dataconnect`: CreateFile f:\campus-management-system\dataconnect: The system cannot find the file specified.
E0217 23:17:02.903710   15704 watch.go:40] Failed to load config from "f:\\campus-management-system\\dataconnect": could not find dataconnect.yaml in `f:\campus-management-system\dataconnect`
 {"metadata":{"emulator":{"name":"dataconnect"},"message":"E0217 23:17:02.903710   15704 watch.go:116] watchAllDir unable to walk dir `f:\\campus-management-system\\dataconnect`: CreateFile f:\\campus-management-system\\dataconnect: The system cannot find the file specified.\nE0217 23:17:02.903710   15704 watch.go:40] Failed to load config from \"f:\\\\campus-management-system\\\\dataconnect\": could not find dataconnect.yaml in `f:\\campus-management-system\\dataconnect`\n"}}
[debug] [2026-02-17T15:17:12.903Z] E0217 23:17:12.903909   15704 watch.go:40] Failed to load config from "f:\\campus-management-system\\dataconnect": could not find dataconnect.yaml in `f:\campus-management-system\dataconnect`
 {"metadata":{"emulator":{"name":"dataconnect"},"message":"E0217 23:17:12.903909   15704 watch.go:40] Failed to load config from \"f:\\\\campus-management-system\\\\dataconnect\": could not find dataconnect.yaml in `f:\\campus-management-system\\dataconnect`\n"}}
[debug] [2026-02-17T15:17:22.903Z] E0217 23:17:22.903798   15704 watch.go:40] Failed to load config from "f:\\campus-management-system\\dataconnect": could not find dataconnect.yaml in `f:\campus-management-system\dataconnect`
 {"metadata":{"emulator":{"name":"dataconnect"},"message":"E0217 23:17:22.903798   15704 watch.go:40] Failed to load config from \"f:\\\\campus-management-system\\\\dataconnect\": could not find dataconnect.yaml in `f:\\campus-management-system\\dataconnect`\n"}}
[debug] [2026-02-17T15:17:32.903Z] E0217 23:17:32.903899   15704 watch.go:40] Failed to load config from "f:\\campus-management-system\\dataconnect": could not find dataconnect.yaml in `f:\campus-management-system\dataconnect`
 {"metadata":{"emulator":{"name":"dataconnect"},"message":"E0217 23:17:32.903899   15704 watch.go:40] Failed to load config from \"f:\\\\campus-management-system\\\\dataconnect\": could not find dataconnect.yaml in `f:\\campus-management-system\\dataconnect`\n"}}
[debug] [2026-02-17T15:17:42.903Z] E0217 23:17:42.903827   15704 watch.go:40] Failed to load config from "f:\\campus-management-system\\dataconnect": could not find dataconnect.yaml in `f:\campus-management-system\dataconnect`
 {"metadata":{"emulator":{"name":"dataconnect"},"message":"E0217 23:17:42.903827   15704 watch.go:40] Failed to load config from \"f:\\\\campus-management-system\\\\dataconnect\": could not find dataconnect.yaml in `f:\\campus-management-system\\dataconnect`\n"}}
[debug] [2026-02-17T15:17:52.903Z] E0217 23:17:52.903550   15704 watch.go:40] Failed to load config from "f:\\campus-management-system\\dataconnect": could not find dataconnect.yaml in `f:\campus-management-system\dataconnect`
 {"metadata":{"emulator":{"name":"dataconnect"},"message":"E0217 23:17:52.903550   15704 watch.go:40] Failed to load config from \"f:\\\\campus-management-system\\\\dataconnect\": could not find dataconnect.yaml in `f:\\campus-management-system\\dataconnect`\n"}}
[debug] [2026-02-17T15:18:02.903Z] E0217 23:18:02.903805   15704 watch.go:116] watchAllDir unable to walk dir `f:\campus-management-system\dataconnect`: CreateFile f:\campus-management-system\dataconnect: The system cannot find the file specified.
E0217 23:18:02.903805   15704 watch.go:40] Failed to load config from "f:\\campus-management-system\\dataconnect": could not find dataconnect.yaml in `f:\campus-management-system\dataconnect`
 {"metadata":{"emulator":{"name":"dataconnect"},"message":"E0217 23:18:02.903805   15704 watch.go:116] watchAllDir unable to walk dir `f:\\campus-management-system\\dataconnect`: CreateFile f:\\campus-management-system\\dataconnect: The system cannot find the file specified.\nE0217 23:18:02.903805   15704 watch.go:40] Failed to load config from \"f:\\\\campus-management-system\\\\dataconnect\": could not find dataconnect.yaml in `f:\\campus-management-system\\dataconnect`\n"}}
[debug] [2026-02-17T15:18:12.903Z] E0217 23:18:12.903685   15704 watch.go:40] Failed to load config from "f:\\campus-management-system\\dataconnect": could not find dataconnect.yaml in `f:\campus-management-system\dataconnect`
 {"metadata":{"emulator":{"name":"dataconnect"},"message":"E0217 23:18:12.903685   15704 watch.go:40] Failed to load config from \"f:\\\\campus-management-system\\\\dataconnect\": could not find dataconnect.yaml in `f:\\campus-management-system\\dataconnect`\n"}}
[debug] [2026-02-17T15:18:22.903Z] E0217 23:18:22.903809   15704 watch.go:40] Failed to load config from "f:\\campus-management-system\\dataconnect": could not find dataconnect.yaml in `f:\campus-management-system\dataconnect`
 {"metadata":{"emulator":{"name":"dataconnect"},"message":"E0217 23:18:22.903809   15704 watch.go:40] Failed to load config from \"f:\\\\campus-management-system\\\\dataconnect\": could not find dataconnect.yaml in `f:\\campus-management-system\\dataconnect`\n"}}
[debug] [2026-02-17T15:18:32.903Z] E0217 23:18:32.903552   15704 watch.go:40] Failed to load config from "f:\\campus-management-system\\dataconnect": could not find dataconnect.yaml in `f:\campus-management-system\dataconnect`
 {"metadata":{"emulator":{"name":"dataconnect"},"message":"E0217 23:18:32.903552   15704 watch.go:40] Failed to load config from \"f:\\\\campus-management-system\\\\dataconnect\": could not find dataconnect.yaml in `f:\\campus-management-system\\dataconnect`\n"}}
[debug] [2026-02-17T15:18:42.903Z] E0217 23:18:42.903760   15704 watch.go:40] Failed to load config from "f:\\campus-management-system\\dataconnect": could not find dataconnect.yaml in `f:\campus-management-system\dataconnect`
 {"metadata":{"emulator":{"name":"dataconnect"},"message":"E0217 23:18:42.903760   15704 watch.go:40] Failed to load config from \"f:\\\\campus-management-system\\\\dataconnect\": could not find dataconnect.yaml in `f:\\campus-management-system\\dataconnect`\n"}}
[debug] [2026-02-17T15:18:52.903Z] E0217 23:18:52.903668   15704 watch.go:40] Failed to load config from "f:\\campus-management-system\\dataconnect": could not find dataconnect.yaml in `f:\campus-management-system\dataconnect`
 {"metadata":{"emulator":{"name":"dataconnect"},"message":"E0217 23:18:52.903668   15704 watch.go:40] Failed to load config from \"f:\\\\campus-management-system\\\\dataconnect\": could not find dataconnect.yaml in `f:\\campus-management-system\\dataconnect`\n"}}
[debug] [2026-02-17T15:19:02.903Z] E0217 23:19:02.903694   15704 watch.go:116] watchAllDir unable to walk dir `f:\campus-management-system\dataconnect`: CreateFile f:\campus-management-system\dataconnect: The system cannot find the file specified.
E0217 23:19:02.903694   15704 watch.go:40] Failed to load config from "f:\\campus-management-system\\dataconnect": could not find dataconnect.yaml in `f:\campus-management-system\dataconnect`
 {"metadata":{"emulator":{"name":"dataconnect"},"message":"E0217 23:19:02.903694   15704 watch.go:116] watchAllDir unable to walk dir `f:\\campus-management-system\\dataconnect`: CreateFile f:\\campus-management-system\\dataconnect: The system cannot find the file specified.\nE0217 23:19:02.903694   15704 watch.go:40] Failed to load config from \"f:\\\\campus-management-system\\\\dataconnect\": could not find dataconnect.yaml in `f:\\campus-management-system\\dataconnect`\n"}}
[debug] [2026-02-17T15:19:12.903Z] E0217 23:19:12.903842   15704 watch.go:40] Failed to load config from "f:\\campus-management-system\\dataconnect": could not find dataconnect.yaml in `f:\campus-management-system\dataconnect`
 {"metadata":{"emulator":{"name":"dataconnect"},"message":"E0217 23:19:12.903842   15704 watch.go:40] Failed to load config from \"f:\\\\campus-management-system\\\\dataconnect\": could not find dataconnect.yaml in `f:\\campus-management-system\\dataconnect`\n"}}
[debug] [2026-02-17T15:19:22.903Z] E0217 23:19:22.903546   15704 watch.go:40] Failed to load config from "f:\\campus-management-system\\dataconnect": could not find dataconnect.yaml in `f:\campus-management-system\dataconnect`
 {"metadata":{"emulator":{"name":"dataconnect"},"message":"E0217 23:19:22.903546   15704 watch.go:40] Failed to load config from \"f:\\\\campus-management-system\\\\dataconnect\": could not find dataconnect.yaml in `f:\\campus-management-system\\dataconnect`\n"}}
[debug] [2026-02-17T15:19:32.903Z] E0217 23:19:32.903766   15704 watch.go:40] Failed to load config from "f:\\campus-management-system\\dataconnect": could not find dataconnect.yaml in `f:\campus-management-system\dataconnect`
 {"metadata":{"emulator":{"name":"dataconnect"},"message":"E0217 23:19:32.903766   15704 watch.go:40] Failed to load config from \"f:\\\\campus-management-system\\\\dataconnect\": could not find dataconnect.yaml in `f:\\campus-management-system\\dataconnect`\n"}}
[debug] [2026-02-17T15:19:42.903Z] E0217 23:19:42.903539   15704 watch.go:40] Failed to load config from "f:\\campus-management-system\\dataconnect": could not find dataconnect.yaml in `f:\campus-management-system\dataconnect`
 {"metadata":{"emulator":{"name":"dataconnect"},"message":"E0217 23:19:42.903539   15704 watch.go:40] Failed to load config from \"f:\\\\campus-management-system\\\\dataconnect\": could not find dataconnect.yaml in `f:\\campus-management-system\\dataconnect`\n"}}
[debug] [2026-02-17T15:19:52.903Z] E0217 23:19:52.903573   15704 watch.go:40] Failed to load config from "f:\\campus-management-system\\dataconnect": could not find dataconnect.yaml in `f:\campus-management-system\dataconnect`
 {"metadata":{"emulator":{"name":"dataconnect"},"message":"E0217 23:19:52.903573   15704 watch.go:40] Failed to load config from \"f:\\\\campus-management-system\\\\dataconnect\": could not find dataconnect.yaml in `f:\\campus-management-system\\dataconnect`\n"}}
[debug] [2026-02-17T15:20:02.903Z] E0217 23:20:02.903556   15704 watch.go:116] watchAllDir unable to walk dir `f:\campus-management-system\dataconnect`: CreateFile f:\campus-management-system\dataconnect: The system cannot find the file specified.
E0217 23:20:02.903556   15704 watch.go:40] Failed to load config from "f:\\campus-management-system\\dataconnect": could not find dataconnect.yaml in `f:\campus-management-system\dataconnect`
 {"metadata":{"emulator":{"name":"dataconnect"},"message":"E0217 23:20:02.903556   15704 watch.go:116] watchAllDir unable to walk dir `f:\\campus-management-system\\dataconnect`: CreateFile f:\\campus-management-system\\dataconnect: The system cannot find the file specified.\nE0217 23:20:02.903556   15704 watch.go:40] Failed to load config from \"f:\\\\campus-management-system\\\\dataconnect\": could not find dataconnect.yaml in `f:\\campus-management-system\\dataconnect`\n"}}
[debug] [2026-02-17T15:20:12.903Z] E0217 23:20:12.903567   15704 watch.go:40] Failed to load config from "f:\\campus-management-system\\dataconnect": could not find dataconnect.yaml in `f:\campus-management-system\dataconnect`
 {"metadata":{"emulator":{"name":"dataconnect"},"message":"E0217 23:20:12.903567   15704 watch.go:40] Failed to load config from \"f:\\\\campus-management-system\\\\dataconnect\": could not find dataconnect.yaml in `f:\\campus-management-system\\dataconnect`\n"}}
[debug] [2026-02-17T15:20:22.903Z] E0217 23:20:22.903560   15704 watch.go:40] Failed to load config from "f:\\campus-management-system\\dataconnect": could not find dataconnect.yaml in `f:\campus-management-system\dataconnect`
 {"metadata":{"emulator":{"name":"dataconnect"},"message":"E0217 23:20:22.903560   15704 watch.go:40] Failed to load config from \"f:\\\\campus-management-system\\\\dataconnect\": could not find dataconnect.yaml in `f:\\campus-management-system\\dataconnect`\n"}}
[debug] [2026-02-17T15:20:32.903Z] E0217 23:20:32.903548   15704 watch.go:40] Failed to load config from "f:\\campus-management-system\\dataconnect": could not find dataconnect.yaml in `f:\campus-management-system\dataconnect`
 {"metadata":{"emulator":{"name":"dataconnect"},"message":"E0217 23:20:32.903548   15704 watch.go:40] Failed to load config from \"f:\\\\campus-management-system\\\\dataconnect\": could not find dataconnect.yaml in `f:\\campus-management-system\\dataconnect`\n"}}
[debug] [2026-02-17T15:20:42.903Z] E0217 23:20:42.903542   15704 watch.go:40] Failed to load config from "f:\\campus-management-system\\dataconnect": could not find dataconnect.yaml in `f:\campus-management-system\dataconnect`
 {"metadata":{"emulator":{"name":"dataconnect"},"message":"E0217 23:20:42.903542   15704 watch.go:40] Failed to load config from \"f:\\\\campus-management-system\\\\dataconnect\": could not find dataconnect.yaml in `f:\\campus-management-system\\dataconnect`\n"}}
[debug] [2026-02-17T15:20:52.903Z] E0217 23:20:52.903756   15704 watch.go:40] Failed to load config from "f:\\campus-management-system\\dataconnect": could not find dataconnect.yaml in `f:\campus-management-system\dataconnect`
 {"metadata":{"emulator":{"name":"dataconnect"},"message":"E0217 23:20:52.903756   15704 watch.go:40] Failed to load config from \"f:\\\\campus-management-system\\\\dataconnect\": could not find dataconnect.yaml in `f:\\campus-management-system\\dataconnect`\n"}}
[debug] [2026-02-17T15:21:02.903Z] E0217 23:21:02.903555   15704 watch.go:116] watchAllDir unable to walk dir `f:\campus-management-system\dataconnect`: CreateFile f:\campus-management-system\dataconnect: The system cannot find the file specified.
E0217 23:21:02.903555   15704 watch.go:40] Failed to load config from "f:\\campus-management-system\\dataconnect": could not find dataconnect.yaml in `f:\campus-management-system\dataconnect`
 {"metadata":{"emulator":{"name":"dataconnect"},"message":"E0217 23:21:02.903555   15704 watch.go:116] watchAllDir unable to walk dir `f:\\campus-management-system\\dataconnect`: CreateFile f:\\campus-management-system\\dataconnect: The system cannot find the file specified.\nE0217 23:21:02.903555   15704 watch.go:40] Failed to load config from \"f:\\\\campus-management-system\\\\dataconnect\": could not find dataconnect.yaml in `f:\\campus-management-system\\dataconnect`\n"}}
[debug] [2026-02-17T15:21:12.903Z] E0217 23:21:12.903589   15704 watch.go:40] Failed to load config from "f:\\campus-management-system\\dataconnect": could not find dataconnect.yaml in `f:\campus-management-system\dataconnect`
 {"metadata":{"emulator":{"name":"dataconnect"},"message":"E0217 23:21:12.903589   15704 watch.go:40] Failed to load config from \"f:\\\\campus-management-system\\\\dataconnect\": could not find dataconnect.yaml in `f:\\campus-management-system\\dataconnect`\n"}}
[debug] [2026-02-17T15:21:22.903Z] E0217 23:21:22.903565   15704 watch.go:40] Failed to load config from "f:\\campus-management-system\\dataconnect": could not find dataconnect.yaml in `f:\campus-management-system\dataconnect`
 {"metadata":{"emulator":{"name":"dataconnect"},"message":"E0217 23:21:22.903565   15704 watch.go:40] Failed to load config from \"f:\\\\campus-management-system\\\\dataconnect\": could not find dataconnect.yaml in `f:\\campus-management-system\\dataconnect`\n"}}
[debug] [2026-02-17T15:21:32.903Z] E0217 23:21:32.903552   15704 watch.go:40] Failed to load config from "f:\\campus-management-system\\dataconnect": could not find dataconnect.yaml in `f:\campus-management-system\dataconnect`
 {"metadata":{"emulator":{"name":"dataconnect"},"message":"E0217 23:21:32.903552   15704 watch.go:40] Failed to load config from \"f:\\\\campus-management-system\\\\dataconnect\": could not find dataconnect.yaml in `f:\\campus-management-system\\dataconnect`\n"}}
[debug] [2026-02-17T15:21:42.903Z] E0217 23:21:42.903919   15704 watch.go:40] Failed to load config from "f:\\campus-management-system\\dataconnect": could not find dataconnect.yaml in `f:\campus-management-system\dataconnect`
 {"metadata":{"emulator":{"name":"dataconnect"},"message":"E0217 23:21:42.903919   15704 watch.go:40] Failed to load config from \"f:\\\\campus-management-system\\\\dataconnect\": could not find dataconnect.yaml in `f:\\campus-management-system\\dataconnect`\n"}}
[debug] [2026-02-17T15:21:52.903Z] E0217 23:21:52.903731   15704 watch.go:40] Failed to load config from "f:\\campus-management-system\\dataconnect": could not find dataconnect.yaml in `f:\campus-management-system\dataconnect`
 {"metadata":{"emulator":{"name":"dataconnect"},"message":"E0217 23:21:52.903731   15704 watch.go:40] Failed to load config from \"f:\\\\campus-management-system\\\\dataconnect\": could not find dataconnect.yaml in `f:\\campus-management-system\\dataconnect`\n"}}
[debug] [2026-02-17T15:22:02.903Z] E0217 23:22:02.903557   15704 watch.go:116] watchAllDir unable to walk dir `f:\campus-management-system\dataconnect`: CreateFile f:\campus-management-system\dataconnect: The system cannot find the file specified.
E0217 23:22:02.903557   15704 watch.go:40] Failed to load config from "f:\\campus-management-system\\dataconnect": could not find dataconnect.yaml in `f:\campus-management-system\dataconnect`
 {"metadata":{"emulator":{"name":"dataconnect"},"message":"E0217 23:22:02.903557   15704 watch.go:116] watchAllDir unable to walk dir `f:\\campus-management-system\\dataconnect`: CreateFile f:\\campus-management-system\\dataconnect: The system cannot find the file specified.\nE0217 23:22:02.903557   15704 watch.go:40] Failed to load config from \"f:\\\\campus-management-system\\\\dataconnect\": could not find dataconnect.yaml in `f:\\campus-management-system\\dataconnect`\n"}}
[debug] [2026-02-17T15:22:12.903Z] E0217 23:22:12.903554   15704 watch.go:40] Failed to load config from "f:\\campus-management-system\\dataconnect": could not find dataconnect.yaml in `f:\campus-management-system\dataconnect`
 {"metadata":{"emulator":{"name":"dataconnect"},"message":"E0217 23:22:12.903554   15704 watch.go:40] Failed to load config from \"f:\\\\campus-management-system\\\\dataconnect\": could not find dataconnect.yaml in `f:\\campus-management-system\\dataconnect`\n"}}
[debug] [2026-02-17T15:22:22.903Z] E0217 23:22:22.903660   15704 watch.go:40] Failed to load config from "f:\\campus-management-system\\dataconnect": could not find dataconnect.yaml in `f:\campus-management-system\dataconnect`
 {"metadata":{"emulator":{"name":"dataconnect"},"message":"E0217 23:22:22.903660   15704 watch.go:40] Failed to load config from \"f:\\\\campus-management-system\\\\dataconnect\": could not find dataconnect.yaml in `f:\\campus-management-system\\dataconnect`\n"}}
[debug] [2026-02-17T15:22:32.903Z] E0217 23:22:32.903570   15704 watch.go:40] Failed to load config from "f:\\campus-management-system\\dataconnect": could not find dataconnect.yaml in `f:\campus-management-system\dataconnect`
 {"metadata":{"emulator":{"name":"dataconnect"},"message":"E0217 23:22:32.903570   15704 watch.go:40] Failed to load config from \"f:\\\\campus-management-system\\\\dataconnect\": could not find dataconnect.yaml in `f:\\campus-management-system\\dataconnect`\n"}}
[debug] [2026-02-17T15:22:42.903Z] E0217 23:22:42.903798   15704 watch.go:40] Failed to load config from "f:\\campus-management-system\\dataconnect": could not find dataconnect.yaml in `f:\campus-management-system\dataconnect`
 {"metadata":{"emulator":{"name":"dataconnect"},"message":"E0217 23:22:42.903798   15704 watch.go:40] Failed to load config from \"f:\\\\campus-management-system\\\\dataconnect\": could not find dataconnect.yaml in `f:\\campus-management-system\\dataconnect`\n"}}
[debug] [2026-02-17T15:22:52.903Z] E0217 23:22:52.903584   15704 watch.go:40] Failed to load config from "f:\\campus-management-system\\dataconnect": could not find dataconnect.yaml in `f:\campus-management-system\dataconnect`
 {"metadata":{"emulator":{"name":"dataconnect"},"message":"E0217 23:22:52.903584   15704 watch.go:40] Failed to load config from \"f:\\\\campus-management-system\\\\dataconnect\": could not find dataconnect.yaml in `f:\\campus-management-system\\dataconnect`\n"}}
[debug] [2026-02-17T15:23:02.903Z] E0217 23:23:02.903988   15704 watch.go:40] Failed to load config from "f:\\campus-management-system\\dataconnect": could not find dataconnect.yaml in `f:\campus-management-system\dataconnect`
E0217 23:23:02.903988   15704 watch.go:116] watchAllDir unable to walk dir `f:\campus-management-system\dataconnect`: CreateFile f:\campus-management-system\dataconnect: The system cannot find the file specified.
 {"metadata":{"emulator":{"name":"dataconnect"},"message":"E0217 23:23:02.903988   15704 watch.go:40] Failed to load config from \"f:\\\\campus-management-system\\\\dataconnect\": could not find dataconnect.yaml in `f:\\campus-management-system\\dataconnect`\nE0217 23:23:02.903988   15704 watch.go:116] watchAllDir unable to walk dir `f:\\campus-management-system\\dataconnect`: CreateFile f:\\campus-management-system\\dataconnect: The system cannot find the file specified.\n"}}
[debug] [2026-02-17T15:23:12.903Z] E0217 23:23:12.903654   15704 watch.go:40] Failed to load config from "f:\\campus-management-system\\dataconnect": could not find dataconnect.yaml in `f:\campus-management-system\dataconnect`
 {"metadata":{"emulator":{"name":"dataconnect"},"message":"E0217 23:23:12.903654   15704 watch.go:40] Failed to load config from \"f:\\\\campus-management-system\\\\dataconnect\": could not find dataconnect.yaml in `f:\\campus-management-system\\dataconnect`\n"}}
[debug] [2026-02-17T15:23:22.903Z] E0217 23:23:22.903547   15704 watch.go:40] Failed to load config from "f:\\campus-management-system\\dataconnect": could not find dataconnect.yaml in `f:\campus-management-system\dataconnect`
 {"metadata":{"emulator":{"name":"dataconnect"},"message":"E0217 23:23:22.903547   15704 watch.go:40] Failed to load config from \"f:\\\\campus-management-system\\\\dataconnect\": could not find dataconnect.yaml in `f:\\campus-management-system\\dataconnect`\n"}}
[debug] [2026-02-17T15:23:32.903Z] E0217 23:23:32.903746   15704 watch.go:40] Failed to load config from "f:\\campus-management-system\\dataconnect": could not find dataconnect.yaml in `f:\campus-management-system\dataconnect`
 {"metadata":{"emulator":{"name":"dataconnect"},"message":"E0217 23:23:32.903746   15704 watch.go:40] Failed to load config from \"f:\\\\campus-management-system\\\\dataconnect\": could not find dataconnect.yaml in `f:\\campus-management-system\\dataconnect`\n"}}
[debug] [2026-02-17T15:23:42.903Z] E0217 23:23:42.903570   15704 watch.go:40] Failed to load config from "f:\\campus-management-system\\dataconnect": could not find dataconnect.yaml in `f:\campus-management-system\dataconnect`
 {"metadata":{"emulator":{"name":"dataconnect"},"message":"E0217 23:23:42.903570   15704 watch.go:40] Failed to load config from \"f:\\\\campus-management-system\\\\dataconnect\": could not find dataconnect.yaml in `f:\\campus-management-system\\dataconnect`\n"}}
[debug] [2026-02-17T15:23:52.903Z] E0217 23:23:52.903949   15704 watch.go:40] Failed to load config from "f:\\campus-management-system\\dataconnect": could not find dataconnect.yaml in `f:\campus-management-system\dataconnect`
 {"metadata":{"emulator":{"name":"dataconnect"},"message":"E0217 23:23:52.903949   15704 watch.go:40] Failed to load config from \"f:\\\\campus-management-system\\\\dataconnect\": could not find dataconnect.yaml in `f:\\campus-management-system\\dataconnect`\n"}}
[debug] [2026-02-17T15:24:02.903Z] E0217 23:24:02.903580   15704 watch.go:116] watchAllDir unable to walk dir `f:\campus-management-system\dataconnect`: CreateFile f:\campus-management-system\dataconnect: The system cannot find the file specified.
E0217 23:24:02.903580   15704 watch.go:40] Failed to load config from "f:\\campus-management-system\\dataconnect": could not find dataconnect.yaml in `f:\campus-management-system\dataconnect`
 {"metadata":{"emulator":{"name":"dataconnect"},"message":"E0217 23:24:02.903580   15704 watch.go:116] watchAllDir unable to walk dir `f:\\campus-management-system\\dataconnect`: CreateFile f:\\campus-management-system\\dataconnect: The system cannot find the file specified.\nE0217 23:24:02.903580   15704 watch.go:40] Failed to load config from \"f:\\\\campus-management-system\\\\dataconnect\": could not find dataconnect.yaml in `f:\\campus-management-system\\dataconnect`\n"}}
[debug] [2026-02-17T15:24:12.903Z] E0217 23:24:12.904061   15704 watch.go:40] Failed to load config from "f:\\campus-management-system\\dataconnect": could not find dataconnect.yaml in `f:\campus-management-system\dataconnect`
 {"metadata":{"emulator":{"name":"dataconnect"},"message":"E0217 23:24:12.904061   15704 watch.go:40] Failed to load config from \"f:\\\\campus-management-system\\\\dataconnect\": could not find dataconnect.yaml in `f:\\campus-management-system\\dataconnect`\n"}}
[debug] [2026-02-17T15:24:22.903Z] E0217 23:24:22.903546   15704 watch.go:40] Failed to load config from "f:\\campus-management-system\\dataconnect": could not find dataconnect.yaml in `f:\campus-management-system\dataconnect`
 {"metadata":{"emulator":{"name":"dataconnect"},"message":"E0217 23:24:22.903546   15704 watch.go:40] Failed to load config from \"f:\\\\campus-management-system\\\\dataconnect\": could not find dataconnect.yaml in `f:\\campus-management-system\\dataconnect`\n"}}
[debug] [2026-02-17T15:24:32.903Z] E0217 23:24:32.903551   15704 watch.go:40] Failed to load config from "f:\\campus-management-system\\dataconnect": could not find dataconnect.yaml in `f:\campus-management-system\dataconnect`
 {"metadata":{"emulator":{"name":"dataconnect"},"message":"E0217 23:24:32.903551   15704 watch.go:40] Failed to load config from \"f:\\\\campus-management-system\\\\dataconnect\": could not find dataconnect.yaml in `f:\\campus-management-system\\dataconnect`\n"}}
[debug] [2026-02-17T15:24:42.903Z] E0217 23:24:42.903540   15704 watch.go:40] Failed to load config from "f:\\campus-management-system\\dataconnect": could not find dataconnect.yaml in `f:\campus-management-system\dataconnect`
 {"metadata":{"emulator":{"name":"dataconnect"},"message":"E0217 23:24:42.903540   15704 watch.go:40] Failed to load config from \"f:\\\\campus-management-system\\\\dataconnect\": could not find dataconnect.yaml in `f:\\campus-management-system\\dataconnect`\n"}}
[debug] [2026-02-17T15:24:52.904Z] E0217 23:24:52.904044   15704 watch.go:40] Failed to load config from "f:\\campus-management-system\\dataconnect": could not find dataconnect.yaml in `f:\campus-management-system\dataconnect`
 {"metadata":{"emulator":{"name":"dataconnect"},"message":"E0217 23:24:52.904044   15704 watch.go:40] Failed to load config from \"f:\\\\campus-management-system\\\\dataconnect\": could not find dataconnect.yaml in `f:\\campus-management-system\\dataconnect`\n"}}
[debug] [2026-02-17T15:25:02.903Z] E0217 23:25:02.903728   15704 watch.go:40] Failed to load config from "f:\\campus-management-system\\dataconnect": could not find dataconnect.yaml in `f:\campus-management-system\dataconnect`
E0217 23:25:02.903728   15704 watch.go:116] watchAllDir unable to walk dir `f:\campus-management-system\dataconnect`: CreateFile f:\campus-management-system\dataconnect: The system cannot find the file specified.
 {"metadata":{"emulator":{"name":"dataconnect"},"message":"E0217 23:25:02.903728   15704 watch.go:40] Failed to load config from \"f:\\\\campus-management-system\\\\dataconnect\": could not find dataconnect.yaml in `f:\\campus-management-system\\dataconnect`\nE0217 23:25:02.903728   15704 watch.go:116] watchAllDir unable to walk dir `f:\\campus-management-system\\dataconnect`: CreateFile f:\\campus-management-system\\dataconnect: The system cannot find the file specified.\n"}}
[debug] [2026-02-17T15:25:12.903Z] E0217 23:25:12.903573   15704 watch.go:40] Failed to load config from "f:\\campus-management-system\\dataconnect": could not find dataconnect.yaml in `f:\campus-management-system\dataconnect`
 {"metadata":{"emulator":{"name":"dataconnect"},"message":"E0217 23:25:12.903573   15704 watch.go:40] Failed to load config from \"f:\\\\campus-management-system\\\\dataconnect\": could not find dataconnect.yaml in `f:\\campus-management-system\\dataconnect`\n"}}
[debug] [2026-02-17T15:25:22.903Z] E0217 23:25:22.903563   15704 watch.go:40] Failed to load config from "f:\\campus-management-system\\dataconnect": could not find dataconnect.yaml in `f:\campus-management-system\dataconnect`
 {"metadata":{"emulator":{"name":"dataconnect"},"message":"E0217 23:25:22.903563   15704 watch.go:40] Failed to load config from \"f:\\\\campus-management-system\\\\dataconnect\": could not find dataconnect.yaml in `f:\\campus-management-system\\dataconnect`\n"}}
[debug] [2026-02-17T15:25:32.903Z] E0217 23:25:32.903945   15704 watch.go:40] Failed to load config from "f:\\campus-management-system\\dataconnect": could not find dataconnect.yaml in `f:\campus-management-system\dataconnect`
 {"metadata":{"emulator":{"name":"dataconnect"},"message":"E0217 23:25:32.903945   15704 watch.go:40] Failed to load config from \"f:\\\\campus-management-system\\\\dataconnect\": could not find dataconnect.yaml in `f:\\campus-management-system\\dataconnect`\n"}}
[debug] [2026-02-17T15:25:42.903Z] E0217 23:25:42.903546   15704 watch.go:40] Failed to load config from "f:\\campus-management-system\\dataconnect": could not find dataconnect.yaml in `f:\campus-management-system\dataconnect`
 {"metadata":{"emulator":{"name":"dataconnect"},"message":"E0217 23:25:42.903546   15704 watch.go:40] Failed to load config from \"f:\\\\campus-management-system\\\\dataconnect\": could not find dataconnect.yaml in `f:\\campus-management-system\\dataconnect`\n"}}
[debug] [2026-02-17T15:25:52.903Z] E0217 23:25:52.903647   15704 watch.go:40] Failed to load config from "f:\\campus-management-system\\dataconnect": could not find dataconnect.yaml in `f:\campus-management-system\dataconnect`
 {"metadata":{"emulator":{"name":"dataconnect"},"message":"E0217 23:25:52.903647   15704 watch.go:40] Failed to load config from \"f:\\\\campus-management-system\\\\dataconnect\": could not find dataconnect.yaml in `f:\\campus-management-system\\dataconnect`\n"}}
[debug] [2026-02-17T15:26:02.903Z] E0217 23:26:02.903563   15704 watch.go:116] watchAllDir unable to walk dir `f:\campus-management-system\dataconnect`: CreateFile f:\campus-management-system\dataconnect: The system cannot find the file specified.
E0217 23:26:02.903563   15704 watch.go:40] Failed to load config from "f:\\campus-management-system\\dataconnect": could not find dataconnect.yaml in `f:\campus-management-system\dataconnect`
 {"metadata":{"emulator":{"name":"dataconnect"},"message":"E0217 23:26:02.903563   15704 watch.go:116] watchAllDir unable to walk dir `f:\\campus-management-system\\dataconnect`: CreateFile f:\\campus-management-system\\dataconnect: The system cannot find the file specified.\nE0217 23:26:02.903563   15704 watch.go:40] Failed to load config from \"f:\\\\campus-management-system\\\\dataconnect\": could not find dataconnect.yaml in `f:\\campus-management-system\\dataconnect`\n"}}
[debug] [2026-02-17T15:26:12.903Z] E0217 23:26:12.903647   15704 watch.go:40] Failed to load config from "f:\\campus-management-system\\dataconnect": could not find dataconnect.yaml in `f:\campus-management-system\dataconnect`
 {"metadata":{"emulator":{"name":"dataconnect"},"message":"E0217 23:26:12.903647   15704 watch.go:40] Failed to load config from \"f:\\\\campus-management-system\\\\dataconnect\": could not find dataconnect.yaml in `f:\\campus-management-system\\dataconnect`\n"}}
[debug] [2026-02-17T15:26:22.903Z] E0217 23:26:22.903588   15704 watch.go:40] Failed to load config from "f:\\campus-management-system\\dataconnect": could not find dataconnect.yaml in `f:\campus-management-system\dataconnect`
 {"metadata":{"emulator":{"name":"dataconnect"},"message":"E0217 23:26:22.903588   15704 watch.go:40] Failed to load config from \"f:\\\\campus-management-system\\\\dataconnect\": could not find dataconnect.yaml in `f:\\campus-management-system\\dataconnect`\n"}}
[debug] [2026-02-17T15:26:32.904Z] E0217 23:26:32.904011   15704 watch.go:40] Failed to load config from "f:\\campus-management-system\\dataconnect": could not find dataconnect.yaml in `f:\campus-management-system\dataconnect`
 {"metadata":{"emulator":{"name":"dataconnect"},"message":"E0217 23:26:32.904011   15704 watch.go:40] Failed to load config from \"f:\\\\campus-management-system\\\\dataconnect\": could not find dataconnect.yaml in `f:\\campus-management-system\\dataconnect`\n"}}
[debug] [2026-02-17T15:26:42.903Z] E0217 23:26:42.903697   15704 watch.go:40] Failed to load config from "f:\\campus-management-system\\dataconnect": could not find dataconnect.yaml in `f:\campus-management-system\dataconnect`
 {"metadata":{"emulator":{"name":"dataconnect"},"message":"E0217 23:26:42.903697   15704 watch.go:40] Failed to load config from \"f:\\\\campus-management-system\\\\dataconnect\": could not find dataconnect.yaml in `f:\\campus-management-system\\dataconnect`\n"}}
[debug] [2026-02-17T15:26:52.903Z] E0217 23:26:52.903573   15704 watch.go:40] Failed to load config from "f:\\campus-management-system\\dataconnect": could not find dataconnect.yaml in `f:\campus-management-system\dataconnect`
 {"metadata":{"emulator":{"name":"dataconnect"},"message":"E0217 23:26:52.903573   15704 watch.go:40] Failed to load config from \"f:\\\\campus-management-system\\\\dataconnect\": could not find dataconnect.yaml in `f:\\campus-management-system\\dataconnect`\n"}}
[debug] [2026-02-17T15:27:02.903Z] E0217 23:27:02.903944   15704 watch.go:116] watchAllDir unable to walk dir `f:\campus-management-system\dataconnect`: CreateFile f:\campus-management-system\dataconnect: The system cannot find the file specified.
E0217 23:27:02.903944   15704 watch.go:40] Failed to load config from "f:\\campus-management-system\\dataconnect": could not find dataconnect.yaml in `f:\campus-management-system\dataconnect`
 {"metadata":{"emulator":{"name":"dataconnect"},"message":"E0217 23:27:02.903944   15704 watch.go:116] watchAllDir unable to walk dir `f:\\campus-management-system\\dataconnect`: CreateFile f:\\campus-management-system\\dataconnect: The system cannot find the file specified.\nE0217 23:27:02.903944   15704 watch.go:40] Failed to load config from \"f:\\\\campus-management-system\\\\dataconnect\": could not find dataconnect.yaml in `f:\\campus-management-system\\dataconnect`\n"}}
[debug] [2026-02-17T15:27:12.903Z] E0217 23:27:12.904004   15704 watch.go:40] Failed to load config from "f:\\campus-management-system\\dataconnect": could not find dataconnect.yaml in `f:\campus-management-system\dataconnect`
 {"metadata":{"emulator":{"name":"dataconnect"},"message":"E0217 23:27:12.904004   15704 watch.go:40] Failed to load config from \"f:\\\\campus-management-system\\\\dataconnect\": could not find dataconnect.yaml in `f:\\campus-management-system\\dataconnect`\n"}}
[debug] [2026-02-17T15:27:22.903Z] E0217 23:27:22.903539   15704 watch.go:40] Failed to load config from "f:\\campus-management-system\\dataconnect": could not find dataconnect.yaml in `f:\campus-management-system\dataconnect`
 {"metadata":{"emulator":{"name":"dataconnect"},"message":"E0217 23:27:22.903539   15704 watch.go:40] Failed to load config from \"f:\\\\campus-management-system\\\\dataconnect\": could not find dataconnect.yaml in `f:\\campus-management-system\\dataconnect`\n"}}
[debug] [2026-02-17T15:27:32.903Z] E0217 23:27:32.903554   15704 watch.go:40] Failed to load config from "f:\\campus-management-system\\dataconnect": could not find dataconnect.yaml in `f:\campus-management-system\dataconnect`
 {"metadata":{"emulator":{"name":"dataconnect"},"message":"E0217 23:27:32.903554   15704 watch.go:40] Failed to load config from \"f:\\\\campus-management-system\\\\dataconnect\": could not find dataconnect.yaml in `f:\\campus-management-system\\dataconnect`\n"}}
[debug] [2026-02-17T15:27:42.904Z] E0217 23:27:42.904022   15704 watch.go:40] Failed to load config from "f:\\campus-management-system\\dataconnect": could not find dataconnect.yaml in `f:\campus-management-system\dataconnect`
 {"metadata":{"emulator":{"name":"dataconnect"},"message":"E0217 23:27:42.904022   15704 watch.go:40] Failed to load config from \"f:\\\\campus-management-system\\\\dataconnect\": could not find dataconnect.yaml in `f:\\campus-management-system\\dataconnect`\n"}}
[debug] [2026-02-17T15:27:52.903Z] E0217 23:27:52.903634   15704 watch.go:40] Failed to load config from "f:\\campus-management-system\\dataconnect": could not find dataconnect.yaml in `f:\campus-management-system\dataconnect`
 {"metadata":{"emulator":{"name":"dataconnect"},"message":"E0217 23:27:52.903634   15704 watch.go:40] Failed to load config from \"f:\\\\campus-management-system\\\\dataconnect\": could not find dataconnect.yaml in `f:\\campus-management-system\\dataconnect`\n"}}
[debug] [2026-02-17T15:28:02.903Z] E0217 23:28:02.903579   15704 watch.go:116] watchAllDir unable to walk dir `f:\campus-management-system\dataconnect`: CreateFile f:\campus-management-system\dataconnect: The system cannot find the file specified.
E0217 23:28:02.903579   15704 watch.go:40] Failed to load config from "f:\\campus-management-system\\dataconnect": could not find dataconnect.yaml in `f:\campus-management-system\dataconnect`
 {"metadata":{"emulator":{"name":"dataconnect"},"message":"E0217 23:28:02.903579   15704 watch.go:116] watchAllDir unable to walk dir `f:\\campus-management-system\\dataconnect`: CreateFile f:\\campus-management-system\\dataconnect: The system cannot find the file specified.\nE0217 23:28:02.903579   15704 watch.go:40] Failed to load config from \"f:\\\\campus-management-system\\\\dataconnect\": could not find dataconnect.yaml in `f:\\campus-management-system\\dataconnect`\n"}}
[debug] [2026-02-17T15:28:12.903Z] E0217 23:28:12.903558   15704 watch.go:40] Failed to load config from "f:\\campus-management-system\\dataconnect": could not find dataconnect.yaml in `f:\campus-management-system\dataconnect`
 {"metadata":{"emulator":{"name":"dataconnect"},"message":"E0217 23:28:12.903558   15704 watch.go:40] Failed to load config from \"f:\\\\campus-management-system\\\\dataconnect\": could not find dataconnect.yaml in `f:\\campus-management-system\\dataconnect`\n"}}
[debug] [2026-02-17T15:28:22.903Z] E0217 23:28:22.903549   15704 watch.go:40] Failed to load config from "f:\\campus-management-system\\dataconnect": could not find dataconnect.yaml in `f:\campus-management-system\dataconnect`
 {"metadata":{"emulator":{"name":"dataconnect"},"message":"E0217 23:28:22.903549   15704 watch.go:40] Failed to load config from \"f:\\\\campus-management-system\\\\dataconnect\": could not find dataconnect.yaml in `f:\\campus-management-system\\dataconnect`\n"}}
[debug] [2026-02-17T15:28:32.904Z] E0217 23:28:32.903975   15704 watch.go:40] Failed to load config from "f:\\campus-management-system\\dataconnect": could not find dataconnect.yaml in `f:\campus-management-system\dataconnect`
 {"metadata":{"emulator":{"name":"dataconnect"},"message":"E0217 23:28:32.903975   15704 watch.go:40] Failed to load config from \"f:\\\\campus-management-system\\\\dataconnect\": could not find dataconnect.yaml in `f:\\campus-management-system\\dataconnect`\n"}}
[debug] [2026-02-17T15:28:42.903Z] E0217 23:28:42.903546   15704 watch.go:40] Failed to load config from "f:\\campus-management-system\\dataconnect": could not find dataconnect.yaml in `f:\campus-management-system\dataconnect`
 {"metadata":{"emulator":{"name":"dataconnect"},"message":"E0217 23:28:42.903546   15704 watch.go:40] Failed to load config from \"f:\\\\campus-management-system\\\\dataconnect\": could not find dataconnect.yaml in `f:\\campus-management-system\\dataconnect`\n"}}
[debug] [2026-02-17T15:28:52.903Z] E0217 23:28:52.903895   15704 watch.go:40] Failed to load config from "f:\\campus-management-system\\dataconnect": could not find dataconnect.yaml in `f:\campus-management-system\dataconnect`
 {"metadata":{"emulator":{"name":"dataconnect"},"message":"E0217 23:28:52.903895   15704 watch.go:40] Failed to load config from \"f:\\\\campus-management-system\\\\dataconnect\": could not find dataconnect.yaml in `f:\\campus-management-system\\dataconnect`\n"}}
[debug] [2026-02-17T15:29:02.904Z] E0217 23:29:02.904038   15704 watch.go:116] watchAllDir unable to walk dir `f:\campus-management-system\dataconnect`: CreateFile f:\campus-management-system\dataconnect: The system cannot find the file specified.
E0217 23:29:02.904038   15704 watch.go:40] Failed to load config from "f:\\campus-management-system\\dataconnect": could not find dataconnect.yaml in `f:\campus-management-system\dataconnect`
 {"metadata":{"emulator":{"name":"dataconnect"},"message":"E0217 23:29:02.904038   15704 watch.go:116] watchAllDir unable to walk dir `f:\\campus-management-system\\dataconnect`: CreateFile f:\\campus-management-system\\dataconnect: The system cannot find the file specified.\nE0217 23:29:02.904038   15704 watch.go:40] Failed to load config from \"f:\\\\campus-management-system\\\\dataconnect\": could not find dataconnect.yaml in `f:\\campus-management-system\\dataconnect`\n"}}
[debug] [2026-02-17T15:29:12.903Z] E0217 23:29:12.903887   15704 watch.go:40] Failed to load config from "f:\\campus-management-system\\dataconnect": could not find dataconnect.yaml in `f:\campus-management-system\dataconnect`
 {"metadata":{"emulator":{"name":"dataconnect"},"message":"E0217 23:29:12.903887   15704 watch.go:40] Failed to load config from \"f:\\\\campus-management-system\\\\dataconnect\": could not find dataconnect.yaml in `f:\\campus-management-system\\dataconnect`\n"}}
[debug] [2026-02-17T15:29:22.903Z] E0217 23:29:22.903560   15704 watch.go:40] Failed to load config from "f:\\campus-management-system\\dataconnect": could not find dataconnect.yaml in `f:\campus-management-system\dataconnect`
 {"metadata":{"emulator":{"name":"dataconnect"},"message":"E0217 23:29:22.903560   15704 watch.go:40] Failed to load config from \"f:\\\\campus-management-system\\\\dataconnect\": could not find dataconnect.yaml in `f:\\campus-management-system\\dataconnect`\n"}}
[debug] [2026-02-17T15:29:32.903Z] E0217 23:29:32.903543   15704 watch.go:40] Failed to load config from "f:\\campus-management-system\\dataconnect": could not find dataconnect.yaml in `f:\campus-management-system\dataconnect`
 {"metadata":{"emulator":{"name":"dataconnect"},"message":"E0217 23:29:32.903543   15704 watch.go:40] Failed to load config from \"f:\\\\campus-management-system\\\\dataconnect\": could not find dataconnect.yaml in `f:\\campus-management-system\\dataconnect`\n"}}
[debug] [2026-02-17T15:29:42.903Z] E0217 23:29:42.903964   15704 watch.go:40] Failed to load config from "f:\\campus-management-system\\dataconnect": could not find dataconnect.yaml in `f:\campus-management-system\dataconnect`
 {"metadata":{"emulator":{"name":"dataconnect"},"message":"E0217 23:29:42.903964   15704 watch.go:40] Failed to load config from \"f:\\\\campus-management-system\\\\dataconnect\": could not find dataconnect.yaml in `f:\\campus-management-system\\dataconnect`\n"}}
[debug] [2026-02-17T15:29:52.903Z] E0217 23:29:52.903878   15704 watch.go:40] Failed to load config from "f:\\campus-management-system\\dataconnect": could not find dataconnect.yaml in `f:\campus-management-system\dataconnect`
 {"metadata":{"emulator":{"name":"dataconnect"},"message":"E0217 23:29:52.903878   15704 watch.go:40] Failed to load config from \"f:\\\\campus-management-system\\\\dataconnect\": could not find dataconnect.yaml in `f:\\campus-management-system\\dataconnect`\n"}}
[debug] [2026-02-17T15:30:02.903Z] E0217 23:30:02.903640   15704 watch.go:116] watchAllDir unable to walk dir `f:\campus-management-system\dataconnect`: CreateFile f:\campus-management-system\dataconnect: The system cannot find the file specified.
E0217 23:30:02.903640   15704 watch.go:40] Failed to load config from "f:\\campus-management-system\\dataconnect": could not find dataconnect.yaml in `f:\campus-management-system\dataconnect`
 {"metadata":{"emulator":{"name":"dataconnect"},"message":"E0217 23:30:02.903640   15704 watch.go:116] watchAllDir unable to walk dir `f:\\campus-management-system\\dataconnect`: CreateFile f:\\campus-management-system\\dataconnect: The system cannot find the file specified.\nE0217 23:30:02.903640   15704 watch.go:40] Failed to load config from \"f:\\\\campus-management-system\\\\dataconnect\": could not find dataconnect.yaml in `f:\\campus-management-system\\dataconnect`\n"}}
[debug] [2026-02-17T15:30:12.903Z] E0217 23:30:12.903548   15704 watch.go:40] Failed to load config from "f:\\campus-management-system\\dataconnect": could not find dataconnect.yaml in `f:\campus-management-system\dataconnect`
 {"metadata":{"emulator":{"name":"dataconnect"},"message":"E0217 23:30:12.903548   15704 watch.go:40] Failed to load config from \"f:\\\\campus-management-system\\\\dataconnect\": could not find dataconnect.yaml in `f:\\campus-management-system\\dataconnect`\n"}}
[debug] [2026-02-17T15:30:22.903Z] E0217 23:30:22.903730   15704 watch.go:40] Failed to load config from "f:\\campus-management-system\\dataconnect": could not find dataconnect.yaml in `f:\campus-management-system\dataconnect`
 {"metadata":{"emulator":{"name":"dataconnect"},"message":"E0217 23:30:22.903730   15704 watch.go:40] Failed to load config from \"f:\\\\campus-management-system\\\\dataconnect\": could not find dataconnect.yaml in `f:\\campus-management-system\\dataconnect`\n"}}
[debug] [2026-02-17T15:30:32.903Z] E0217 23:30:32.903601   15704 watch.go:40] Failed to load config from "f:\\campus-management-system\\dataconnect": could not find dataconnect.yaml in `f:\campus-management-system\dataconnect`
 {"metadata":{"emulator":{"name":"dataconnect"},"message":"E0217 23:30:32.903601   15704 watch.go:40] Failed to load config from \"f:\\\\campus-management-system\\\\dataconnect\": could not find dataconnect.yaml in `f:\\campus-management-system\\dataconnect`\n"}}
[debug] [2026-02-17T15:30:42.904Z] E0217 23:30:42.904022   15704 watch.go:40] Failed to load config from "f:\\campus-management-system\\dataconnect": could not find dataconnect.yaml in `f:\campus-management-system\dataconnect`
 {"metadata":{"emulator":{"name":"dataconnect"},"message":"E0217 23:30:42.904022   15704 watch.go:40] Failed to load config from \"f:\\\\campus-management-system\\\\dataconnect\": could not find dataconnect.yaml in `f:\\campus-management-system\\dataconnect`\n"}}
[debug] [2026-02-17T15:30:52.903Z] E0217 23:30:52.903605   15704 watch.go:40] Failed to load config from "f:\\campus-management-system\\dataconnect": could not find dataconnect.yaml in `f:\campus-management-system\dataconnect`
 {"metadata":{"emulator":{"name":"dataconnect"},"message":"E0217 23:30:52.903605   15704 watch.go:40] Failed to load config from \"f:\\\\campus-management-system\\\\dataconnect\": could not find dataconnect.yaml in `f:\\campus-management-system\\dataconnect`\n"}}
[debug] [2026-02-17T15:31:02.903Z] E0217 23:31:02.903808   15704 watch.go:116] watchAllDir unable to walk dir `f:\campus-management-system\dataconnect`: CreateFile f:\campus-management-system\dataconnect: The system cannot find the file specified.
E0217 23:31:02.903808   15704 watch.go:40] Failed to load config from "f:\\campus-management-system\\dataconnect": could not find dataconnect.yaml in `f:\campus-management-system\dataconnect`
 {"metadata":{"emulator":{"name":"dataconnect"},"message":"E0217 23:31:02.903808   15704 watch.go:116] watchAllDir unable to walk dir `f:\\campus-management-system\\dataconnect`: CreateFile f:\\campus-management-system\\dataconnect: The system cannot find the file specified.\nE0217 23:31:02.903808   15704 watch.go:40] Failed to load config from \"f:\\\\campus-management-system\\\\dataconnect\": could not find dataconnect.yaml in `f:\\campus-management-system\\dataconnect`\n"}}
[debug] [2026-02-17T15:31:12.903Z] E0217 23:31:12.903689   15704 watch.go:40] Failed to load config from "f:\\campus-management-system\\dataconnect": could not find dataconnect.yaml in `f:\campus-management-system\dataconnect`
 {"metadata":{"emulator":{"name":"dataconnect"},"message":"E0217 23:31:12.903689   15704 watch.go:40] Failed to load config from \"f:\\\\campus-management-system\\\\dataconnect\": could not find dataconnect.yaml in `f:\\campus-management-system\\dataconnect`\n"}}
[debug] [2026-02-17T15:31:22.903Z] E0217 23:31:22.903551   15704 watch.go:40] Failed to load config from "f:\\campus-management-system\\dataconnect": could not find dataconnect.yaml in `f:\campus-management-system\dataconnect`
 {"metadata":{"emulator":{"name":"dataconnect"},"message":"E0217 23:31:22.903551   15704 watch.go:40] Failed to load config from \"f:\\\\campus-management-system\\\\dataconnect\": could not find dataconnect.yaml in `f:\\campus-management-system\\dataconnect`\n"}}
[debug] [2026-02-17T15:31:32.903Z] E0217 23:31:32.903866   15704 watch.go:40] Failed to load config from "f:\\campus-management-system\\dataconnect": could not find dataconnect.yaml in `f:\campus-management-system\dataconnect`
 {"metadata":{"emulator":{"name":"dataconnect"},"message":"E0217 23:31:32.903866   15704 watch.go:40] Failed to load config from \"f:\\\\campus-management-system\\\\dataconnect\": could not find dataconnect.yaml in `f:\\campus-management-system\\dataconnect`\n"}}
[debug] [2026-02-17T15:31:42.903Z] E0217 23:31:42.903549   15704 watch.go:40] Failed to load config from "f:\\campus-management-system\\dataconnect": could not find dataconnect.yaml in `f:\campus-management-system\dataconnect`
 {"metadata":{"emulator":{"name":"dataconnect"},"message":"E0217 23:31:42.903549   15704 watch.go:40] Failed to load config from \"f:\\\\campus-management-system\\\\dataconnect\": could not find dataconnect.yaml in `f:\\campus-management-system\\dataconnect`\n"}}
[debug] [2026-02-17T15:31:52.903Z] E0217 23:31:52.903624   15704 watch.go:40] Failed to load config from "f:\\campus-management-system\\dataconnect": could not find dataconnect.yaml in `f:\campus-management-system\dataconnect`
 {"metadata":{"emulator":{"name":"dataconnect"},"message":"E0217 23:31:52.903624   15704 watch.go:40] Failed to load config from \"f:\\\\campus-management-system\\\\dataconnect\": could not find dataconnect.yaml in `f:\\campus-management-system\\dataconnect`\n"}}
[debug] [2026-02-17T15:32:02.903Z] E0217 23:32:02.903540   15704 watch.go:116] watchAllDir unable to walk dir `f:\campus-management-system\dataconnect`: CreateFile f:\campus-management-system\dataconnect: The system cannot find the file specified.
 {"metadata":{"emulator":{"name":"dataconnect"},"message":"E0217 23:32:02.903540   15704 watch.go:116] watchAllDir unable to walk dir `f:\\campus-management-system\\dataconnect`: CreateFile f:\\campus-management-system\\dataconnect: The system cannot find the file specified.\n"}}
[debug] [2026-02-17T15:32:02.903Z] E0217 23:32:02.903540   15704 watch.go:40] Failed to load config from "f:\\campus-management-system\\dataconnect": could not find dataconnect.yaml in `f:\campus-management-system\dataconnect`
 {"metadata":{"emulator":{"name":"dataconnect"},"message":"E0217 23:32:02.903540   15704 watch.go:40] Failed to load config from \"f:\\\\campus-management-system\\\\dataconnect\": could not find dataconnect.yaml in `f:\\campus-management-system\\dataconnect`\n"}}
[debug] [2026-02-17T15:32:12.904Z] E0217 23:32:12.903938   15704 watch.go:40] Failed to load config from "f:\\campus-management-system\\dataconnect": could not find dataconnect.yaml in `f:\campus-management-system\dataconnect`
 {"metadata":{"emulator":{"name":"dataconnect"},"message":"E0217 23:32:12.903938   15704 watch.go:40] Failed to load config from \"f:\\\\campus-management-system\\\\dataconnect\": could not find dataconnect.yaml in `f:\\campus-management-system\\dataconnect`\n"}}
[debug] [2026-02-17T15:32:22.903Z] E0217 23:32:22.903973   15704 watch.go:40] Failed to load config from "f:\\campus-management-system\\dataconnect": could not find dataconnect.yaml in `f:\campus-management-system\dataconnect`
 {"metadata":{"emulator":{"name":"dataconnect"},"message":"E0217 23:32:22.903973   15704 watch.go:40] Failed to load config from \"f:\\\\campus-management-system\\\\dataconnect\": could not find dataconnect.yaml in `f:\\campus-management-system\\dataconnect`\n"}}
[debug] [2026-02-17T15:32:32.903Z] E0217 23:32:32.903868   15704 watch.go:40] Failed to load config from "f:\\campus-management-system\\dataconnect": could not find dataconnect.yaml in `f:\campus-management-system\dataconnect`
 {"metadata":{"emulator":{"name":"dataconnect"},"message":"E0217 23:32:32.903868   15704 watch.go:40] Failed to load config from \"f:\\\\campus-management-system\\\\dataconnect\": could not find dataconnect.yaml in `f:\\campus-management-system\\dataconnect`\n"}}
[debug] [2026-02-17T15:32:42.903Z] E0217 23:32:42.903878   15704 watch.go:40] Failed to load config from "f:\\campus-management-system\\dataconnect": could not find dataconnect.yaml in `f:\campus-management-system\dataconnect`
 {"metadata":{"emulator":{"name":"dataconnect"},"message":"E0217 23:32:42.903878   15704 watch.go:40] Failed to load config from \"f:\\\\campus-management-system\\\\dataconnect\": could not find dataconnect.yaml in `f:\\campus-management-system\\dataconnect`\n"}}
[debug] [2026-02-17T15:32:52.903Z] E0217 23:32:52.903562   15704 watch.go:40] Failed to load config from "f:\\campus-management-system\\dataconnect": could not find dataconnect.yaml in `f:\campus-management-system\dataconnect`
 {"metadata":{"emulator":{"name":"dataconnect"},"message":"E0217 23:32:52.903562   15704 watch.go:40] Failed to load config from \"f:\\\\campus-management-system\\\\dataconnect\": could not find dataconnect.yaml in `f:\\campus-management-system\\dataconnect`\n"}}
[debug] [2026-02-17T15:33:02.904Z] E0217 23:33:02.903780   15704 watch.go:116] watchAllDir unable to walk dir `f:\campus-management-system\dataconnect`: CreateFile f:\campus-management-system\dataconnect: The system cannot find the file specified.
E0217 23:33:02.903780   15704 watch.go:40] Failed to load config from "f:\\campus-management-system\\dataconnect": could not find dataconnect.yaml in `f:\campus-management-system\dataconnect`
 {"metadata":{"emulator":{"name":"dataconnect"},"message":"E0217 23:33:02.903780   15704 watch.go:116] watchAllDir unable to walk dir `f:\\campus-management-system\\dataconnect`: CreateFile f:\\campus-management-system\\dataconnect: The system cannot find the file specified.\nE0217 23:33:02.903780   15704 watch.go:40] Failed to load config from \"f:\\\\campus-management-system\\\\dataconnect\": could not find dataconnect.yaml in `f:\\campus-management-system\\dataconnect`\n"}}
[debug] [2026-02-17T15:33:12.904Z] E0217 23:33:12.904022   15704 watch.go:40] Failed to load config from "f:\\campus-management-system\\dataconnect": could not find dataconnect.yaml in `f:\campus-management-system\dataconnect`
 {"metadata":{"emulator":{"name":"dataconnect"},"message":"E0217 23:33:12.904022   15704 watch.go:40] Failed to load config from \"f:\\\\campus-management-system\\\\dataconnect\": could not find dataconnect.yaml in `f:\\campus-management-system\\dataconnect`\n"}}
[debug] [2026-02-17T15:33:22.904Z] E0217 23:33:22.904013   15704 watch.go:40] Failed to load config from "f:\\campus-management-system\\dataconnect": could not find dataconnect.yaml in `f:\campus-management-system\dataconnect`
 {"metadata":{"emulator":{"name":"dataconnect"},"message":"E0217 23:33:22.904013   15704 watch.go:40] Failed to load config from \"f:\\\\campus-management-system\\\\dataconnect\": could not find dataconnect.yaml in `f:\\campus-management-system\\dataconnect`\n"}}
[debug] [2026-02-17T15:33:32.903Z] E0217 23:33:32.903804   15704 watch.go:40] Failed to load config from "f:\\campus-management-system\\dataconnect": could not find dataconnect.yaml in `f:\campus-management-system\dataconnect`
 {"metadata":{"emulator":{"name":"dataconnect"},"message":"E0217 23:33:32.903804   15704 watch.go:40] Failed to load config from \"f:\\\\campus-management-system\\\\dataconnect\": could not find dataconnect.yaml in `f:\\campus-management-system\\dataconnect`\n"}}
[debug] [2026-02-17T15:33:42.904Z] E0217 23:33:42.903859   15704 watch.go:40] Failed to load config from "f:\\campus-management-system\\dataconnect": could not find dataconnect.yaml in `f:\campus-management-system\dataconnect`
 {"metadata":{"emulator":{"name":"dataconnect"},"message":"E0217 23:33:42.903859   15704 watch.go:40] Failed to load config from \"f:\\\\campus-management-system\\\\dataconnect\": could not find dataconnect.yaml in `f:\\campus-management-system\\dataconnect`\n"}}
[debug] [2026-02-17T15:33:52.903Z] E0217 23:33:52.903989   15704 watch.go:40] Failed to load config from "f:\\campus-management-system\\dataconnect": could not find dataconnect.yaml in `f:\campus-management-system\dataconnect`
 {"metadata":{"emulator":{"name":"dataconnect"},"message":"E0217 23:33:52.903989   15704 watch.go:40] Failed to load config from \"f:\\\\campus-management-system\\\\dataconnect\": could not find dataconnect.yaml in `f:\\campus-management-system\\dataconnect`\n"}}
[debug] [2026-02-17T15:34:02.903Z] E0217 23:34:02.903877   15704 watch.go:116] watchAllDir unable to walk dir `f:\campus-management-system\dataconnect`: CreateFile f:\campus-management-system\dataconnect: The system cannot find the file specified.
E0217 23:34:02.903877   15704 watch.go:40] Failed to load config from "f:\\campus-management-system\\dataconnect": could not find dataconnect.yaml in `f:\campus-management-system\dataconnect`
 {"metadata":{"emulator":{"name":"dataconnect"},"message":"E0217 23:34:02.903877   15704 watch.go:116] watchAllDir unable to walk dir `f:\\campus-management-system\\dataconnect`: CreateFile f:\\campus-management-system\\dataconnect: The system cannot find the file specified.\nE0217 23:34:02.903877   15704 watch.go:40] Failed to load config from \"f:\\\\campus-management-system\\\\dataconnect\": could not find dataconnect.yaml in `f:\\campus-management-system\\dataconnect`\n"}}
[debug] [2026-02-17T15:34:12.903Z] E0217 23:34:12.903722   15704 watch.go:40] Failed to load config from "f:\\campus-management-system\\dataconnect": could not find dataconnect.yaml in `f:\campus-management-system\dataconnect`
 {"metadata":{"emulator":{"name":"dataconnect"},"message":"E0217 23:34:12.903722   15704 watch.go:40] Failed to load config from \"f:\\\\campus-management-system\\\\dataconnect\": could not find dataconnect.yaml in `f:\\campus-management-system\\dataconnect`\n"}}
[debug] [2026-02-17T15:34:22.903Z] E0217 23:34:22.903617   15704 watch.go:40] Failed to load config from "f:\\campus-management-system\\dataconnect": could not find dataconnect.yaml in `f:\campus-management-system\dataconnect`
 {"metadata":{"emulator":{"name":"dataconnect"},"message":"E0217 23:34:22.903617   15704 watch.go:40] Failed to load config from \"f:\\\\campus-management-system\\\\dataconnect\": could not find dataconnect.yaml in `f:\\campus-management-system\\dataconnect`\n"}}
[debug] [2026-02-17T15:34:32.903Z] E0217 23:34:32.903944   15704 watch.go:40] Failed to load config from "f:\\campus-management-system\\dataconnect": could not find dataconnect.yaml in `f:\campus-management-system\dataconnect`
 {"metadata":{"emulator":{"name":"dataconnect"},"message":"E0217 23:34:32.903944   15704 watch.go:40] Failed to load config from \"f:\\\\campus-management-system\\\\dataconnect\": could not find dataconnect.yaml in `f:\\campus-management-system\\dataconnect`\n"}}
[debug] [2026-02-17T15:34:42.903Z] E0217 23:34:42.903935   15704 watch.go:40] Failed to load config from "f:\\campus-management-system\\dataconnect": could not find dataconnect.yaml in `f:\campus-management-system\dataconnect`
 {"metadata":{"emulator":{"name":"dataconnect"},"message":"E0217 23:34:42.903935   15704 watch.go:40] Failed to load config from \"f:\\\\campus-management-system\\\\dataconnect\": could not find dataconnect.yaml in `f:\\campus-management-system\\dataconnect`\n"}}
[debug] [2026-02-17T15:34:52.903Z] E0217 23:34:52.903681   15704 watch.go:40] Failed to load config from "f:\\campus-management-system\\dataconnect": could not find dataconnect.yaml in `f:\campus-management-system\dataconnect`
 {"metadata":{"emulator":{"name":"dataconnect"},"message":"E0217 23:34:52.903681   15704 watch.go:40] Failed to load config from \"f:\\\\campus-management-system\\\\dataconnect\": could not find dataconnect.yaml in `f:\\campus-management-system\\dataconnect`\n"}}
[debug] [2026-02-17T15:35:02.903Z] E0217 23:35:02.903553   15704 watch.go:116] watchAllDir unable to walk dir `f:\campus-management-system\dataconnect`: CreateFile f:\campus-management-system\dataconnect: The system cannot find the file specified.
E0217 23:35:02.903553   15704 watch.go:40] Failed to load config from "f:\\campus-management-system\\dataconnect": could not find dataconnect.yaml in `f:\campus-management-system\dataconnect`
 {"metadata":{"emulator":{"name":"dataconnect"},"message":"E0217 23:35:02.903553   15704 watch.go:116] watchAllDir unable to walk dir `f:\\campus-management-system\\dataconnect`: CreateFile f:\\campus-management-system\\dataconnect: The system cannot find the file specified.\nE0217 23:35:02.903553   15704 watch.go:40] Failed to load config from \"f:\\\\campus-management-system\\\\dataconnect\": could not find dataconnect.yaml in `f:\\campus-management-system\\dataconnect`\n"}}
[debug] [2026-02-17T15:35:12.903Z] E0217 23:35:12.903804   15704 watch.go:40] Failed to load config from "f:\\campus-management-system\\dataconnect": could not find dataconnect.yaml in `f:\campus-management-system\dataconnect`
 {"metadata":{"emulator":{"name":"dataconnect"},"message":"E0217 23:35:12.903804   15704 watch.go:40] Failed to load config from \"f:\\\\campus-management-system\\\\dataconnect\": could not find dataconnect.yaml in `f:\\campus-management-system\\dataconnect`\n"}}
[debug] [2026-02-17T15:35:22.903Z] E0217 23:35:22.903545   15704 watch.go:40] Failed to load config from "f:\\campus-management-system\\dataconnect": could not find dataconnect.yaml in `f:\campus-management-system\dataconnect`
 {"metadata":{"emulator":{"name":"dataconnect"},"message":"E0217 23:35:22.903545   15704 watch.go:40] Failed to load config from \"f:\\\\campus-management-system\\\\dataconnect\": could not find dataconnect.yaml in `f:\\campus-management-system\\dataconnect`\n"}}
[debug] [2026-02-17T15:35:32.903Z] E0217 23:35:32.903545   15704 watch.go:40] Failed to load config from "f:\\campus-management-system\\dataconnect": could not find dataconnect.yaml in `f:\campus-management-system\dataconnect`
 {"metadata":{"emulator":{"name":"dataconnect"},"message":"E0217 23:35:32.903545   15704 watch.go:40] Failed to load config from \"f:\\\\campus-management-system\\\\dataconnect\": could not find dataconnect.yaml in `f:\\campus-management-system\\dataconnect`\n"}}
[debug] [2026-02-17T15:35:42.903Z] E0217 23:35:42.903833   15704 watch.go:40] Failed to load config from "f:\\campus-management-system\\dataconnect": could not find dataconnect.yaml in `f:\campus-management-system\dataconnect`
 {"metadata":{"emulator":{"name":"dataconnect"},"message":"E0217 23:35:42.903833   15704 watch.go:40] Failed to load config from \"f:\\\\campus-management-system\\\\dataconnect\": could not find dataconnect.yaml in `f:\\campus-management-system\\dataconnect`\n"}}
[debug] [2026-02-17T15:35:52.903Z] E0217 23:35:52.903553   15704 watch.go:40] Failed to load config from "f:\\campus-management-system\\dataconnect": could not find dataconnect.yaml in `f:\campus-management-system\dataconnect`
 {"metadata":{"emulator":{"name":"dataconnect"},"message":"E0217 23:35:52.903553   15704 watch.go:40] Failed to load config from \"f:\\\\campus-management-system\\\\dataconnect\": could not find dataconnect.yaml in `f:\\campus-management-system\\dataconnect`\n"}}
[debug] [2026-02-17T15:36:02.903Z] E0217 23:36:02.903554   15704 watch.go:116] watchAllDir unable to walk dir `f:\campus-management-system\dataconnect`: CreateFile f:\campus-management-system\dataconnect: The system cannot find the file specified.
E0217 23:36:02.903554   15704 watch.go:40] Failed to load config from "f:\\campus-management-system\\dataconnect": could not find dataconnect.yaml in `f:\campus-management-system\dataconnect`
 {"metadata":{"emulator":{"name":"dataconnect"},"message":"E0217 23:36:02.903554   15704 watch.go:116] watchAllDir unable to walk dir `f:\\campus-management-system\\dataconnect`: CreateFile f:\\campus-management-system\\dataconnect: The system cannot find the file specified.\nE0217 23:36:02.903554   15704 watch.go:40] Failed to load config from \"f:\\\\campus-management-system\\\\dataconnect\": could not find dataconnect.yaml in `f:\\campus-management-system\\dataconnect`\n"}}
[debug] [2026-02-17T15:36:12.903Z] E0217 23:36:12.903698   15704 watch.go:40] Failed to load config from "f:\\campus-management-system\\dataconnect": could not find dataconnect.yaml in `f:\campus-management-system\dataconnect`
 {"metadata":{"emulator":{"name":"dataconnect"},"message":"E0217 23:36:12.903698   15704 watch.go:40] Failed to load config from \"f:\\\\campus-management-system\\\\dataconnect\": could not find dataconnect.yaml in `f:\\campus-management-system\\dataconnect`\n"}}
[debug] [2026-02-17T15:36:22.903Z] E0217 23:36:22.903702   15704 watch.go:40] Failed to load config from "f:\\campus-management-system\\dataconnect": could not find dataconnect.yaml in `f:\campus-management-system\dataconnect`
 {"metadata":{"emulator":{"name":"dataconnect"},"message":"E0217 23:36:22.903702   15704 watch.go:40] Failed to load config from \"f:\\\\campus-management-system\\\\dataconnect\": could not find dataconnect.yaml in `f:\\campus-management-system\\dataconnect`\n"}}
[debug] [2026-02-17T15:36:32.903Z] E0217 23:36:32.903737   15704 watch.go:40] Failed to load config from "f:\\campus-management-system\\dataconnect": could not find dataconnect.yaml in `f:\campus-management-system\dataconnect`
 {"metadata":{"emulator":{"name":"dataconnect"},"message":"E0217 23:36:32.903737   15704 watch.go:40] Failed to load config from \"f:\\\\campus-management-system\\\\dataconnect\": could not find dataconnect.yaml in `f:\\campus-management-system\\dataconnect`\n"}}
[debug] [2026-02-17T15:36:42.903Z] E0217 23:36:42.903854   15704 watch.go:40] Failed to load config from "f:\\campus-management-system\\dataconnect": could not find dataconnect.yaml in `f:\campus-management-system\dataconnect`
 {"metadata":{"emulator":{"name":"dataconnect"},"message":"E0217 23:36:42.903854   15704 watch.go:40] Failed to load config from \"f:\\\\campus-management-system\\\\dataconnect\": could not find dataconnect.yaml in `f:\\campus-management-system\\dataconnect`\n"}}
[debug] [2026-02-17T15:36:52.903Z] E0217 23:36:52.903552   15704 watch.go:40] Failed to load config from "f:\\campus-management-system\\dataconnect": could not find dataconnect.yaml in `f:\campus-management-system\dataconnect`
 {"metadata":{"emulator":{"name":"dataconnect"},"message":"E0217 23:36:52.903552   15704 watch.go:40] Failed to load config from \"f:\\\\campus-management-system\\\\dataconnect\": could not find dataconnect.yaml in `f:\\campus-management-system\\dataconnect`\n"}}
[debug] [2026-02-17T15:37:02.903Z] E0217 23:37:02.903726   15704 watch.go:116] watchAllDir unable to walk dir `f:\campus-management-system\dataconnect`: CreateFile f:\campus-management-system\dataconnect: The system cannot find the file specified.
E0217 23:37:02.903726   15704 watch.go:40] Failed to load config from "f:\\campus-management-system\\dataconnect": could not find dataconnect.yaml in `f:\campus-management-system\dataconnect`
 {"metadata":{"emulator":{"name":"dataconnect"},"message":"E0217 23:37:02.903726   15704 watch.go:116] watchAllDir unable to walk dir `f:\\campus-management-system\\dataconnect`: CreateFile f:\\campus-management-system\\dataconnect: The system cannot find the file specified.\nE0217 23:37:02.903726   15704 watch.go:40] Failed to load config from \"f:\\\\campus-management-system\\\\dataconnect\": could not find dataconnect.yaml in `f:\\campus-management-system\\dataconnect`\n"}}
[debug] [2026-02-17T15:37:12.904Z] E0217 23:37:12.903995   15704 watch.go:40] Failed to load config from "f:\\campus-management-system\\dataconnect": could not find dataconnect.yaml in `f:\campus-management-system\dataconnect`
 {"metadata":{"emulator":{"name":"dataconnect"},"message":"E0217 23:37:12.903995   15704 watch.go:40] Failed to load config from \"f:\\\\campus-management-system\\\\dataconnect\": could not find dataconnect.yaml in `f:\\campus-management-system\\dataconnect`\n"}}
[debug] [2026-02-17T15:37:22.903Z] E0217 23:37:22.903558   15704 watch.go:40] Failed to load config from "f:\\campus-management-system\\dataconnect": could not find dataconnect.yaml in `f:\campus-management-system\dataconnect`
 {"metadata":{"emulator":{"name":"dataconnect"},"message":"E0217 23:37:22.903558   15704 watch.go:40] Failed to load config from \"f:\\\\campus-management-system\\\\dataconnect\": could not find dataconnect.yaml in `f:\\campus-management-system\\dataconnect`\n"}}
[debug] [2026-02-17T15:37:32.903Z] E0217 23:37:32.903544   15704 watch.go:40] Failed to load config from "f:\\campus-management-system\\dataconnect": could not find dataconnect.yaml in `f:\campus-management-system\dataconnect`
 {"metadata":{"emulator":{"name":"dataconnect"},"message":"E0217 23:37:32.903544   15704 watch.go:40] Failed to load config from \"f:\\\\campus-management-system\\\\dataconnect\": could not find dataconnect.yaml in `f:\\campus-management-system\\dataconnect`\n"}}
[debug] [2026-02-17T15:37:42.904Z] E0217 23:37:42.904033   15704 watch.go:40] Failed to load config from "f:\\campus-management-system\\dataconnect": could not find dataconnect.yaml in `f:\campus-management-system\dataconnect`
 {"metadata":{"emulator":{"name":"dataconnect"},"message":"E0217 23:37:42.904033   15704 watch.go:40] Failed to load config from \"f:\\\\campus-management-system\\\\dataconnect\": could not find dataconnect.yaml in `f:\\campus-management-system\\dataconnect`\n"}}
[debug] [2026-02-17T15:37:52.904Z] E0217 23:37:52.904088   15704 watch.go:40] Failed to load config from "f:\\campus-management-system\\dataconnect": could not find dataconnect.yaml in `f:\campus-management-system\dataconnect`
 {"metadata":{"emulator":{"name":"dataconnect"},"message":"E0217 23:37:52.904088   15704 watch.go:40] Failed to load config from \"f:\\\\campus-management-system\\\\dataconnect\": could not find dataconnect.yaml in `f:\\campus-management-system\\dataconnect`\n"}}
[debug] [2026-02-17T15:38:02.903Z] E0217 23:38:02.903540   15704 watch.go:116] watchAllDir unable to walk dir `f:\campus-management-system\dataconnect`: CreateFile f:\campus-management-system\dataconnect: The system cannot find the file specified.
E0217 23:38:02.903540   15704 watch.go:40] Failed to load config from "f:\\campus-management-system\\dataconnect": could not find dataconnect.yaml in `f:\campus-management-system\dataconnect`
 {"metadata":{"emulator":{"name":"dataconnect"},"message":"E0217 23:38:02.903540   15704 watch.go:116] watchAllDir unable to walk dir `f:\\campus-management-system\\dataconnect`: CreateFile f:\\campus-management-system\\dataconnect: The system cannot find the file specified.\nE0217 23:38:02.903540   15704 watch.go:40] Failed to load config from \"f:\\\\campus-management-system\\\\dataconnect\": could not find dataconnect.yaml in `f:\\campus-management-system\\dataconnect`\n"}}
[debug] [2026-02-17T15:38:12.903Z] E0217 23:38:12.903541   15704 watch.go:40] Failed to load config from "f:\\campus-management-system\\dataconnect": could not find dataconnect.yaml in `f:\campus-management-system\dataconnect`
 {"metadata":{"emulator":{"name":"dataconnect"},"message":"E0217 23:38:12.903541   15704 watch.go:40] Failed to load config from \"f:\\\\campus-management-system\\\\dataconnect\": could not find dataconnect.yaml in `f:\\campus-management-system\\dataconnect`\n"}}
[debug] [2026-02-17T15:38:22.904Z] E0217 23:38:22.904055   15704 watch.go:40] Failed to load config from "f:\\campus-management-system\\dataconnect": could not find dataconnect.yaml in `f:\campus-management-system\dataconnect`
 {"metadata":{"emulator":{"name":"dataconnect"},"message":"E0217 23:38:22.904055   15704 watch.go:40] Failed to load config from \"f:\\\\campus-management-system\\\\dataconnect\": could not find dataconnect.yaml in `f:\\campus-management-system\\dataconnect`\n"}}
[debug] [2026-02-17T15:38:32.904Z] E0217 23:38:32.904080   15704 watch.go:40] Failed to load config from "f:\\campus-management-system\\dataconnect": could not find dataconnect.yaml in `f:\campus-management-system\dataconnect`
 {"metadata":{"emulator":{"name":"dataconnect"},"message":"E0217 23:38:32.904080   15704 watch.go:40] Failed to load config from \"f:\\\\campus-management-system\\\\dataconnect\": could not find dataconnect.yaml in `f:\\campus-management-system\\dataconnect`\n"}}
[debug] [2026-02-17T15:38:42.904Z] E0217 23:38:42.904002   15704 watch.go:40] Failed to load config from "f:\\campus-management-system\\dataconnect": could not find dataconnect.yaml in `f:\campus-management-system\dataconnect`
 {"metadata":{"emulator":{"name":"dataconnect"},"message":"E0217 23:38:42.904002   15704 watch.go:40] Failed to load config from \"f:\\\\campus-management-system\\\\dataconnect\": could not find dataconnect.yaml in `f:\\campus-management-system\\dataconnect`\n"}}
[debug] [2026-02-17T15:38:52.903Z] E0217 23:38:52.903649   15704 watch.go:40] Failed to load config from "f:\\campus-management-system\\dataconnect": could not find dataconnect.yaml in `f:\campus-management-system\dataconnect`
 {"metadata":{"emulator":{"name":"dataconnect"},"message":"E0217 23:38:52.903649   15704 watch.go:40] Failed to load config from \"f:\\\\campus-management-system\\\\dataconnect\": could not find dataconnect.yaml in `f:\\campus-management-system\\dataconnect`\n"}}
[debug] [2026-02-17T15:39:02.904Z] E0217 23:39:02.904036   15704 watch.go:116] watchAllDir unable to walk dir `f:\campus-management-system\dataconnect`: CreateFile f:\campus-management-system\dataconnect: The system cannot find the file specified.
E0217 23:39:02.904036   15704 watch.go:40] Failed to load config from "f:\\campus-management-system\\dataconnect": could not find dataconnect.yaml in `f:\campus-management-system\dataconnect`
 {"metadata":{"emulator":{"name":"dataconnect"},"message":"E0217 23:39:02.904036   15704 watch.go:116] watchAllDir unable to walk dir `f:\\campus-management-system\\dataconnect`: CreateFile f:\\campus-management-system\\dataconnect: The system cannot find the file specified.\nE0217 23:39:02.904036   15704 watch.go:40] Failed to load config from \"f:\\\\campus-management-system\\\\dataconnect\": could not find dataconnect.yaml in `f:\\campus-management-system\\dataconnect`\n"}}
[debug] [2026-02-17T15:39:12.904Z] E0217 23:39:12.904181   15704 watch.go:40] Failed to load config from "f:\\campus-management-system\\dataconnect": could not find dataconnect.yaml in `f:\campus-management-system\dataconnect`
 {"metadata":{"emulator":{"name":"dataconnect"},"message":"E0217 23:39:12.904181   15704 watch.go:40] Failed to load config from \"f:\\\\campus-management-system\\\\dataconnect\": could not find dataconnect.yaml in `f:\\campus-management-system\\dataconnect`\n"}}
[debug] [2026-02-17T15:39:22.903Z] E0217 23:39:22.903770   15704 watch.go:40] Failed to load config from "f:\\campus-management-system\\dataconnect": could not find dataconnect.yaml in `f:\campus-management-system\dataconnect`
 {"metadata":{"emulator":{"name":"dataconnect"},"message":"E0217 23:39:22.903770   15704 watch.go:40] Failed to load config from \"f:\\\\campus-management-system\\\\dataconnect\": could not find dataconnect.yaml in `f:\\campus-management-system\\dataconnect`\n"}}
[debug] [2026-02-17T15:39:32.903Z] E0217 23:39:32.903691   15704 watch.go:40] Failed to load config from "f:\\campus-management-system\\dataconnect": could not find dataconnect.yaml in `f:\campus-management-system\dataconnect`
 {"metadata":{"emulator":{"name":"dataconnect"},"message":"E0217 23:39:32.903691   15704 watch.go:40] Failed to load config from \"f:\\\\campus-management-system\\\\dataconnect\": could not find dataconnect.yaml in `f:\\campus-management-system\\dataconnect`\n"}}
[debug] [2026-02-17T15:39:42.904Z] E0217 23:39:42.903987   15704 watch.go:40] Failed to load config from "f:\\campus-management-system\\dataconnect": could not find dataconnect.yaml in `f:\campus-management-system\dataconnect`
 {"metadata":{"emulator":{"name":"dataconnect"},"message":"E0217 23:39:42.903987   15704 watch.go:40] Failed to load config from \"f:\\\\campus-management-system\\\\dataconnect\": could not find dataconnect.yaml in `f:\\campus-management-system\\dataconnect`\n"}}
[debug] [2026-02-17T15:39:52.903Z] E0217 23:39:52.903539   15704 watch.go:40] Failed to load config from "f:\\campus-management-system\\dataconnect": could not find dataconnect.yaml in `f:\campus-management-system\dataconnect`
 {"metadata":{"emulator":{"name":"dataconnect"},"message":"E0217 23:39:52.903539   15704 watch.go:40] Failed to load config from \"f:\\\\campus-management-system\\\\dataconnect\": could not find dataconnect.yaml in `f:\\campus-management-system\\dataconnect`\n"}}
[debug] [2026-02-17T15:40:02.903Z] E0217 23:40:02.903777   15704 watch.go:116] watchAllDir unable to walk dir `f:\campus-management-system\dataconnect`: CreateFile f:\campus-management-system\dataconnect: The system cannot find the file specified.
E0217 23:40:02.903777   15704 watch.go:40] Failed to load config from "f:\\campus-management-system\\dataconnect": could not find dataconnect.yaml in `f:\campus-management-system\dataconnect`
 {"metadata":{"emulator":{"name":"dataconnect"},"message":"E0217 23:40:02.903777   15704 watch.go:116] watchAllDir unable to walk dir `f:\\campus-management-system\\dataconnect`: CreateFile f:\\campus-management-system\\dataconnect: The system cannot find the file specified.\nE0217 23:40:02.903777   15704 watch.go:40] Failed to load config from \"f:\\\\campus-management-system\\\\dataconnect\": could not find dataconnect.yaml in `f:\\campus-management-system\\dataconnect`\n"}}
[debug] [2026-02-17T15:40:12.903Z] E0217 23:40:12.903807   15704 watch.go:40] Failed to load config from "f:\\campus-management-system\\dataconnect": could not find dataconnect.yaml in `f:\campus-management-system\dataconnect`
 {"metadata":{"emulator":{"name":"dataconnect"},"message":"E0217 23:40:12.903807   15704 watch.go:40] Failed to load config from \"f:\\\\campus-management-system\\\\dataconnect\": could not find dataconnect.yaml in `f:\\campus-management-system\\dataconnect`\n"}}
[debug] [2026-02-17T15:40:22.903Z] E0217 23:40:22.903603   15704 watch.go:40] Failed to load config from "f:\\campus-management-system\\dataconnect": could not find dataconnect.yaml in `f:\campus-management-system\dataconnect`
 {"metadata":{"emulator":{"name":"dataconnect"},"message":"E0217 23:40:22.903603   15704 watch.go:40] Failed to load config from \"f:\\\\campus-management-system\\\\dataconnect\": could not find dataconnect.yaml in `f:\\campus-management-system\\dataconnect`\n"}}
[debug] [2026-02-17T15:40:32.904Z] E0217 23:40:32.904069   15704 watch.go:40] Failed to load config from "f:\\campus-management-system\\dataconnect": could not find dataconnect.yaml in `f:\campus-management-system\dataconnect`
 {"metadata":{"emulator":{"name":"dataconnect"},"message":"E0217 23:40:32.904069   15704 watch.go:40] Failed to load config from \"f:\\\\campus-management-system\\\\dataconnect\": could not find dataconnect.yaml in `f:\\campus-management-system\\dataconnect`\n"}}
[debug] [2026-02-17T15:40:42.903Z] E0217 23:40:42.903684   15704 watch.go:40] Failed to load config from "f:\\campus-management-system\\dataconnect": could not find dataconnect.yaml in `f:\campus-management-system\dataconnect`
 {"metadata":{"emulator":{"name":"dataconnect"},"message":"E0217 23:40:42.903684   15704 watch.go:40] Failed to load config from \"f:\\\\campus-management-system\\\\dataconnect\": could not find dataconnect.yaml in `f:\\campus-management-system\\dataconnect`\n"}}
[debug] [2026-02-17T15:40:52.903Z] E0217 23:40:52.903556   15704 watch.go:40] Failed to load config from "f:\\campus-management-system\\dataconnect": could not find dataconnect.yaml in `f:\campus-management-system\dataconnect`
 {"metadata":{"emulator":{"name":"dataconnect"},"message":"E0217 23:40:52.903556   15704 watch.go:40] Failed to load config from \"f:\\\\campus-management-system\\\\dataconnect\": could not find dataconnect.yaml in `f:\\campus-management-system\\dataconnect`\n"}}
[debug] [2026-02-17T15:41:02.903Z] E0217 23:41:02.903800   15704 watch.go:116] watchAllDir unable to walk dir `f:\campus-management-system\dataconnect`: CreateFile f:\campus-management-system\dataconnect: The system cannot find the file specified.
E0217 23:41:02.903800   15704 watch.go:40] Failed to load config from "f:\\campus-management-system\\dataconnect": could not find dataconnect.yaml in `f:\campus-management-system\dataconnect`
 {"metadata":{"emulator":{"name":"dataconnect"},"message":"E0217 23:41:02.903800   15704 watch.go:116] watchAllDir unable to walk dir `f:\\campus-management-system\\dataconnect`: CreateFile f:\\campus-management-system\\dataconnect: The system cannot find the file specified.\nE0217 23:41:02.903800   15704 watch.go:40] Failed to load config from \"f:\\\\campus-management-system\\\\dataconnect\": could not find dataconnect.yaml in `f:\\campus-management-system\\dataconnect`\n"}}
[debug] [2026-02-17T15:41:12.903Z] E0217 23:41:12.903549   15704 watch.go:40] Failed to load config from "f:\\campus-management-system\\dataconnect": could not find dataconnect.yaml in `f:\campus-management-system\dataconnect`
 {"metadata":{"emulator":{"name":"dataconnect"},"message":"E0217 23:41:12.903549   15704 watch.go:40] Failed to load config from \"f:\\\\campus-management-system\\\\dataconnect\": could not find dataconnect.yaml in `f:\\campus-management-system\\dataconnect`\n"}}
[debug] [2026-02-17T15:41:22.903Z] E0217 23:41:22.903565   15704 watch.go:40] Failed to load config from "f:\\campus-management-system\\dataconnect": could not find dataconnect.yaml in `f:\campus-management-system\dataconnect`
 {"metadata":{"emulator":{"name":"dataconnect"},"message":"E0217 23:41:22.903565   15704 watch.go:40] Failed to load config from \"f:\\\\campus-management-system\\\\dataconnect\": could not find dataconnect.yaml in `f:\\campus-management-system\\dataconnect`\n"}}
[debug] [2026-02-17T15:41:32.903Z] E0217 23:41:32.903580   15704 watch.go:40] Failed to load config from "f:\\campus-management-system\\dataconnect": could not find dataconnect.yaml in `f:\campus-management-system\dataconnect`
 {"metadata":{"emulator":{"name":"dataconnect"},"message":"E0217 23:41:32.903580   15704 watch.go:40] Failed to load config from \"f:\\\\campus-management-system\\\\dataconnect\": could not find dataconnect.yaml in `f:\\campus-management-system\\dataconnect`\n"}}
[debug] [2026-02-17T15:41:42.903Z] E0217 23:41:42.903682   15704 watch.go:40] Failed to load config from "f:\\campus-management-system\\dataconnect": could not find dataconnect.yaml in `f:\campus-management-system\dataconnect`
 {"metadata":{"emulator":{"name":"dataconnect"},"message":"E0217 23:41:42.903682   15704 watch.go:40] Failed to load config from \"f:\\\\campus-management-system\\\\dataconnect\": could not find dataconnect.yaml in `f:\\campus-management-system\\dataconnect`\n"}}
[debug] [2026-02-17T15:41:52.903Z] E0217 23:41:52.903542   15704 watch.go:40] Failed to load config from "f:\\campus-management-system\\dataconnect": could not find dataconnect.yaml in `f:\campus-management-system\dataconnect`
 {"metadata":{"emulator":{"name":"dataconnect"},"message":"E0217 23:41:52.903542   15704 watch.go:40] Failed to load config from \"f:\\\\campus-management-system\\\\dataconnect\": could not find dataconnect.yaml in `f:\\campus-management-system\\dataconnect`\n"}}
[debug] [2026-02-17T15:42:02.903Z] E0217 23:42:02.903546   15704 watch.go:116] watchAllDir unable to walk dir `f:\campus-management-system\dataconnect`: CreateFile f:\campus-management-system\dataconnect: The system cannot find the file specified.
E0217 23:42:02.903546   15704 watch.go:40] Failed to load config from "f:\\campus-management-system\\dataconnect": could not find dataconnect.yaml in `f:\campus-management-system\dataconnect`
 {"metadata":{"emulator":{"name":"dataconnect"},"message":"E0217 23:42:02.903546   15704 watch.go:116] watchAllDir unable to walk dir `f:\\campus-management-system\\dataconnect`: CreateFile f:\\campus-management-system\\dataconnect: The system cannot find the file specified.\nE0217 23:42:02.903546   15704 watch.go:40] Failed to load config from \"f:\\\\campus-management-system\\\\dataconnect\": could not find dataconnect.yaml in `f:\\campus-management-system\\dataconnect`\n"}}
[debug] [2026-02-17T15:42:12.903Z] E0217 23:42:12.903781   15704 watch.go:40] Failed to load config from "f:\\campus-management-system\\dataconnect": could not find dataconnect.yaml in `f:\campus-management-system\dataconnect`
 {"metadata":{"emulator":{"name":"dataconnect"},"message":"E0217 23:42:12.903781   15704 watch.go:40] Failed to load config from \"f:\\\\campus-management-system\\\\dataconnect\": could not find dataconnect.yaml in `f:\\campus-management-system\\dataconnect`\n"}}
[debug] [2026-02-17T15:42:22.903Z] E0217 23:42:22.903567   15704 watch.go:40] Failed to load config from "f:\\campus-management-system\\dataconnect": could not find dataconnect.yaml in `f:\campus-management-system\dataconnect`
 {"metadata":{"emulator":{"name":"dataconnect"},"message":"E0217 23:42:22.903567   15704 watch.go:40] Failed to load config from \"f:\\\\campus-management-system\\\\dataconnect\": could not find dataconnect.yaml in `f:\\campus-management-system\\dataconnect`\n"}}
[debug] [2026-02-17T15:42:32.903Z] E0217 23:42:32.903866   15704 watch.go:40] Failed to load config from "f:\\campus-management-system\\dataconnect": could not find dataconnect.yaml in `f:\campus-management-system\dataconnect`
 {"metadata":{"emulator":{"name":"dataconnect"},"message":"E0217 23:42:32.903866   15704 watch.go:40] Failed to load config from \"f:\\\\campus-management-system\\\\dataconnect\": could not find dataconnect.yaml in `f:\\campus-management-system\\dataconnect`\n"}}
[debug] [2026-02-17T15:42:42.903Z] E0217 23:42:42.903805   15704 watch.go:40] Failed to load config from "f:\\campus-management-system\\dataconnect": could not find dataconnect.yaml in `f:\campus-management-system\dataconnect`
 {"metadata":{"emulator":{"name":"dataconnect"},"message":"E0217 23:42:42.903805   15704 watch.go:40] Failed to load config from \"f:\\\\campus-management-system\\\\dataconnect\": could not find dataconnect.yaml in `f:\\campus-management-system\\dataconnect`\n"}}
[debug] [2026-02-17T15:42:52.903Z] E0217 23:42:52.903867   15704 watch.go:40] Failed to load config from "f:\\campus-management-system\\dataconnect": could not find dataconnect.yaml in `f:\campus-management-system\dataconnect`
 {"metadata":{"emulator":{"name":"dataconnect"},"message":"E0217 23:42:52.903867   15704 watch.go:40] Failed to load config from \"f:\\\\campus-management-system\\\\dataconnect\": could not find dataconnect.yaml in `f:\\campus-management-system\\dataconnect`\n"}}
[debug] [2026-02-17T15:43:02.903Z] E0217 23:43:02.903538   15704 watch.go:116] watchAllDir unable to walk dir `f:\campus-management-system\dataconnect`: CreateFile f:\campus-management-system\dataconnect: The system cannot find the file specified.
E0217 23:43:02.903538   15704 watch.go:40] Failed to load config from "f:\\campus-management-system\\dataconnect": could not find dataconnect.yaml in `f:\campus-management-system\dataconnect`
 {"metadata":{"emulator":{"name":"dataconnect"},"message":"E0217 23:43:02.903538   15704 watch.go:116] watchAllDir unable to walk dir `f:\\campus-management-system\\dataconnect`: CreateFile f:\\campus-management-system\\dataconnect: The system cannot find the file specified.\nE0217 23:43:02.903538   15704 watch.go:40] Failed to load config from \"f:\\\\campus-management-system\\\\dataconnect\": could not find dataconnect.yaml in `f:\\campus-management-system\\dataconnect`\n"}}
[debug] [2026-02-17T15:43:12.904Z] E0217 23:43:12.904019   15704 watch.go:40] Failed to load config from "f:\\campus-management-system\\dataconnect": could not find dataconnect.yaml in `f:\campus-management-system\dataconnect`
 {"metadata":{"emulator":{"name":"dataconnect"},"message":"E0217 23:43:12.904019   15704 watch.go:40] Failed to load config from \"f:\\\\campus-management-system\\\\dataconnect\": could not find dataconnect.yaml in `f:\\campus-management-system\\dataconnect`\n"}}
[debug] [2026-02-17T15:43:22.903Z] E0217 23:43:22.903856   15704 watch.go:40] Failed to load config from "f:\\campus-management-system\\dataconnect": could not find dataconnect.yaml in `f:\campus-management-system\dataconnect`
 {"metadata":{"emulator":{"name":"dataconnect"},"message":"E0217 23:43:22.903856   15704 watch.go:40] Failed to load config from \"f:\\\\campus-management-system\\\\dataconnect\": could not find dataconnect.yaml in `f:\\campus-management-system\\dataconnect`\n"}}
[debug] [2026-02-17T15:43:32.904Z] E0217 23:43:32.903986   15704 watch.go:40] Failed to load config from "f:\\campus-management-system\\dataconnect": could not find dataconnect.yaml in `f:\campus-management-system\dataconnect`
 {"metadata":{"emulator":{"name":"dataconnect"},"message":"E0217 23:43:32.903986   15704 watch.go:40] Failed to load config from \"f:\\\\campus-management-system\\\\dataconnect\": could not find dataconnect.yaml in `f:\\campus-management-system\\dataconnect`\n"}}
[debug] [2026-02-17T15:43:42.903Z] E0217 23:43:42.903799   15704 watch.go:40] Failed to load config from "f:\\campus-management-system\\dataconnect": could not find dataconnect.yaml in `f:\campus-management-system\dataconnect`
 {"metadata":{"emulator":{"name":"dataconnect"},"message":"E0217 23:43:42.903799   15704 watch.go:40] Failed to load config from \"f:\\\\campus-management-system\\\\dataconnect\": could not find dataconnect.yaml in `f:\\campus-management-system\\dataconnect`\n"}}
[debug] [2026-02-17T15:43:52.903Z] E0217 23:43:52.903655   15704 watch.go:40] Failed to load config from "f:\\campus-management-system\\dataconnect": could not find dataconnect.yaml in `f:\campus-management-system\dataconnect`
 {"metadata":{"emulator":{"name":"dataconnect"},"message":"E0217 23:43:52.903655   15704 watch.go:40] Failed to load config from \"f:\\\\campus-management-system\\\\dataconnect\": could not find dataconnect.yaml in `f:\\campus-management-system\\dataconnect`\n"}}
[debug] [2026-02-17T15:44:02.903Z] E0217 23:44:02.903533   15704 watch.go:116] watchAllDir unable to walk dir `f:\campus-management-system\dataconnect`: CreateFile f:\campus-management-system\dataconnect: The system cannot find the file specified.
E0217 23:44:02.903533   15704 watch.go:40] Failed to load config from "f:\\campus-management-system\\dataconnect": could not find dataconnect.yaml in `f:\campus-management-system\dataconnect`
 {"metadata":{"emulator":{"name":"dataconnect"},"message":"E0217 23:44:02.903533   15704 watch.go:116] watchAllDir unable to walk dir `f:\\campus-management-system\\dataconnect`: CreateFile f:\\campus-management-system\\dataconnect: The system cannot find the file specified.\nE0217 23:44:02.903533   15704 watch.go:40] Failed to load config from \"f:\\\\campus-management-system\\\\dataconnect\": could not find dataconnect.yaml in `f:\\campus-management-system\\dataconnect`\n"}}
[debug] [2026-02-17T15:44:12.903Z] E0217 23:44:12.903751   15704 watch.go:40] Failed to load config from "f:\\campus-management-system\\dataconnect": could not find dataconnect.yaml in `f:\campus-management-system\dataconnect`
 {"metadata":{"emulator":{"name":"dataconnect"},"message":"E0217 23:44:12.903751   15704 watch.go:40] Failed to load config from \"f:\\\\campus-management-system\\\\dataconnect\": could not find dataconnect.yaml in `f:\\campus-management-system\\dataconnect`\n"}}
[debug] [2026-02-17T15:44:22.903Z] E0217 23:44:22.903546   15704 watch.go:40] Failed to load config from "f:\\campus-management-system\\dataconnect": could not find dataconnect.yaml in `f:\campus-management-system\dataconnect`
 {"metadata":{"emulator":{"name":"dataconnect"},"message":"E0217 23:44:22.903546   15704 watch.go:40] Failed to load config from \"f:\\\\campus-management-system\\\\dataconnect\": could not find dataconnect.yaml in `f:\\campus-management-system\\dataconnect`\n"}}
[debug] [2026-02-17T15:44:32.903Z] E0217 23:44:32.903927   15704 watch.go:40] Failed to load config from "f:\\campus-management-system\\dataconnect": could not find dataconnect.yaml in `f:\campus-management-system\dataconnect`
 {"metadata":{"emulator":{"name":"dataconnect"},"message":"E0217 23:44:32.903927   15704 watch.go:40] Failed to load config from \"f:\\\\campus-management-system\\\\dataconnect\": could not find dataconnect.yaml in `f:\\campus-management-system\\dataconnect`\n"}}
[debug] [2026-02-17T15:44:42.903Z] E0217 23:44:42.903536   15704 watch.go:40] Failed to load config from "f:\\campus-management-system\\dataconnect": could not find dataconnect.yaml in `f:\campus-management-system\dataconnect`
 {"metadata":{"emulator":{"name":"dataconnect"},"message":"E0217 23:44:42.903536   15704 watch.go:40] Failed to load config from \"f:\\\\campus-management-system\\\\dataconnect\": could not find dataconnect.yaml in `f:\\campus-management-system\\dataconnect`\n"}}
[debug] [2026-02-17T15:44:52.903Z] E0217 23:44:52.903565   15704 watch.go:40] Failed to load config from "f:\\campus-management-system\\dataconnect": could not find dataconnect.yaml in `f:\campus-management-system\dataconnect`
 {"metadata":{"emulator":{"name":"dataconnect"},"message":"E0217 23:44:52.903565   15704 watch.go:40] Failed to load config from \"f:\\\\campus-management-system\\\\dataconnect\": could not find dataconnect.yaml in `f:\\campus-management-system\\dataconnect`\n"}}
[debug] [2026-02-17T15:45:02.903Z] E0217 23:45:02.903982   15704 watch.go:116] watchAllDir unable to walk dir `f:\campus-management-system\dataconnect`: CreateFile f:\campus-management-system\dataconnect: The system cannot find the file specified.
E0217 23:45:02.903982   15704 watch.go:40] Failed to load config from "f:\\campus-management-system\\dataconnect": could not find dataconnect.yaml in `f:\campus-management-system\dataconnect`
 {"metadata":{"emulator":{"name":"dataconnect"},"message":"E0217 23:45:02.903982   15704 watch.go:116] watchAllDir unable to walk dir `f:\\campus-management-system\\dataconnect`: CreateFile f:\\campus-management-system\\dataconnect: The system cannot find the file specified.\nE0217 23:45:02.903982   15704 watch.go:40] Failed to load config from \"f:\\\\campus-management-system\\\\dataconnect\": could not find dataconnect.yaml in `f:\\campus-management-system\\dataconnect`\n"}}
[debug] [2026-02-17T15:45:12.903Z] E0217 23:45:12.903588   15704 watch.go:40] Failed to load config from "f:\\campus-management-system\\dataconnect": could not find dataconnect.yaml in `f:\campus-management-system\dataconnect`
 {"metadata":{"emulator":{"name":"dataconnect"},"message":"E0217 23:45:12.903588   15704 watch.go:40] Failed to load config from \"f:\\\\campus-management-system\\\\dataconnect\": could not find dataconnect.yaml in `f:\\campus-management-system\\dataconnect`\n"}}
[debug] [2026-02-17T15:45:22.903Z] E0217 23:45:22.903850   15704 watch.go:40] Failed to load config from "f:\\campus-management-system\\dataconnect": could not find dataconnect.yaml in `f:\campus-management-system\dataconnect`
 {"metadata":{"emulator":{"name":"dataconnect"},"message":"E0217 23:45:22.903850   15704 watch.go:40] Failed to load config from \"f:\\\\campus-management-system\\\\dataconnect\": could not find dataconnect.yaml in `f:\\campus-management-system\\dataconnect`\n"}}
[debug] [2026-02-17T15:45:32.903Z] E0217 23:45:32.903556   15704 watch.go:40] Failed to load config from "f:\\campus-management-system\\dataconnect": could not find dataconnect.yaml in `f:\campus-management-system\dataconnect`
 {"metadata":{"emulator":{"name":"dataconnect"},"message":"E0217 23:45:32.903556   15704 watch.go:40] Failed to load config from \"f:\\\\campus-management-system\\\\dataconnect\": could not find dataconnect.yaml in `f:\\campus-management-system\\dataconnect`\n"}}
[debug] [2026-02-17T15:45:42.903Z] E0217 23:45:42.903726   15704 watch.go:40] Failed to load config from "f:\\campus-management-system\\dataconnect": could not find dataconnect.yaml in `f:\campus-management-system\dataconnect`
 {"metadata":{"emulator":{"name":"dataconnect"},"message":"E0217 23:45:42.903726   15704 watch.go:40] Failed to load config from \"f:\\\\campus-management-system\\\\dataconnect\": could not find dataconnect.yaml in `f:\\campus-management-system\\dataconnect`\n"}}
[debug] [2026-02-17T15:45:52.904Z] E0217 23:45:52.904025   15704 watch.go:40] Failed to load config from "f:\\campus-management-system\\dataconnect": could not find dataconnect.yaml in `f:\campus-management-system\dataconnect`
 {"metadata":{"emulator":{"name":"dataconnect"},"message":"E0217 23:45:52.904025   15704 watch.go:40] Failed to load config from \"f:\\\\campus-management-system\\\\dataconnect\": could not find dataconnect.yaml in `f:\\campus-management-system\\dataconnect`\n"}}
[debug] [2026-02-17T15:46:02.903Z] E0217 23:46:02.903564   15704 watch.go:116] watchAllDir unable to walk dir `f:\campus-management-system\dataconnect`: CreateFile f:\campus-management-system\dataconnect: The system cannot find the file specified.
E0217 23:46:02.903564   15704 watch.go:40] Failed to load config from "f:\\campus-management-system\\dataconnect": could not find dataconnect.yaml in `f:\campus-management-system\dataconnect`
 {"metadata":{"emulator":{"name":"dataconnect"},"message":"E0217 23:46:02.903564   15704 watch.go:116] watchAllDir unable to walk dir `f:\\campus-management-system\\dataconnect`: CreateFile f:\\campus-management-system\\dataconnect: The system cannot find the file specified.\nE0217 23:46:02.903564   15704 watch.go:40] Failed to load config from \"f:\\\\campus-management-system\\\\dataconnect\": could not find dataconnect.yaml in `f:\\campus-management-system\\dataconnect`\n"}}
[debug] [2026-02-17T15:46:12.903Z] E0217 23:46:12.903696   15704 watch.go:40] Failed to load config from "f:\\campus-management-system\\dataconnect": could not find dataconnect.yaml in `f:\campus-management-system\dataconnect`
 {"metadata":{"emulator":{"name":"dataconnect"},"message":"E0217 23:46:12.903696   15704 watch.go:40] Failed to load config from \"f:\\\\campus-management-system\\\\dataconnect\": could not find dataconnect.yaml in `f:\\campus-management-system\\dataconnect`\n"}}
[debug] [2026-02-17T15:46:22.903Z] E0217 23:46:22.903557   15704 watch.go:40] Failed to load config from "f:\\campus-management-system\\dataconnect": could not find dataconnect.yaml in `f:\campus-management-system\dataconnect`
 {"metadata":{"emulator":{"name":"dataconnect"},"message":"E0217 23:46:22.903557   15704 watch.go:40] Failed to load config from \"f:\\\\campus-management-system\\\\dataconnect\": could not find dataconnect.yaml in `f:\\campus-management-system\\dataconnect`\n"}}
[debug] [2026-02-17T15:46:32.903Z] E0217 23:46:32.903556   15704 watch.go:40] Failed to load config from "f:\\campus-management-system\\dataconnect": could not find dataconnect.yaml in `f:\campus-management-system\dataconnect`
 {"metadata":{"emulator":{"name":"dataconnect"},"message":"E0217 23:46:32.903556   15704 watch.go:40] Failed to load config from \"f:\\\\campus-management-system\\\\dataconnect\": could not find dataconnect.yaml in `f:\\campus-management-system\\dataconnect`\n"}}
[debug] [2026-02-17T15:46:42.903Z] E0217 23:46:42.903776   15704 watch.go:40] Failed to load config from "f:\\campus-management-system\\dataconnect": could not find dataconnect.yaml in `f:\campus-management-system\dataconnect`
 {"metadata":{"emulator":{"name":"dataconnect"},"message":"E0217 23:46:42.903776   15704 watch.go:40] Failed to load config from \"f:\\\\campus-management-system\\\\dataconnect\": could not find dataconnect.yaml in `f:\\campus-management-system\\dataconnect`\n"}}
[debug] [2026-02-17T15:46:52.904Z] E0217 23:46:52.903986   15704 watch.go:40] Failed to load config from "f:\\campus-management-system\\dataconnect": could not find dataconnect.yaml in `f:\campus-management-system\dataconnect`
 {"metadata":{"emulator":{"name":"dataconnect"},"message":"E0217 23:46:52.903986   15704 watch.go:40] Failed to load config from \"f:\\\\campus-management-system\\\\dataconnect\": could not find dataconnect.yaml in `f:\\campus-management-system\\dataconnect`\n"}}
[debug] [2026-02-17T15:47:02.903Z] E0217 23:47:02.903691   15704 watch.go:116] watchAllDir unable to walk dir `f:\campus-management-system\dataconnect`: CreateFile f:\campus-management-system\dataconnect: The system cannot find the file specified.
E0217 23:47:02.903691   15704 watch.go:40] Failed to load config from "f:\\campus-management-system\\dataconnect": could not find dataconnect.yaml in `f:\campus-management-system\dataconnect`
 {"metadata":{"emulator":{"name":"dataconnect"},"message":"E0217 23:47:02.903691   15704 watch.go:116] watchAllDir unable to walk dir `f:\\campus-management-system\\dataconnect`: CreateFile f:\\campus-management-system\\dataconnect: The system cannot find the file specified.\nE0217 23:47:02.903691   15704 watch.go:40] Failed to load config from \"f:\\\\campus-management-system\\\\dataconnect\": could not find dataconnect.yaml in `f:\\campus-management-system\\dataconnect`\n"}}
[debug] [2026-02-17T15:47:12.903Z] E0217 23:47:12.903653   15704 watch.go:40] Failed to load config from "f:\\campus-management-system\\dataconnect": could not find dataconnect.yaml in `f:\campus-management-system\dataconnect`
 {"metadata":{"emulator":{"name":"dataconnect"},"message":"E0217 23:47:12.903653   15704 watch.go:40] Failed to load config from \"f:\\\\campus-management-system\\\\dataconnect\": could not find dataconnect.yaml in `f:\\campus-management-system\\dataconnect`\n"}}
[debug] [2026-02-17T15:47:22.903Z] E0217 23:47:22.903833   15704 watch.go:40] Failed to load config from "f:\\campus-management-system\\dataconnect": could not find dataconnect.yaml in `f:\campus-management-system\dataconnect`
 {"metadata":{"emulator":{"name":"dataconnect"},"message":"E0217 23:47:22.903833   15704 watch.go:40] Failed to load config from \"f:\\\\campus-management-system\\\\dataconnect\": could not find dataconnect.yaml in `f:\\campus-management-system\\dataconnect`\n"}}
[debug] [2026-02-17T15:47:32.903Z] E0217 23:47:32.903548   15704 watch.go:40] Failed to load config from "f:\\campus-management-system\\dataconnect": could not find dataconnect.yaml in `f:\campus-management-system\dataconnect`
 {"metadata":{"emulator":{"name":"dataconnect"},"message":"E0217 23:47:32.903548   15704 watch.go:40] Failed to load config from \"f:\\\\campus-management-system\\\\dataconnect\": could not find dataconnect.yaml in `f:\\campus-management-system\\dataconnect`\n"}}
[debug] [2026-02-17T15:47:42.903Z] E0217 23:47:42.903539   15704 watch.go:40] Failed to load config from "f:\\campus-management-system\\dataconnect": could not find dataconnect.yaml in `f:\campus-management-system\dataconnect`
 {"metadata":{"emulator":{"name":"dataconnect"},"message":"E0217 23:47:42.903539   15704 watch.go:40] Failed to load config from \"f:\\\\campus-management-system\\\\dataconnect\": could not find dataconnect.yaml in `f:\\campus-management-system\\dataconnect`\n"}}
[debug] [2026-02-17T15:47:52.903Z] E0217 23:47:52.903545   15704 watch.go:40] Failed to load config from "f:\\campus-management-system\\dataconnect": could not find dataconnect.yaml in `f:\campus-management-system\dataconnect`
 {"metadata":{"emulator":{"name":"dataconnect"},"message":"E0217 23:47:52.903545   15704 watch.go:40] Failed to load config from \"f:\\\\campus-management-system\\\\dataconnect\": could not find dataconnect.yaml in `f:\\campus-management-system\\dataconnect`\n"}}
[debug] [2026-02-17T15:48:02.903Z] E0217 23:48:02.903862   15704 watch.go:40] Failed to load config from "f:\\campus-management-system\\dataconnect": could not find dataconnect.yaml in `f:\campus-management-system\dataconnect`
E0217 23:48:02.903862   15704 watch.go:116] watchAllDir unable to walk dir `f:\campus-management-system\dataconnect`: CreateFile f:\campus-management-system\dataconnect: The system cannot find the file specified.
 {"metadata":{"emulator":{"name":"dataconnect"},"message":"E0217 23:48:02.903862   15704 watch.go:40] Failed to load config from \"f:\\\\campus-management-system\\\\dataconnect\": could not find dataconnect.yaml in `f:\\campus-management-system\\dataconnect`\nE0217 23:48:02.903862   15704 watch.go:116] watchAllDir unable to walk dir `f:\\campus-management-system\\dataconnect`: CreateFile f:\\campus-management-system\\dataconnect: The system cannot find the file specified.\n"}}
[debug] [2026-02-17T15:48:12.903Z] E0217 23:48:12.903868   15704 watch.go:40] Failed to load config from "f:\\campus-management-system\\dataconnect": could not find dataconnect.yaml in `f:\campus-management-system\dataconnect`
 {"metadata":{"emulator":{"name":"dataconnect"},"message":"E0217 23:48:12.903868   15704 watch.go:40] Failed to load config from \"f:\\\\campus-management-system\\\\dataconnect\": could not find dataconnect.yaml in `f:\\campus-management-system\\dataconnect`\n"}}
[debug] [2026-02-17T15:48:22.904Z] E0217 23:48:22.904119   15704 watch.go:40] Failed to load config from "f:\\campus-management-system\\dataconnect": could not find dataconnect.yaml in `f:\campus-management-system\dataconnect`
 {"metadata":{"emulator":{"name":"dataconnect"},"message":"E0217 23:48:22.904119   15704 watch.go:40] Failed to load config from \"f:\\\\campus-management-system\\\\dataconnect\": could not find dataconnect.yaml in `f:\\campus-management-system\\dataconnect`\n"}}
[debug] [2026-02-17T15:48:32.903Z] E0217 23:48:32.903539   15704 watch.go:40] Failed to load config from "f:\\campus-management-system\\dataconnect": could not find dataconnect.yaml in `f:\campus-management-system\dataconnect`
 {"metadata":{"emulator":{"name":"dataconnect"},"message":"E0217 23:48:32.903539   15704 watch.go:40] Failed to load config from \"f:\\\\campus-management-system\\\\dataconnect\": could not find dataconnect.yaml in `f:\\campus-management-system\\dataconnect`\n"}}
[debug] [2026-02-17T15:48:42.903Z] E0217 23:48:42.903858   15704 watch.go:40] Failed to load config from "f:\\campus-management-system\\dataconnect": could not find dataconnect.yaml in `f:\campus-management-system\dataconnect`
 {"metadata":{"emulator":{"name":"dataconnect"},"message":"E0217 23:48:42.903858   15704 watch.go:40] Failed to load config from \"f:\\\\campus-management-system\\\\dataconnect\": could not find dataconnect.yaml in `f:\\campus-management-system\\dataconnect`\n"}}
[debug] [2026-02-17T15:48:52.903Z] E0217 23:48:52.903754   15704 watch.go:40] Failed to load config from "f:\\campus-management-system\\dataconnect": could not find dataconnect.yaml in `f:\campus-management-system\dataconnect`
 {"metadata":{"emulator":{"name":"dataconnect"},"message":"E0217 23:48:52.903754   15704 watch.go:40] Failed to load config from \"f:\\\\campus-management-system\\\\dataconnect\": could not find dataconnect.yaml in `f:\\campus-management-system\\dataconnect`\n"}}
[debug] [2026-02-17T15:49:02.903Z] E0217 23:49:02.903965   15704 watch.go:116] watchAllDir unable to walk dir `f:\campus-management-system\dataconnect`: CreateFile f:\campus-management-system\dataconnect: The system cannot find the file specified.
E0217 23:49:02.903965   15704 watch.go:40] Failed to load config from "f:\\campus-management-system\\dataconnect": could not find dataconnect.yaml in `f:\campus-management-system\dataconnect`
 {"metadata":{"emulator":{"name":"dataconnect"},"message":"E0217 23:49:02.903965   15704 watch.go:116] watchAllDir unable to walk dir `f:\\campus-management-system\\dataconnect`: CreateFile f:\\campus-management-system\\dataconnect: The system cannot find the file specified.\nE0217 23:49:02.903965   15704 watch.go:40] Failed to load config from \"f:\\\\campus-management-system\\\\dataconnect\": could not find dataconnect.yaml in `f:\\campus-management-system\\dataconnect`\n"}}
[debug] [2026-02-17T15:49:12.904Z] E0217 23:49:12.903979   15704 watch.go:40] Failed to load config from "f:\\campus-management-system\\dataconnect": could not find dataconnect.yaml in `f:\campus-management-system\dataconnect`
 {"metadata":{"emulator":{"name":"dataconnect"},"message":"E0217 23:49:12.903979   15704 watch.go:40] Failed to load config from \"f:\\\\campus-management-system\\\\dataconnect\": could not find dataconnect.yaml in `f:\\campus-management-system\\dataconnect`\n"}}
[debug] [2026-02-17T15:49:22.903Z] E0217 23:49:22.903690   15704 watch.go:40] Failed to load config from "f:\\campus-management-system\\dataconnect": could not find dataconnect.yaml in `f:\campus-management-system\dataconnect`
 {"metadata":{"emulator":{"name":"dataconnect"},"message":"E0217 23:49:22.903690   15704 watch.go:40] Failed to load config from \"f:\\\\campus-management-system\\\\dataconnect\": could not find dataconnect.yaml in `f:\\campus-management-system\\dataconnect`\n"}}
[debug] [2026-02-17T15:49:32.903Z] E0217 23:49:32.903567   15704 watch.go:40] Failed to load config from "f:\\campus-management-system\\dataconnect": could not find dataconnect.yaml in `f:\campus-management-system\dataconnect`
 {"metadata":{"emulator":{"name":"dataconnect"},"message":"E0217 23:49:32.903567   15704 watch.go:40] Failed to load config from \"f:\\\\campus-management-system\\\\dataconnect\": could not find dataconnect.yaml in `f:\\campus-management-system\\dataconnect`\n"}}
[debug] [2026-02-17T15:49:42.904Z] E0217 23:49:42.903962   15704 watch.go:40] Failed to load config from "f:\\campus-management-system\\dataconnect": could not find dataconnect.yaml in `f:\campus-management-system\dataconnect`
 {"metadata":{"emulator":{"name":"dataconnect"},"message":"E0217 23:49:42.903962   15704 watch.go:40] Failed to load config from \"f:\\\\campus-management-system\\\\dataconnect\": could not find dataconnect.yaml in `f:\\campus-management-system\\dataconnect`\n"}}
[debug] [2026-02-17T15:49:52.903Z] E0217 23:49:52.903540   15704 watch.go:40] Failed to load config from "f:\\campus-management-system\\dataconnect": could not find dataconnect.yaml in `f:\campus-management-system\dataconnect`
 {"metadata":{"emulator":{"name":"dataconnect"},"message":"E0217 23:49:52.903540   15704 watch.go:40] Failed to load config from \"f:\\\\campus-management-system\\\\dataconnect\": could not find dataconnect.yaml in `f:\\campus-management-system\\dataconnect`\n"}}
[debug] [2026-02-17T15:50:02.903Z] E0217 23:50:02.903554   15704 watch.go:116] watchAllDir unable to walk dir `f:\campus-management-system\dataconnect`: CreateFile f:\campus-management-system\dataconnect: The system cannot find the file specified.
E0217 23:50:02.903554   15704 watch.go:40] Failed to load config from "f:\\campus-management-system\\dataconnect": could not find dataconnect.yaml in `f:\campus-management-system\dataconnect`
 {"metadata":{"emulator":{"name":"dataconnect"},"message":"E0217 23:50:02.903554   15704 watch.go:116] watchAllDir unable to walk dir `f:\\campus-management-system\\dataconnect`: CreateFile f:\\campus-management-system\\dataconnect: The system cannot find the file specified.\nE0217 23:50:02.903554   15704 watch.go:40] Failed to load config from \"f:\\\\campus-management-system\\\\dataconnect\": could not find dataconnect.yaml in `f:\\campus-management-system\\dataconnect`\n"}}
[debug] [2026-02-17T15:50:12.903Z] E0217 23:50:12.903964   15704 watch.go:40] Failed to load config from "f:\\campus-management-system\\dataconnect": could not find dataconnect.yaml in `f:\campus-management-system\dataconnect`
 {"metadata":{"emulator":{"name":"dataconnect"},"message":"E0217 23:50:12.903964   15704 watch.go:40] Failed to load config from \"f:\\\\campus-management-system\\\\dataconnect\": could not find dataconnect.yaml in `f:\\campus-management-system\\dataconnect`\n"}}
[debug] [2026-02-17T15:50:22.903Z] E0217 23:50:22.903547   15704 watch.go:40] Failed to load config from "f:\\campus-management-system\\dataconnect": could not find dataconnect.yaml in `f:\campus-management-system\dataconnect`
 {"metadata":{"emulator":{"name":"dataconnect"},"message":"E0217 23:50:22.903547   15704 watch.go:40] Failed to load config from \"f:\\\\campus-management-system\\\\dataconnect\": could not find dataconnect.yaml in `f:\\campus-management-system\\dataconnect`\n"}}
[debug] [2026-02-17T15:50:32.903Z] E0217 23:50:32.903727   15704 watch.go:40] Failed to load config from "f:\\campus-management-system\\dataconnect": could not find dataconnect.yaml in `f:\campus-management-system\dataconnect`
 {"metadata":{"emulator":{"name":"dataconnect"},"message":"E0217 23:50:32.903727   15704 watch.go:40] Failed to load config from \"f:\\\\campus-management-system\\\\dataconnect\": could not find dataconnect.yaml in `f:\\campus-management-system\\dataconnect`\n"}}
[debug] [2026-02-17T15:50:42.903Z] E0217 23:50:42.903901   15704 watch.go:40] Failed to load config from "f:\\campus-management-system\\dataconnect": could not find dataconnect.yaml in `f:\campus-management-system\dataconnect`
 {"metadata":{"emulator":{"name":"dataconnect"},"message":"E0217 23:50:42.903901   15704 watch.go:40] Failed to load config from \"f:\\\\campus-management-system\\\\dataconnect\": could not find dataconnect.yaml in `f:\\campus-management-system\\dataconnect`\n"}}
[debug] [2026-02-17T15:50:52.903Z] E0217 23:50:52.903899   15704 watch.go:40] Failed to load config from "f:\\campus-management-system\\dataconnect": could not find dataconnect.yaml in `f:\campus-management-system\dataconnect`
 {"metadata":{"emulator":{"name":"dataconnect"},"message":"E0217 23:50:52.903899   15704 watch.go:40] Failed to load config from \"f:\\\\campus-management-system\\\\dataconnect\": could not find dataconnect.yaml in `f:\\campus-management-system\\dataconnect`\n"}}
[debug] [2026-02-17T15:51:02.903Z] E0217 23:51:02.903563   15704 watch.go:116] watchAllDir unable to walk dir `f:\campus-management-system\dataconnect`: CreateFile f:\campus-management-system\dataconnect: The system cannot find the file specified.
 {"metadata":{"emulator":{"name":"dataconnect"},"message":"E0217 23:51:02.903563   15704 watch.go:116] watchAllDir unable to walk dir `f:\\campus-management-system\\dataconnect`: CreateFile f:\\campus-management-system\\dataconnect: The system cannot find the file specified.\n"}}
[debug] [2026-02-17T15:51:02.903Z] E0217 23:51:02.903563   15704 watch.go:40] Failed to load config from "f:\\campus-management-system\\dataconnect": could not find dataconnect.yaml in `f:\campus-management-system\dataconnect`
 {"metadata":{"emulator":{"name":"dataconnect"},"message":"E0217 23:51:02.903563   15704 watch.go:40] Failed to load config from \"f:\\\\campus-management-system\\\\dataconnect\": could not find dataconnect.yaml in `f:\\campus-management-system\\dataconnect`\n"}}
[debug] [2026-02-17T15:51:12.903Z] E0217 23:51:12.903815   15704 watch.go:40] Failed to load config from "f:\\campus-management-system\\dataconnect": could not find dataconnect.yaml in `f:\campus-management-system\dataconnect`
 {"metadata":{"emulator":{"name":"dataconnect"},"message":"E0217 23:51:12.903815   15704 watch.go:40] Failed to load config from \"f:\\\\campus-management-system\\\\dataconnect\": could not find dataconnect.yaml in `f:\\campus-management-system\\dataconnect`\n"}}
[debug] [2026-02-17T15:51:22.903Z] E0217 23:51:22.903730   15704 watch.go:40] Failed to load config from "f:\\campus-management-system\\dataconnect": could not find dataconnect.yaml in `f:\campus-management-system\dataconnect`
 {"metadata":{"emulator":{"name":"dataconnect"},"message":"E0217 23:51:22.903730   15704 watch.go:40] Failed to load config from \"f:\\\\campus-management-system\\\\dataconnect\": could not find dataconnect.yaml in `f:\\campus-management-system\\dataconnect`\n"}}
[debug] [2026-02-17T15:51:32.903Z] E0217 23:51:32.903542   15704 watch.go:40] Failed to load config from "f:\\campus-management-system\\dataconnect": could not find dataconnect.yaml in `f:\campus-management-system\dataconnect`
 {"metadata":{"emulator":{"name":"dataconnect"},"message":"E0217 23:51:32.903542   15704 watch.go:40] Failed to load config from \"f:\\\\campus-management-system\\\\dataconnect\": could not find dataconnect.yaml in `f:\\campus-management-system\\dataconnect`\n"}}
[debug] [2026-02-17T15:51:42.903Z] E0217 23:51:42.903823   15704 watch.go:40] Failed to load config from "f:\\campus-management-system\\dataconnect": could not find dataconnect.yaml in `f:\campus-management-system\dataconnect`
 {"metadata":{"emulator":{"name":"dataconnect"},"message":"E0217 23:51:42.903823   15704 watch.go:40] Failed to load config from \"f:\\\\campus-management-system\\\\dataconnect\": could not find dataconnect.yaml in `f:\\campus-management-system\\dataconnect`\n"}}
[debug] [2026-02-17T15:51:52.903Z] E0217 23:51:52.903716   15704 watch.go:40] Failed to load config from "f:\\campus-management-system\\dataconnect": could not find dataconnect.yaml in `f:\campus-management-system\dataconnect`
 {"metadata":{"emulator":{"name":"dataconnect"},"message":"E0217 23:51:52.903716   15704 watch.go:40] Failed to load config from \"f:\\\\campus-management-system\\\\dataconnect\": could not find dataconnect.yaml in `f:\\campus-management-system\\dataconnect`\n"}}
[debug] [2026-02-17T15:52:02.903Z] E0217 23:52:02.903578   15704 watch.go:116] watchAllDir unable to walk dir `f:\campus-management-system\dataconnect`: CreateFile f:\campus-management-system\dataconnect: The system cannot find the file specified.
E0217 23:52:02.903578   15704 watch.go:40] Failed to load config from "f:\\campus-management-system\\dataconnect": could not find dataconnect.yaml in `f:\campus-management-system\dataconnect`
 {"metadata":{"emulator":{"name":"dataconnect"},"message":"E0217 23:52:02.903578   15704 watch.go:116] watchAllDir unable to walk dir `f:\\campus-management-system\\dataconnect`: CreateFile f:\\campus-management-system\\dataconnect: The system cannot find the file specified.\nE0217 23:52:02.903578   15704 watch.go:40] Failed to load config from \"f:\\\\campus-management-system\\\\dataconnect\": could not find dataconnect.yaml in `f:\\campus-management-system\\dataconnect`\n"}}
[debug] [2026-02-17T15:52:12.903Z] E0217 23:52:12.903547   15704 watch.go:40] Failed to load config from "f:\\campus-management-system\\dataconnect": could not find dataconnect.yaml in `f:\campus-management-system\dataconnect`
 {"metadata":{"emulator":{"name":"dataconnect"},"message":"E0217 23:52:12.903547   15704 watch.go:40] Failed to load config from \"f:\\\\campus-management-system\\\\dataconnect\": could not find dataconnect.yaml in `f:\\campus-management-system\\dataconnect`\n"}}
[debug] [2026-02-17T15:52:22.903Z] E0217 23:52:22.903565   15704 watch.go:40] Failed to load config from "f:\\campus-management-system\\dataconnect": could not find dataconnect.yaml in `f:\campus-management-system\dataconnect`
 {"metadata":{"emulator":{"name":"dataconnect"},"message":"E0217 23:52:22.903565   15704 watch.go:40] Failed to load config from \"f:\\\\campus-management-system\\\\dataconnect\": could not find dataconnect.yaml in `f:\\campus-management-system\\dataconnect`\n"}}
[debug] [2026-02-17T15:52:32.903Z] E0217 23:52:32.903743   15704 watch.go:40] Failed to load config from "f:\\campus-management-system\\dataconnect": could not find dataconnect.yaml in `f:\campus-management-system\dataconnect`
 {"metadata":{"emulator":{"name":"dataconnect"},"message":"E0217 23:52:32.903743   15704 watch.go:40] Failed to load config from \"f:\\\\campus-management-system\\\\dataconnect\": could not find dataconnect.yaml in `f:\\campus-management-system\\dataconnect`\n"}}
[debug] [2026-02-17T15:52:42.903Z] E0217 23:52:42.903544   15704 watch.go:40] Failed to load config from "f:\\campus-management-system\\dataconnect": could not find dataconnect.yaml in `f:\campus-management-system\dataconnect`
 {"metadata":{"emulator":{"name":"dataconnect"},"message":"E0217 23:52:42.903544   15704 watch.go:40] Failed to load config from \"f:\\\\campus-management-system\\\\dataconnect\": could not find dataconnect.yaml in `f:\\campus-management-system\\dataconnect`\n"}}
[debug] [2026-02-17T15:52:52.903Z] E0217 23:52:52.903559   15704 watch.go:40] Failed to load config from "f:\\campus-management-system\\dataconnect": could not find dataconnect.yaml in `f:\campus-management-system\dataconnect`
 {"metadata":{"emulator":{"name":"dataconnect"},"message":"E0217 23:52:52.903559   15704 watch.go:40] Failed to load config from \"f:\\\\campus-management-system\\\\dataconnect\": could not find dataconnect.yaml in `f:\\campus-management-system\\dataconnect`\n"}}
[debug] [2026-02-17T15:53:02.903Z] E0217 23:53:02.903852   15704 watch.go:116] watchAllDir unable to walk dir `f:\campus-management-system\dataconnect`: CreateFile f:\campus-management-system\dataconnect: The system cannot find the file specified.
E0217 23:53:02.903852   15704 watch.go:40] Failed to load config from "f:\\campus-management-system\\dataconnect": could not find dataconnect.yaml in `f:\campus-management-system\dataconnect`
 {"metadata":{"emulator":{"name":"dataconnect"},"message":"E0217 23:53:02.903852   15704 watch.go:116] watchAllDir unable to walk dir `f:\\campus-management-system\\dataconnect`: CreateFile f:\\campus-management-system\\dataconnect: The system cannot find the file specified.\nE0217 23:53:02.903852   15704 watch.go:40] Failed to load config from \"f:\\\\campus-management-system\\\\dataconnect\": could not find dataconnect.yaml in `f:\\campus-management-system\\dataconnect`\n"}}
[debug] [2026-02-17T15:53:12.903Z] E0217 23:53:12.903546   15704 watch.go:40] Failed to load config from "f:\\campus-management-system\\dataconnect": could not find dataconnect.yaml in `f:\campus-management-system\dataconnect`
 {"metadata":{"emulator":{"name":"dataconnect"},"message":"E0217 23:53:12.903546   15704 watch.go:40] Failed to load config from \"f:\\\\campus-management-system\\\\dataconnect\": could not find dataconnect.yaml in `f:\\campus-management-system\\dataconnect`\n"}}
[debug] [2026-02-17T15:53:22.903Z] E0217 23:53:22.903565   15704 watch.go:40] Failed to load config from "f:\\campus-management-system\\dataconnect": could not find dataconnect.yaml in `f:\campus-management-system\dataconnect`
 {"metadata":{"emulator":{"name":"dataconnect"},"message":"E0217 23:53:22.903565   15704 watch.go:40] Failed to load config from \"f:\\\\campus-management-system\\\\dataconnect\": could not find dataconnect.yaml in `f:\\campus-management-system\\dataconnect`\n"}}
[debug] [2026-02-17T15:53:32.903Z] E0217 23:53:32.903903   15704 watch.go:40] Failed to load config from "f:\\campus-management-system\\dataconnect": could not find dataconnect.yaml in `f:\campus-management-system\dataconnect`
 {"metadata":{"emulator":{"name":"dataconnect"},"message":"E0217 23:53:32.903903   15704 watch.go:40] Failed to load config from \"f:\\\\campus-management-system\\\\dataconnect\": could not find dataconnect.yaml in `f:\\campus-management-system\\dataconnect`\n"}}
[debug] [2026-02-17T15:53:42.903Z] E0217 23:53:42.903536   15704 watch.go:40] Failed to load config from "f:\\campus-management-system\\dataconnect": could not find dataconnect.yaml in `f:\campus-management-system\dataconnect`
 {"metadata":{"emulator":{"name":"dataconnect"},"message":"E0217 23:53:42.903536   15704 watch.go:40] Failed to load config from \"f:\\\\campus-management-system\\\\dataconnect\": could not find dataconnect.yaml in `f:\\campus-management-system\\dataconnect`\n"}}
[debug] [2026-02-17T15:53:52.904Z] E0217 23:53:52.904039   15704 watch.go:40] Failed to load config from "f:\\campus-management-system\\dataconnect": could not find dataconnect.yaml in `f:\campus-management-system\dataconnect`
 {"metadata":{"emulator":{"name":"dataconnect"},"message":"E0217 23:53:52.904039   15704 watch.go:40] Failed to load config from \"f:\\\\campus-management-system\\\\dataconnect\": could not find dataconnect.yaml in `f:\\campus-management-system\\dataconnect`\n"}}
[debug] [2026-02-17T15:54:02.903Z] E0217 23:54:02.903538   15704 watch.go:116] watchAllDir unable to walk dir `f:\campus-management-system\dataconnect`: CreateFile f:\campus-management-system\dataconnect: The system cannot find the file specified.
E0217 23:54:02.903538   15704 watch.go:40] Failed to load config from "f:\\campus-management-system\\dataconnect": could not find dataconnect.yaml in `f:\campus-management-system\dataconnect`
 {"metadata":{"emulator":{"name":"dataconnect"},"message":"E0217 23:54:02.903538   15704 watch.go:116] watchAllDir unable to walk dir `f:\\campus-management-system\\dataconnect`: CreateFile f:\\campus-management-system\\dataconnect: The system cannot find the file specified.\nE0217 23:54:02.903538   15704 watch.go:40] Failed to load config from \"f:\\\\campus-management-system\\\\dataconnect\": could not find dataconnect.yaml in `f:\\campus-management-system\\dataconnect`\n"}}
[debug] [2026-02-17T15:54:12.903Z] E0217 23:54:12.903559   15704 watch.go:40] Failed to load config from "f:\\campus-management-system\\dataconnect": could not find dataconnect.yaml in `f:\campus-management-system\dataconnect`
 {"metadata":{"emulator":{"name":"dataconnect"},"message":"E0217 23:54:12.903559   15704 watch.go:40] Failed to load config from \"f:\\\\campus-management-system\\\\dataconnect\": could not find dataconnect.yaml in `f:\\campus-management-system\\dataconnect`\n"}}
[debug] [2026-02-17T15:54:22.903Z] E0217 23:54:22.903593   15704 watch.go:40] Failed to load config from "f:\\campus-management-system\\dataconnect": could not find dataconnect.yaml in `f:\campus-management-system\dataconnect`
 {"metadata":{"emulator":{"name":"dataconnect"},"message":"E0217 23:54:22.903593   15704 watch.go:40] Failed to load config from \"f:\\\\campus-management-system\\\\dataconnect\": could not find dataconnect.yaml in `f:\\campus-management-system\\dataconnect`\n"}}
[debug] [2026-02-17T15:54:32.903Z] E0217 23:54:32.903555   15704 watch.go:40] Failed to load config from "f:\\campus-management-system\\dataconnect": could not find dataconnect.yaml in `f:\campus-management-system\dataconnect`
 {"metadata":{"emulator":{"name":"dataconnect"},"message":"E0217 23:54:32.903555   15704 watch.go:40] Failed to load config from \"f:\\\\campus-management-system\\\\dataconnect\": could not find dataconnect.yaml in `f:\\campus-management-system\\dataconnect`\n"}}
[debug] [2026-02-17T15:54:42.903Z] E0217 23:54:42.903692   15704 watch.go:40] Failed to load config from "f:\\campus-management-system\\dataconnect": could not find dataconnect.yaml in `f:\campus-management-system\dataconnect`
 {"metadata":{"emulator":{"name":"dataconnect"},"message":"E0217 23:54:42.903692   15704 watch.go:40] Failed to load config from \"f:\\\\campus-management-system\\\\dataconnect\": could not find dataconnect.yaml in `f:\\campus-management-system\\dataconnect`\n"}}
[debug] [2026-02-17T15:54:52.904Z] E0217 23:54:52.903937   15704 watch.go:40] Failed to load config from "f:\\campus-management-system\\dataconnect": could not find dataconnect.yaml in `f:\campus-management-system\dataconnect`
 {"metadata":{"emulator":{"name":"dataconnect"},"message":"E0217 23:54:52.903937   15704 watch.go:40] Failed to load config from \"f:\\\\campus-management-system\\\\dataconnect\": could not find dataconnect.yaml in `f:\\campus-management-system\\dataconnect`\n"}}
[debug] [2026-02-17T15:55:02.903Z] E0217 23:55:02.903801   15704 watch.go:40] Failed to load config from "f:\\campus-management-system\\dataconnect": could not find dataconnect.yaml in `f:\campus-management-system\dataconnect`
E0217 23:55:02.903801   15704 watch.go:116] watchAllDir unable to walk dir `f:\campus-management-system\dataconnect`: CreateFile f:\campus-management-system\dataconnect: The system cannot find the file specified.
 {"metadata":{"emulator":{"name":"dataconnect"},"message":"E0217 23:55:02.903801   15704 watch.go:40] Failed to load config from \"f:\\\\campus-management-system\\\\dataconnect\": could not find dataconnect.yaml in `f:\\campus-management-system\\dataconnect`\nE0217 23:55:02.903801   15704 watch.go:116] watchAllDir unable to walk dir `f:\\campus-management-system\\dataconnect`: CreateFile f:\\campus-management-system\\dataconnect: The system cannot find the file specified.\n"}}
[debug] [2026-02-17T15:55:12.903Z] E0217 23:55:12.903652   15704 watch.go:40] Failed to load config from "f:\\campus-management-system\\dataconnect": could not find dataconnect.yaml in `f:\campus-management-system\dataconnect`
 {"metadata":{"emulator":{"name":"dataconnect"},"message":"E0217 23:55:12.903652   15704 watch.go:40] Failed to load config from \"f:\\\\campus-management-system\\\\dataconnect\": could not find dataconnect.yaml in `f:\\campus-management-system\\dataconnect`\n"}}
[debug] [2026-02-17T15:55:22.903Z] E0217 23:55:22.903800   15704 watch.go:40] Failed to load config from "f:\\campus-management-system\\dataconnect": could not find dataconnect.yaml in `f:\campus-management-system\dataconnect`
 {"metadata":{"emulator":{"name":"dataconnect"},"message":"E0217 23:55:22.903800   15704 watch.go:40] Failed to load config from \"f:\\\\campus-management-system\\\\dataconnect\": could not find dataconnect.yaml in `f:\\campus-management-system\\dataconnect`\n"}}
[debug] [2026-02-17T15:55:32.903Z] E0217 23:55:32.903938   15704 watch.go:40] Failed to load config from "f:\\campus-management-system\\dataconnect": could not find dataconnect.yaml in `f:\campus-management-system\dataconnect`
 {"metadata":{"emulator":{"name":"dataconnect"},"message":"E0217 23:55:32.903938   15704 watch.go:40] Failed to load config from \"f:\\\\campus-management-system\\\\dataconnect\": could not find dataconnect.yaml in `f:\\campus-management-system\\dataconnect`\n"}}
[debug] [2026-02-17T15:55:42.903Z] E0217 23:55:42.903537   15704 watch.go:40] Failed to load config from "f:\\campus-management-system\\dataconnect": could not find dataconnect.yaml in `f:\campus-management-system\dataconnect`
 {"metadata":{"emulator":{"name":"dataconnect"},"message":"E0217 23:55:42.903537   15704 watch.go:40] Failed to load config from \"f:\\\\campus-management-system\\\\dataconnect\": could not find dataconnect.yaml in `f:\\campus-management-system\\dataconnect`\n"}}
[debug] [2026-02-17T15:55:52.903Z] E0217 23:55:52.903579   15704 watch.go:40] Failed to load config from "f:\\campus-management-system\\dataconnect": could not find dataconnect.yaml in `f:\campus-management-system\dataconnect`
 {"metadata":{"emulator":{"name":"dataconnect"},"message":"E0217 23:55:52.903579   15704 watch.go:40] Failed to load config from \"f:\\\\campus-management-system\\\\dataconnect\": could not find dataconnect.yaml in `f:\\campus-management-system\\dataconnect`\n"}}
[debug] [2026-02-17T15:56:02.903Z] E0217 23:56:02.903670   15704 watch.go:40] Failed to load config from "f:\\campus-management-system\\dataconnect": could not find dataconnect.yaml in `f:\campus-management-system\dataconnect`
 {"metadata":{"emulator":{"name":"dataconnect"},"message":"E0217 23:56:02.903670   15704 watch.go:40] Failed to load config from \"f:\\\\campus-management-system\\\\dataconnect\": could not find dataconnect.yaml in `f:\\campus-management-system\\dataconnect`\n"}}
[debug] [2026-02-17T15:56:02.904Z] E0217 23:56:02.903670   15704 watch.go:116] watchAllDir unable to walk dir `f:\campus-management-system\dataconnect`: CreateFile f:\campus-management-system\dataconnect: The system cannot find the file specified.
 {"metadata":{"emulator":{"name":"dataconnect"},"message":"E0217 23:56:02.903670   15704 watch.go:116] watchAllDir unable to walk dir `f:\\campus-management-system\\dataconnect`: CreateFile f:\\campus-management-system\\dataconnect: The system cannot find the file specified.\n"}}
[debug] [2026-02-17T15:56:12.903Z] E0217 23:56:12.904093   15704 watch.go:40] Failed to load config from "f:\\campus-management-system\\dataconnect": could not find dataconnect.yaml in `f:\campus-management-system\dataconnect`
 {"metadata":{"emulator":{"name":"dataconnect"},"message":"E0217 23:56:12.904093   15704 watch.go:40] Failed to load config from \"f:\\\\campus-management-system\\\\dataconnect\": could not find dataconnect.yaml in `f:\\campus-management-system\\dataconnect`\n"}}
[debug] [2026-02-17T15:56:22.903Z] E0217 23:56:22.903771   15704 watch.go:40] Failed to load config from "f:\\campus-management-system\\dataconnect": could not find dataconnect.yaml in `f:\campus-management-system\dataconnect`
 {"metadata":{"emulator":{"name":"dataconnect"},"message":"E0217 23:56:22.903771   15704 watch.go:40] Failed to load config from \"f:\\\\campus-management-system\\\\dataconnect\": could not find dataconnect.yaml in `f:\\campus-management-system\\dataconnect`\n"}}
[debug] [2026-02-17T15:56:32.903Z] E0217 23:56:32.904052   15704 watch.go:40] Failed to load config from "f:\\campus-management-system\\dataconnect": could not find dataconnect.yaml in `f:\campus-management-system\dataconnect`
 {"metadata":{"emulator":{"name":"dataconnect"},"message":"E0217 23:56:32.904052   15704 watch.go:40] Failed to load config from \"f:\\\\campus-management-system\\\\dataconnect\": could not find dataconnect.yaml in `f:\\campus-management-system\\dataconnect`\n"}}
[debug] [2026-02-17T15:56:42.903Z] E0217 23:56:42.903554   15704 watch.go:40] Failed to load config from "f:\\campus-management-system\\dataconnect": could not find dataconnect.yaml in `f:\campus-management-system\dataconnect`
 {"metadata":{"emulator":{"name":"dataconnect"},"message":"E0217 23:56:42.903554   15704 watch.go:40] Failed to load config from \"f:\\\\campus-management-system\\\\dataconnect\": could not find dataconnect.yaml in `f:\\campus-management-system\\dataconnect`\n"}}
[debug] [2026-02-17T15:56:52.903Z] E0217 23:56:52.903977   15704 watch.go:40] Failed to load config from "f:\\campus-management-system\\dataconnect": could not find dataconnect.yaml in `f:\campus-management-system\dataconnect`
 {"metadata":{"emulator":{"name":"dataconnect"},"message":"E0217 23:56:52.903977   15704 watch.go:40] Failed to load config from \"f:\\\\campus-management-system\\\\dataconnect\": could not find dataconnect.yaml in `f:\\campus-management-system\\dataconnect`\n"}}
[debug] [2026-02-17T15:57:02.903Z] E0217 23:57:02.903974   15704 watch.go:116] watchAllDir unable to walk dir `f:\campus-management-system\dataconnect`: CreateFile f:\campus-management-system\dataconnect: The system cannot find the file specified.
E0217 23:57:02.903974   15704 watch.go:40] Failed to load config from "f:\\campus-management-system\\dataconnect": could not find dataconnect.yaml in `f:\campus-management-system\dataconnect`
 {"metadata":{"emulator":{"name":"dataconnect"},"message":"E0217 23:57:02.903974   15704 watch.go:116] watchAllDir unable to walk dir `f:\\campus-management-system\\dataconnect`: CreateFile f:\\campus-management-system\\dataconnect: The system cannot find the file specified.\nE0217 23:57:02.903974   15704 watch.go:40] Failed to load config from \"f:\\\\campus-management-system\\\\dataconnect\": could not find dataconnect.yaml in `f:\\campus-management-system\\dataconnect`\n"}}
[debug] [2026-02-17T15:57:12.903Z] E0217 23:57:12.903877   15704 watch.go:40] Failed to load config from "f:\\campus-management-system\\dataconnect": could not find dataconnect.yaml in `f:\campus-management-system\dataconnect`
 {"metadata":{"emulator":{"name":"dataconnect"},"message":"E0217 23:57:12.903877   15704 watch.go:40] Failed to load config from \"f:\\\\campus-management-system\\\\dataconnect\": could not find dataconnect.yaml in `f:\\campus-management-system\\dataconnect`\n"}}
[debug] [2026-02-17T15:57:22.903Z] E0217 23:57:22.903795   15704 watch.go:40] Failed to load config from "f:\\campus-management-system\\dataconnect": could not find dataconnect.yaml in `f:\campus-management-system\dataconnect`
 {"metadata":{"emulator":{"name":"dataconnect"},"message":"E0217 23:57:22.903795   15704 watch.go:40] Failed to load config from \"f:\\\\campus-management-system\\\\dataconnect\": could not find dataconnect.yaml in `f:\\campus-management-system\\dataconnect`\n"}}
[debug] [2026-02-17T15:57:32.903Z] E0217 23:57:32.903614   15704 watch.go:40] Failed to load config from "f:\\campus-management-system\\dataconnect": could not find dataconnect.yaml in `f:\campus-management-system\dataconnect`
 {"metadata":{"emulator":{"name":"dataconnect"},"message":"E0217 23:57:32.903614   15704 watch.go:40] Failed to load config from \"f:\\\\campus-management-system\\\\dataconnect\": could not find dataconnect.yaml in `f:\\campus-management-system\\dataconnect`\n"}}
[debug] [2026-02-17T15:57:42.903Z] E0217 23:57:42.903535   15704 watch.go:40] Failed to load config from "f:\\campus-management-system\\dataconnect": could not find dataconnect.yaml in `f:\campus-management-system\dataconnect`
 {"metadata":{"emulator":{"name":"dataconnect"},"message":"E0217 23:57:42.903535   15704 watch.go:40] Failed to load config from \"f:\\\\campus-management-system\\\\dataconnect\": could not find dataconnect.yaml in `f:\\campus-management-system\\dataconnect`\n"}}
[debug] [2026-02-17T15:57:52.903Z] E0217 23:57:52.903796   15704 watch.go:40] Failed to load config from "f:\\campus-management-system\\dataconnect": could not find dataconnect.yaml in `f:\campus-management-system\dataconnect`
 {"metadata":{"emulator":{"name":"dataconnect"},"message":"E0217 23:57:52.903796   15704 watch.go:40] Failed to load config from \"f:\\\\campus-management-system\\\\dataconnect\": could not find dataconnect.yaml in `f:\\campus-management-system\\dataconnect`\n"}}
[debug] [2026-02-17T15:58:02.903Z] E0217 23:58:02.903541   15704 watch.go:116] watchAllDir unable to walk dir `f:\campus-management-system\dataconnect`: CreateFile f:\campus-management-system\dataconnect: The system cannot find the file specified.
E0217 23:58:02.903541   15704 watch.go:40] Failed to load config from "f:\\campus-management-system\\dataconnect": could not find dataconnect.yaml in `f:\campus-management-system\dataconnect`
 {"metadata":{"emulator":{"name":"dataconnect"},"message":"E0217 23:58:02.903541   15704 watch.go:116] watchAllDir unable to walk dir `f:\\campus-management-system\\dataconnect`: CreateFile f:\\campus-management-system\\dataconnect: The system cannot find the file specified.\nE0217 23:58:02.903541   15704 watch.go:40] Failed to load config from \"f:\\\\campus-management-system\\\\dataconnect\": could not find dataconnect.yaml in `f:\\campus-management-system\\dataconnect`\n"}}
[debug] [2026-02-17T15:58:12.903Z] E0217 23:58:12.903737   15704 watch.go:40] Failed to load config from "f:\\campus-management-system\\dataconnect": could not find dataconnect.yaml in `f:\campus-management-system\dataconnect`
 {"metadata":{"emulator":{"name":"dataconnect"},"message":"E0217 23:58:12.903737   15704 watch.go:40] Failed to load config from \"f:\\\\campus-management-system\\\\dataconnect\": could not find dataconnect.yaml in `f:\\campus-management-system\\dataconnect`\n"}}
[debug] [2026-02-17T15:58:22.903Z] E0217 23:58:22.903911   15704 watch.go:40] Failed to load config from "f:\\campus-management-system\\dataconnect": could not find dataconnect.yaml in `f:\campus-management-system\dataconnect`
 {"metadata":{"emulator":{"name":"dataconnect"},"message":"E0217 23:58:22.903911   15704 watch.go:40] Failed to load config from \"f:\\\\campus-management-system\\\\dataconnect\": could not find dataconnect.yaml in `f:\\campus-management-system\\dataconnect`\n"}}
[debug] [2026-02-17T15:58:32.903Z] E0217 23:58:32.903691   15704 watch.go:40] Failed to load config from "f:\\campus-management-system\\dataconnect": could not find dataconnect.yaml in `f:\campus-management-system\dataconnect`
 {"metadata":{"emulator":{"name":"dataconnect"},"message":"E0217 23:58:32.903691   15704 watch.go:40] Failed to load config from \"f:\\\\campus-management-system\\\\dataconnect\": could not find dataconnect.yaml in `f:\\campus-management-system\\dataconnect`\n"}}
[debug] [2026-02-17T15:58:42.904Z] E0217 23:58:42.904017   15704 watch.go:40] Failed to load config from "f:\\campus-management-system\\dataconnect": could not find dataconnect.yaml in `f:\campus-management-system\dataconnect`
 {"metadata":{"emulator":{"name":"dataconnect"},"message":"E0217 23:58:42.904017   15704 watch.go:40] Failed to load config from \"f:\\\\campus-management-system\\\\dataconnect\": could not find dataconnect.yaml in `f:\\campus-management-system\\dataconnect`\n"}}
[debug] [2026-02-17T15:58:52.903Z] E0217 23:58:52.903743   15704 watch.go:40] Failed to load config from "f:\\campus-management-system\\dataconnect": could not find dataconnect.yaml in `f:\campus-management-system\dataconnect`
 {"metadata":{"emulator":{"name":"dataconnect"},"message":"E0217 23:58:52.903743   15704 watch.go:40] Failed to load config from \"f:\\\\campus-management-system\\\\dataconnect\": could not find dataconnect.yaml in `f:\\campus-management-system\\dataconnect`\n"}}
[debug] [2026-02-17T15:59:02.903Z] E0217 23:59:02.904027   15704 watch.go:116] watchAllDir unable to walk dir `f:\campus-management-system\dataconnect`: CreateFile f:\campus-management-system\dataconnect: The system cannot find the file specified.
E0217 23:59:02.904027   15704 watch.go:40] Failed to load config from "f:\\campus-management-system\\dataconnect": could not find dataconnect.yaml in `f:\campus-management-system\dataconnect`
 {"metadata":{"emulator":{"name":"dataconnect"},"message":"E0217 23:59:02.904027   15704 watch.go:116] watchAllDir unable to walk dir `f:\\campus-management-system\\dataconnect`: CreateFile f:\\campus-management-system\\dataconnect: The system cannot find the file specified.\nE0217 23:59:02.904027   15704 watch.go:40] Failed to load config from \"f:\\\\campus-management-system\\\\dataconnect\": could not find dataconnect.yaml in `f:\\campus-management-system\\dataconnect`\n"}}
[debug] [2026-02-17T15:59:12.903Z] E0217 23:59:12.903879   15704 watch.go:40] Failed to load config from "f:\\campus-management-system\\dataconnect": could not find dataconnect.yaml in `f:\campus-management-system\dataconnect`
 {"metadata":{"emulator":{"name":"dataconnect"},"message":"E0217 23:59:12.903879   15704 watch.go:40] Failed to load config from \"f:\\\\campus-management-system\\\\dataconnect\": could not find dataconnect.yaml in `f:\\campus-management-system\\dataconnect`\n"}}
[debug] [2026-02-17T15:59:22.903Z] E0217 23:59:22.903587   15704 watch.go:40] Failed to load config from "f:\\campus-management-system\\dataconnect": could not find dataconnect.yaml in `f:\campus-management-system\dataconnect`
 {"metadata":{"emulator":{"name":"dataconnect"},"message":"E0217 23:59:22.903587   15704 watch.go:40] Failed to load config from \"f:\\\\campus-management-system\\\\dataconnect\": could not find dataconnect.yaml in `f:\\campus-management-system\\dataconnect`\n"}}
[debug] [2026-02-17T15:59:32.903Z] E0217 23:59:32.903742   15704 watch.go:40] Failed to load config from "f:\\campus-management-system\\dataconnect": could not find dataconnect.yaml in `f:\campus-management-system\dataconnect`
 {"metadata":{"emulator":{"name":"dataconnect"},"message":"E0217 23:59:32.903742   15704 watch.go:40] Failed to load config from \"f:\\\\campus-management-system\\\\dataconnect\": could not find dataconnect.yaml in `f:\\campus-management-system\\dataconnect`\n"}}
[debug] [2026-02-17T15:59:42.903Z] E0217 23:59:42.903608   15704 watch.go:40] Failed to load config from "f:\\campus-management-system\\dataconnect": could not find dataconnect.yaml in `f:\campus-management-system\dataconnect`
 {"metadata":{"emulator":{"name":"dataconnect"},"message":"E0217 23:59:42.903608   15704 watch.go:40] Failed to load config from \"f:\\\\campus-management-system\\\\dataconnect\": could not find dataconnect.yaml in `f:\\campus-management-system\\dataconnect`\n"}}
[debug] [2026-02-17T15:59:52.903Z] E0217 23:59:52.903634   15704 watch.go:40] Failed to load config from "f:\\campus-management-system\\dataconnect": could not find dataconnect.yaml in `f:\campus-management-system\dataconnect`
 {"metadata":{"emulator":{"name":"dataconnect"},"message":"E0217 23:59:52.903634   15704 watch.go:40] Failed to load config from \"f:\\\\campus-management-system\\\\dataconnect\": could not find dataconnect.yaml in `f:\\campus-management-system\\dataconnect`\n"}}
[debug] [2026-02-17T16:00:02.903Z] E0218 00:00:02.903552   15704 watch.go:116] watchAllDir unable to walk dir `f:\campus-management-system\dataconnect`: CreateFile f:\campus-management-system\dataconnect: The system cannot find the file specified.
E0218 00:00:02.903552   15704 watch.go:40] Failed to load config from "f:\\campus-management-system\\dataconnect": could not find dataconnect.yaml in `f:\campus-management-system\dataconnect`
 {"metadata":{"emulator":{"name":"dataconnect"},"message":"E0218 00:00:02.903552   15704 watch.go:116] watchAllDir unable to walk dir `f:\\campus-management-system\\dataconnect`: CreateFile f:\\campus-management-system\\dataconnect: The system cannot find the file specified.\nE0218 00:00:02.903552   15704 watch.go:40] Failed to load config from \"f:\\\\campus-management-system\\\\dataconnect\": could not find dataconnect.yaml in `f:\\campus-management-system\\dataconnect`\n"}}
[debug] [2026-02-17T16:00:12.904Z] E0218 00:00:12.904128   15704 watch.go:40] Failed to load config from "f:\\campus-management-system\\dataconnect": could not find dataconnect.yaml in `f:\campus-management-system\dataconnect`
 {"metadata":{"emulator":{"name":"dataconnect"},"message":"E0218 00:00:12.904128   15704 watch.go:40] Failed to load config from \"f:\\\\campus-management-system\\\\dataconnect\": could not find dataconnect.yaml in `f:\\campus-management-system\\dataconnect`\n"}}
[debug] [2026-02-17T16:00:22.903Z] E0218 00:00:22.903670   15704 watch.go:40] Failed to load config from "f:\\campus-management-system\\dataconnect": could not find dataconnect.yaml in `f:\campus-management-system\dataconnect`
 {"metadata":{"emulator":{"name":"dataconnect"},"message":"E0218 00:00:22.903670   15704 watch.go:40] Failed to load config from \"f:\\\\campus-management-system\\\\dataconnect\": could not find dataconnect.yaml in `f:\\campus-management-system\\dataconnect`\n"}}
[debug] [2026-02-17T16:00:32.903Z] E0218 00:00:32.903549   15704 watch.go:40] Failed to load config from "f:\\campus-management-system\\dataconnect": could not find dataconnect.yaml in `f:\campus-management-system\dataconnect`
 {"metadata":{"emulator":{"name":"dataconnect"},"message":"E0218 00:00:32.903549   15704 watch.go:40] Failed to load config from \"f:\\\\campus-management-system\\\\dataconnect\": could not find dataconnect.yaml in `f:\\campus-management-system\\dataconnect`\n"}}
[debug] [2026-02-17T16:00:42.903Z] E0218 00:00:42.903694   15704 watch.go:40] Failed to load config from "f:\\campus-management-system\\dataconnect": could not find dataconnect.yaml in `f:\campus-management-system\dataconnect`
 {"metadata":{"emulator":{"name":"dataconnect"},"message":"E0218 00:00:42.903694   15704 watch.go:40] Failed to load config from \"f:\\\\campus-management-system\\\\dataconnect\": could not find dataconnect.yaml in `f:\\campus-management-system\\dataconnect`\n"}}
[debug] [2026-02-17T16:00:52.903Z] E0218 00:00:52.903926   15704 watch.go:40] Failed to load config from "f:\\campus-management-system\\dataconnect": could not find dataconnect.yaml in `f:\campus-management-system\dataconnect`
 {"metadata":{"emulator":{"name":"dataconnect"},"message":"E0218 00:00:52.903926   15704 watch.go:40] Failed to load config from \"f:\\\\campus-management-system\\\\dataconnect\": could not find dataconnect.yaml in `f:\\campus-management-system\\dataconnect`\n"}}
[debug] [2026-02-17T16:01:02.903Z] E0218 00:01:02.903630   15704 watch.go:116] watchAllDir unable to walk dir `f:\campus-management-system\dataconnect`: CreateFile f:\campus-management-system\dataconnect: The system cannot find the file specified.
E0218 00:01:02.903630   15704 watch.go:40] Failed to load config from "f:\\campus-management-system\\dataconnect": could not find dataconnect.yaml in `f:\campus-management-system\dataconnect`
 {"metadata":{"emulator":{"name":"dataconnect"},"message":"E0218 00:01:02.903630   15704 watch.go:116] watchAllDir unable to walk dir `f:\\campus-management-system\\dataconnect`: CreateFile f:\\campus-management-system\\dataconnect: The system cannot find the file specified.\nE0218 00:01:02.903630   15704 watch.go:40] Failed to load config from \"f:\\\\campus-management-system\\\\dataconnect\": could not find dataconnect.yaml in `f:\\campus-management-system\\dataconnect`\n"}}
[debug] [2026-02-17T16:01:12.903Z] E0218 00:01:12.903733   15704 watch.go:40] Failed to load config from "f:\\campus-management-system\\dataconnect": could not find dataconnect.yaml in `f:\campus-management-system\dataconnect`
 {"metadata":{"emulator":{"name":"dataconnect"},"message":"E0218 00:01:12.903733   15704 watch.go:40] Failed to load config from \"f:\\\\campus-management-system\\\\dataconnect\": could not find dataconnect.yaml in `f:\\campus-management-system\\dataconnect`\n"}}
[debug] [2026-02-17T16:01:22.903Z] E0218 00:01:22.903717   15704 watch.go:40] Failed to load config from "f:\\campus-management-system\\dataconnect": could not find dataconnect.yaml in `f:\campus-management-system\dataconnect`
 {"metadata":{"emulator":{"name":"dataconnect"},"message":"E0218 00:01:22.903717   15704 watch.go:40] Failed to load config from \"f:\\\\campus-management-system\\\\dataconnect\": could not find dataconnect.yaml in `f:\\campus-management-system\\dataconnect`\n"}}
[debug] [2026-02-17T16:01:32.903Z] E0218 00:01:32.903546   15704 watch.go:40] Failed to load config from "f:\\campus-management-system\\dataconnect": could not find dataconnect.yaml in `f:\campus-management-system\dataconnect`
 {"metadata":{"emulator":{"name":"dataconnect"},"message":"E0218 00:01:32.903546   15704 watch.go:40] Failed to load config from \"f:\\\\campus-management-system\\\\dataconnect\": could not find dataconnect.yaml in `f:\\campus-management-system\\dataconnect`\n"}}
[debug] [2026-02-17T16:01:42.903Z] E0218 00:01:42.903907   15704 watch.go:40] Failed to load config from "f:\\campus-management-system\\dataconnect": could not find dataconnect.yaml in `f:\campus-management-system\dataconnect`
 {"metadata":{"emulator":{"name":"dataconnect"},"message":"E0218 00:01:42.903907   15704 watch.go:40] Failed to load config from \"f:\\\\campus-management-system\\\\dataconnect\": could not find dataconnect.yaml in `f:\\campus-management-system\\dataconnect`\n"}}
[debug] [2026-02-17T16:01:52.903Z] E0218 00:01:52.903979   15704 watch.go:40] Failed to load config from "f:\\campus-management-system\\dataconnect": could not find dataconnect.yaml in `f:\campus-management-system\dataconnect`
 {"metadata":{"emulator":{"name":"dataconnect"},"message":"E0218 00:01:52.903979   15704 watch.go:40] Failed to load config from \"f:\\\\campus-management-system\\\\dataconnect\": could not find dataconnect.yaml in `f:\\campus-management-system\\dataconnect`\n"}}
[debug] [2026-02-17T16:02:02.903Z] E0218 00:02:02.903546   15704 watch.go:116] watchAllDir unable to walk dir `f:\campus-management-system\dataconnect`: CreateFile f:\campus-management-system\dataconnect: The system cannot find the file specified.
E0218 00:02:02.903546   15704 watch.go:40] Failed to load config from "f:\\campus-management-system\\dataconnect": could not find dataconnect.yaml in `f:\campus-management-system\dataconnect`
 {"metadata":{"emulator":{"name":"dataconnect"},"message":"E0218 00:02:02.903546   15704 watch.go:116] watchAllDir unable to walk dir `f:\\campus-management-system\\dataconnect`: CreateFile f:\\campus-management-system\\dataconnect: The system cannot find the file specified.\nE0218 00:02:02.903546   15704 watch.go:40] Failed to load config from \"f:\\\\campus-management-system\\\\dataconnect\": could not find dataconnect.yaml in `f:\\campus-management-system\\dataconnect`\n"}}
[debug] [2026-02-17T16:02:12.903Z] E0218 00:02:12.903902   15704 watch.go:40] Failed to load config from "f:\\campus-management-system\\dataconnect": could not find dataconnect.yaml in `f:\campus-management-system\dataconnect`
 {"metadata":{"emulator":{"name":"dataconnect"},"message":"E0218 00:02:12.903902   15704 watch.go:40] Failed to load config from \"f:\\\\campus-management-system\\\\dataconnect\": could not find dataconnect.yaml in `f:\\campus-management-system\\dataconnect`\n"}}
[debug] [2026-02-17T16:02:22.904Z] E0218 00:02:22.904440   15704 watch.go:40] Failed to load config from "f:\\campus-management-system\\dataconnect": could not find dataconnect.yaml in `f:\campus-management-system\dataconnect`
 {"metadata":{"emulator":{"name":"dataconnect"},"message":"E0218 00:02:22.904440   15704 watch.go:40] Failed to load config from \"f:\\\\campus-management-system\\\\dataconnect\": could not find dataconnect.yaml in `f:\\campus-management-system\\dataconnect`\n"}}
[debug] [2026-02-17T16:02:32.903Z] E0218 00:02:32.903626   15704 watch.go:40] Failed to load config from "f:\\campus-management-system\\dataconnect": could not find dataconnect.yaml in `f:\campus-management-system\dataconnect`
 {"metadata":{"emulator":{"name":"dataconnect"},"message":"E0218 00:02:32.903626   15704 watch.go:40] Failed to load config from \"f:\\\\campus-management-system\\\\dataconnect\": could not find dataconnect.yaml in `f:\\campus-management-system\\dataconnect`\n"}}
[debug] [2026-02-17T16:02:42.903Z] E0218 00:02:42.903788   15704 watch.go:40] Failed to load config from "f:\\campus-management-system\\dataconnect": could not find dataconnect.yaml in `f:\campus-management-system\dataconnect`
 {"metadata":{"emulator":{"name":"dataconnect"},"message":"E0218 00:02:42.903788   15704 watch.go:40] Failed to load config from \"f:\\\\campus-management-system\\\\dataconnect\": could not find dataconnect.yaml in `f:\\campus-management-system\\dataconnect`\n"}}
[debug] [2026-02-17T16:02:52.903Z] E0218 00:02:52.903789   15704 watch.go:40] Failed to load config from "f:\\campus-management-system\\dataconnect": could not find dataconnect.yaml in `f:\campus-management-system\dataconnect`
 {"metadata":{"emulator":{"name":"dataconnect"},"message":"E0218 00:02:52.903789   15704 watch.go:40] Failed to load config from \"f:\\\\campus-management-system\\\\dataconnect\": could not find dataconnect.yaml in `f:\\campus-management-system\\dataconnect`\n"}}
[debug] [2026-02-17T16:03:02.903Z] E0218 00:03:02.903945   15704 watch.go:116] watchAllDir unable to walk dir `f:\campus-management-system\dataconnect`: CreateFile f:\campus-management-system\dataconnect: The system cannot find the file specified.
E0218 00:03:02.903945   15704 watch.go:40] Failed to load config from "f:\\campus-management-system\\dataconnect": could not find dataconnect.yaml in `f:\campus-management-system\dataconnect`
 {"metadata":{"emulator":{"name":"dataconnect"},"message":"E0218 00:03:02.903945   15704 watch.go:116] watchAllDir unable to walk dir `f:\\campus-management-system\\dataconnect`: CreateFile f:\\campus-management-system\\dataconnect: The system cannot find the file specified.\nE0218 00:03:02.903945   15704 watch.go:40] Failed to load config from \"f:\\\\campus-management-system\\\\dataconnect\": could not find dataconnect.yaml in `f:\\campus-management-system\\dataconnect`\n"}}
[debug] [2026-02-17T16:03:12.903Z] E0218 00:03:12.903726   15704 watch.go:40] Failed to load config from "f:\\campus-management-system\\dataconnect": could not find dataconnect.yaml in `f:\campus-management-system\dataconnect`
 {"metadata":{"emulator":{"name":"dataconnect"},"message":"E0218 00:03:12.903726   15704 watch.go:40] Failed to load config from \"f:\\\\campus-management-system\\\\dataconnect\": could not find dataconnect.yaml in `f:\\campus-management-system\\dataconnect`\n"}}
[debug] [2026-02-17T16:03:22.903Z] E0218 00:03:22.903806   15704 watch.go:40] Failed to load config from "f:\\campus-management-system\\dataconnect": could not find dataconnect.yaml in `f:\campus-management-system\dataconnect`
 {"metadata":{"emulator":{"name":"dataconnect"},"message":"E0218 00:03:22.903806   15704 watch.go:40] Failed to load config from \"f:\\\\campus-management-system\\\\dataconnect\": could not find dataconnect.yaml in `f:\\campus-management-system\\dataconnect`\n"}}
[debug] [2026-02-17T16:03:32.903Z] E0218 00:03:32.903550   15704 watch.go:40] Failed to load config from "f:\\campus-management-system\\dataconnect": could not find dataconnect.yaml in `f:\campus-management-system\dataconnect`
 {"metadata":{"emulator":{"name":"dataconnect"},"message":"E0218 00:03:32.903550   15704 watch.go:40] Failed to load config from \"f:\\\\campus-management-system\\\\dataconnect\": could not find dataconnect.yaml in `f:\\campus-management-system\\dataconnect`\n"}}
[debug] [2026-02-17T16:03:42.903Z] E0218 00:03:42.903533   15704 watch.go:40] Failed to load config from "f:\\campus-management-system\\dataconnect": could not find dataconnect.yaml in `f:\campus-management-system\dataconnect`
 {"metadata":{"emulator":{"name":"dataconnect"},"message":"E0218 00:03:42.903533   15704 watch.go:40] Failed to load config from \"f:\\\\campus-management-system\\\\dataconnect\": could not find dataconnect.yaml in `f:\\campus-management-system\\dataconnect`\n"}}
[debug] [2026-02-17T16:03:52.903Z] E0218 00:03:52.903548   15704 watch.go:40] Failed to load config from "f:\\campus-management-system\\dataconnect": could not find dataconnect.yaml in `f:\campus-management-system\dataconnect`
 {"metadata":{"emulator":{"name":"dataconnect"},"message":"E0218 00:03:52.903548   15704 watch.go:40] Failed to load config from \"f:\\\\campus-management-system\\\\dataconnect\": could not find dataconnect.yaml in `f:\\campus-management-system\\dataconnect`\n"}}
[debug] [2026-02-17T16:04:02.903Z] E0218 00:04:02.903571   15704 watch.go:116] watchAllDir unable to walk dir `f:\campus-management-system\dataconnect`: CreateFile f:\campus-management-system\dataconnect: The system cannot find the file specified.
E0218 00:04:02.903571   15704 watch.go:40] Failed to load config from "f:\\campus-management-system\\dataconnect": could not find dataconnect.yaml in `f:\campus-management-system\dataconnect`
 {"metadata":{"emulator":{"name":"dataconnect"},"message":"E0218 00:04:02.903571   15704 watch.go:116] watchAllDir unable to walk dir `f:\\campus-management-system\\dataconnect`: CreateFile f:\\campus-management-system\\dataconnect: The system cannot find the file specified.\nE0218 00:04:02.903571   15704 watch.go:40] Failed to load config from \"f:\\\\campus-management-system\\\\dataconnect\": could not find dataconnect.yaml in `f:\\campus-management-system\\dataconnect`\n"}}
[debug] [2026-02-17T16:04:12.903Z] E0218 00:04:12.903722   15704 watch.go:40] Failed to load config from "f:\\campus-management-system\\dataconnect": could not find dataconnect.yaml in `f:\campus-management-system\dataconnect`
 {"metadata":{"emulator":{"name":"dataconnect"},"message":"E0218 00:04:12.903722   15704 watch.go:40] Failed to load config from \"f:\\\\campus-management-system\\\\dataconnect\": could not find dataconnect.yaml in `f:\\campus-management-system\\dataconnect`\n"}}
[debug] [2026-02-17T16:04:22.903Z] E0218 00:04:22.903570   15704 watch.go:40] Failed to load config from "f:\\campus-management-system\\dataconnect": could not find dataconnect.yaml in `f:\campus-management-system\dataconnect`
 {"metadata":{"emulator":{"name":"dataconnect"},"message":"E0218 00:04:22.903570   15704 watch.go:40] Failed to load config from \"f:\\\\campus-management-system\\\\dataconnect\": could not find dataconnect.yaml in `f:\\campus-management-system\\dataconnect`\n"}}
[debug] [2026-02-17T16:04:32.903Z] E0218 00:04:32.903549   15704 watch.go:40] Failed to load config from "f:\\campus-management-system\\dataconnect": could not find dataconnect.yaml in `f:\campus-management-system\dataconnect`
 {"metadata":{"emulator":{"name":"dataconnect"},"message":"E0218 00:04:32.903549   15704 watch.go:40] Failed to load config from \"f:\\\\campus-management-system\\\\dataconnect\": could not find dataconnect.yaml in `f:\\campus-management-system\\dataconnect`\n"}}
[debug] [2026-02-17T16:04:42.903Z] E0218 00:04:42.904026   15704 watch.go:40] Failed to load config from "f:\\campus-management-system\\dataconnect": could not find dataconnect.yaml in `f:\campus-management-system\dataconnect`
 {"metadata":{"emulator":{"name":"dataconnect"},"message":"E0218 00:04:42.904026   15704 watch.go:40] Failed to load config from \"f:\\\\campus-management-system\\\\dataconnect\": could not find dataconnect.yaml in `f:\\campus-management-system\\dataconnect`\n"}}
[debug] [2026-02-17T16:04:52.903Z] E0218 00:04:52.903541   15704 watch.go:40] Failed to load config from "f:\\campus-management-system\\dataconnect": could not find dataconnect.yaml in `f:\campus-management-system\dataconnect`
 {"metadata":{"emulator":{"name":"dataconnect"},"message":"E0218 00:04:52.903541   15704 watch.go:40] Failed to load config from \"f:\\\\campus-management-system\\\\dataconnect\": could not find dataconnect.yaml in `f:\\campus-management-system\\dataconnect`\n"}}
[debug] [2026-02-17T16:05:02.903Z] E0218 00:05:02.903943   15704 watch.go:116] watchAllDir unable to walk dir `f:\campus-management-system\dataconnect`: CreateFile f:\campus-management-system\dataconnect: The system cannot find the file specified.
E0218 00:05:02.903943   15704 watch.go:40] Failed to load config from "f:\\campus-management-system\\dataconnect": could not find dataconnect.yaml in `f:\campus-management-system\dataconnect`
 {"metadata":{"emulator":{"name":"dataconnect"},"message":"E0218 00:05:02.903943   15704 watch.go:116] watchAllDir unable to walk dir `f:\\campus-management-system\\dataconnect`: CreateFile f:\\campus-management-system\\dataconnect: The system cannot find the file specified.\nE0218 00:05:02.903943   15704 watch.go:40] Failed to load config from \"f:\\\\campus-management-system\\\\dataconnect\": could not find dataconnect.yaml in `f:\\campus-management-system\\dataconnect`\n"}}
[debug] [2026-02-17T16:05:12.904Z] E0218 00:05:12.904101   15704 watch.go:40] Failed to load config from "f:\\campus-management-system\\dataconnect": could not find dataconnect.yaml in `f:\campus-management-system\dataconnect`
 {"metadata":{"emulator":{"name":"dataconnect"},"message":"E0218 00:05:12.904101   15704 watch.go:40] Failed to load config from \"f:\\\\campus-management-system\\\\dataconnect\": could not find dataconnect.yaml in `f:\\campus-management-system\\dataconnect`\n"}}
[debug] [2026-02-17T16:05:22.903Z] E0218 00:05:22.903554   15704 watch.go:40] Failed to load config from "f:\\campus-management-system\\dataconnect": could not find dataconnect.yaml in `f:\campus-management-system\dataconnect`
 {"metadata":{"emulator":{"name":"dataconnect"},"message":"E0218 00:05:22.903554   15704 watch.go:40] Failed to load config from \"f:\\\\campus-management-system\\\\dataconnect\": could not find dataconnect.yaml in `f:\\campus-management-system\\dataconnect`\n"}}
[debug] [2026-02-17T16:05:32.903Z] E0218 00:05:32.903646   15704 watch.go:40] Failed to load config from "f:\\campus-management-system\\dataconnect": could not find dataconnect.yaml in `f:\campus-management-system\dataconnect`
 {"metadata":{"emulator":{"name":"dataconnect"},"message":"E0218 00:05:32.903646   15704 watch.go:40] Failed to load config from \"f:\\\\campus-management-system\\\\dataconnect\": could not find dataconnect.yaml in `f:\\campus-management-system\\dataconnect`\n"}}
[debug] [2026-02-17T16:05:42.903Z] E0218 00:05:42.903560   15704 watch.go:40] Failed to load config from "f:\\campus-management-system\\dataconnect": could not find dataconnect.yaml in `f:\campus-management-system\dataconnect`
 {"metadata":{"emulator":{"name":"dataconnect"},"message":"E0218 00:05:42.903560   15704 watch.go:40] Failed to load config from \"f:\\\\campus-management-system\\\\dataconnect\": could not find dataconnect.yaml in `f:\\campus-management-system\\dataconnect`\n"}}
[debug] [2026-02-17T16:05:52.903Z] E0218 00:05:52.903537   15704 watch.go:40] Failed to load config from "f:\\campus-management-system\\dataconnect": could not find dataconnect.yaml in `f:\campus-management-system\dataconnect`
 {"metadata":{"emulator":{"name":"dataconnect"},"message":"E0218 00:05:52.903537   15704 watch.go:40] Failed to load config from \"f:\\\\campus-management-system\\\\dataconnect\": could not find dataconnect.yaml in `f:\\campus-management-system\\dataconnect`\n"}}
[debug] [2026-02-17T16:06:02.903Z] E0218 00:06:02.903535   15704 watch.go:116] watchAllDir unable to walk dir `f:\campus-management-system\dataconnect`: CreateFile f:\campus-management-system\dataconnect: The system cannot find the file specified.
E0218 00:06:02.903535   15704 watch.go:40] Failed to load config from "f:\\campus-management-system\\dataconnect": could not find dataconnect.yaml in `f:\campus-management-system\dataconnect`
 {"metadata":{"emulator":{"name":"dataconnect"},"message":"E0218 00:06:02.903535   15704 watch.go:116] watchAllDir unable to walk dir `f:\\campus-management-system\\dataconnect`: CreateFile f:\\campus-management-system\\dataconnect: The system cannot find the file specified.\nE0218 00:06:02.903535   15704 watch.go:40] Failed to load config from \"f:\\\\campus-management-system\\\\dataconnect\": could not find dataconnect.yaml in `f:\\campus-management-system\\dataconnect`\n"}}
[debug] [2026-02-17T16:06:12.903Z] E0218 00:06:12.903722   15704 watch.go:40] Failed to load config from "f:\\campus-management-system\\dataconnect": could not find dataconnect.yaml in `f:\campus-management-system\dataconnect`
 {"metadata":{"emulator":{"name":"dataconnect"},"message":"E0218 00:06:12.903722   15704 watch.go:40] Failed to load config from \"f:\\\\campus-management-system\\\\dataconnect\": could not find dataconnect.yaml in `f:\\campus-management-system\\dataconnect`\n"}}
[debug] [2026-02-17T16:06:22.903Z] E0218 00:06:22.903803   15704 watch.go:40] Failed to load config from "f:\\campus-management-system\\dataconnect": could not find dataconnect.yaml in `f:\campus-management-system\dataconnect`
 {"metadata":{"emulator":{"name":"dataconnect"},"message":"E0218 00:06:22.903803   15704 watch.go:40] Failed to load config from \"f:\\\\campus-management-system\\\\dataconnect\": could not find dataconnect.yaml in `f:\\campus-management-system\\dataconnect`\n"}}
[debug] [2026-02-17T16:06:32.903Z] E0218 00:06:32.903649   15704 watch.go:40] Failed to load config from "f:\\campus-management-system\\dataconnect": could not find dataconnect.yaml in `f:\campus-management-system\dataconnect`
 {"metadata":{"emulator":{"name":"dataconnect"},"message":"E0218 00:06:32.903649   15704 watch.go:40] Failed to load config from \"f:\\\\campus-management-system\\\\dataconnect\": could not find dataconnect.yaml in `f:\\campus-management-system\\dataconnect`\n"}}
[debug] [2026-02-17T16:06:42.903Z] E0218 00:06:42.903531   15704 watch.go:40] Failed to load config from "f:\\campus-management-system\\dataconnect": could not find dataconnect.yaml in `f:\campus-management-system\dataconnect`
 {"metadata":{"emulator":{"name":"dataconnect"},"message":"E0218 00:06:42.903531   15704 watch.go:40] Failed to load config from \"f:\\\\campus-management-system\\\\dataconnect\": could not find dataconnect.yaml in `f:\\campus-management-system\\dataconnect`\n"}}
[debug] [2026-02-17T16:06:52.904Z] E0218 00:06:52.903968   15704 watch.go:40] Failed to load config from "f:\\campus-management-system\\dataconnect": could not find dataconnect.yaml in `f:\campus-management-system\dataconnect`
 {"metadata":{"emulator":{"name":"dataconnect"},"message":"E0218 00:06:52.903968   15704 watch.go:40] Failed to load config from \"f:\\\\campus-management-system\\\\dataconnect\": could not find dataconnect.yaml in `f:\\campus-management-system\\dataconnect`\n"}}
[debug] [2026-02-17T16:07:02.903Z] E0218 00:07:02.903913   15704 watch.go:116] watchAllDir unable to walk dir `f:\campus-management-system\dataconnect`: CreateFile f:\campus-management-system\dataconnect: The system cannot find the file specified.
E0218 00:07:02.903913   15704 watch.go:40] Failed to load config from "f:\\campus-management-system\\dataconnect": could not find dataconnect.yaml in `f:\campus-management-system\dataconnect`
 {"metadata":{"emulator":{"name":"dataconnect"},"message":"E0218 00:07:02.903913   15704 watch.go:116] watchAllDir unable to walk dir `f:\\campus-management-system\\dataconnect`: CreateFile f:\\campus-management-system\\dataconnect: The system cannot find the file specified.\nE0218 00:07:02.903913   15704 watch.go:40] Failed to load config from \"f:\\\\campus-management-system\\\\dataconnect\": could not find dataconnect.yaml in `f:\\campus-management-system\\dataconnect`\n"}}
[debug] [2026-02-17T16:07:12.903Z] E0218 00:07:12.903671   15704 watch.go:40] Failed to load config from "f:\\campus-management-system\\dataconnect": could not find dataconnect.yaml in `f:\campus-management-system\dataconnect`
 {"metadata":{"emulator":{"name":"dataconnect"},"message":"E0218 00:07:12.903671   15704 watch.go:40] Failed to load config from \"f:\\\\campus-management-system\\\\dataconnect\": could not find dataconnect.yaml in `f:\\campus-management-system\\dataconnect`\n"}}
[debug] [2026-02-17T16:07:22.903Z] E0218 00:07:22.903957   15704 watch.go:40] Failed to load config from "f:\\campus-management-system\\dataconnect": could not find dataconnect.yaml in `f:\campus-management-system\dataconnect`
 {"metadata":{"emulator":{"name":"dataconnect"},"message":"E0218 00:07:22.903957   15704 watch.go:40] Failed to load config from \"f:\\\\campus-management-system\\\\dataconnect\": could not find dataconnect.yaml in `f:\\campus-management-system\\dataconnect`\n"}}
[debug] [2026-02-17T16:07:32.903Z] E0218 00:07:32.903656   15704 watch.go:40] Failed to load config from "f:\\campus-management-system\\dataconnect": could not find dataconnect.yaml in `f:\campus-management-system\dataconnect`
 {"metadata":{"emulator":{"name":"dataconnect"},"message":"E0218 00:07:32.903656   15704 watch.go:40] Failed to load config from \"f:\\\\campus-management-system\\\\dataconnect\": could not find dataconnect.yaml in `f:\\campus-management-system\\dataconnect`\n"}}
[debug] [2026-02-17T16:07:42.903Z] E0218 00:07:42.903768   15704 watch.go:40] Failed to load config from "f:\\campus-management-system\\dataconnect": could not find dataconnect.yaml in `f:\campus-management-system\dataconnect`
 {"metadata":{"emulator":{"name":"dataconnect"},"message":"E0218 00:07:42.903768   15704 watch.go:40] Failed to load config from \"f:\\\\campus-management-system\\\\dataconnect\": could not find dataconnect.yaml in `f:\\campus-management-system\\dataconnect`\n"}}
[debug] [2026-02-17T16:07:52.903Z] E0218 00:07:52.903551   15704 watch.go:40] Failed to load config from "f:\\campus-management-system\\dataconnect": could not find dataconnect.yaml in `f:\campus-management-system\dataconnect`
 {"metadata":{"emulator":{"name":"dataconnect"},"message":"E0218 00:07:52.903551   15704 watch.go:40] Failed to load config from \"f:\\\\campus-management-system\\\\dataconnect\": could not find dataconnect.yaml in `f:\\campus-management-system\\dataconnect`\n"}}
[debug] [2026-02-17T16:08:02.903Z] E0218 00:08:02.903573   15704 watch.go:116] watchAllDir unable to walk dir `f:\campus-management-system\dataconnect`: CreateFile f:\campus-management-system\dataconnect: The system cannot find the file specified.
E0218 00:08:02.903573   15704 watch.go:40] Failed to load config from "f:\\campus-management-system\\dataconnect": could not find dataconnect.yaml in `f:\campus-management-system\dataconnect`
 {"metadata":{"emulator":{"name":"dataconnect"},"message":"E0218 00:08:02.903573   15704 watch.go:116] watchAllDir unable to walk dir `f:\\campus-management-system\\dataconnect`: CreateFile f:\\campus-management-system\\dataconnect: The system cannot find the file specified.\nE0218 00:08:02.903573   15704 watch.go:40] Failed to load config from \"f:\\\\campus-management-system\\\\dataconnect\": could not find dataconnect.yaml in `f:\\campus-management-system\\dataconnect`\n"}}
[debug] [2026-02-17T16:08:12.903Z] E0218 00:08:12.903646   15704 watch.go:40] Failed to load config from "f:\\campus-management-system\\dataconnect": could not find dataconnect.yaml in `f:\campus-management-system\dataconnect`
 {"metadata":{"emulator":{"name":"dataconnect"},"message":"E0218 00:08:12.903646   15704 watch.go:40] Failed to load config from \"f:\\\\campus-management-system\\\\dataconnect\": could not find dataconnect.yaml in `f:\\campus-management-system\\dataconnect`\n"}}
[debug] [2026-02-17T16:08:22.903Z] E0218 00:08:22.903575   15704 watch.go:40] Failed to load config from "f:\\campus-management-system\\dataconnect": could not find dataconnect.yaml in `f:\campus-management-system\dataconnect`
 {"metadata":{"emulator":{"name":"dataconnect"},"message":"E0218 00:08:22.903575   15704 watch.go:40] Failed to load config from \"f:\\\\campus-management-system\\\\dataconnect\": could not find dataconnect.yaml in `f:\\campus-management-system\\dataconnect`\n"}}
[debug] [2026-02-17T16:08:32.903Z] E0218 00:08:32.903604   15704 watch.go:40] Failed to load config from "f:\\campus-management-system\\dataconnect": could not find dataconnect.yaml in `f:\campus-management-system\dataconnect`
 {"metadata":{"emulator":{"name":"dataconnect"},"message":"E0218 00:08:32.903604   15704 watch.go:40] Failed to load config from \"f:\\\\campus-management-system\\\\dataconnect\": could not find dataconnect.yaml in `f:\\campus-management-system\\dataconnect`\n"}}
[debug] [2026-02-17T16:08:42.903Z] E0218 00:08:42.903555   15704 watch.go:40] Failed to load config from "f:\\campus-management-system\\dataconnect": could not find dataconnect.yaml in `f:\campus-management-system\dataconnect`
 {"metadata":{"emulator":{"name":"dataconnect"},"message":"E0218 00:08:42.903555   15704 watch.go:40] Failed to load config from \"f:\\\\campus-management-system\\\\dataconnect\": could not find dataconnect.yaml in `f:\\campus-management-system\\dataconnect`\n"}}
[debug] [2026-02-17T16:08:52.903Z] E0218 00:08:52.903986   15704 watch.go:40] Failed to load config from "f:\\campus-management-system\\dataconnect": could not find dataconnect.yaml in `f:\campus-management-system\dataconnect`
 {"metadata":{"emulator":{"name":"dataconnect"},"message":"E0218 00:08:52.903986   15704 watch.go:40] Failed to load config from \"f:\\\\campus-management-system\\\\dataconnect\": could not find dataconnect.yaml in `f:\\campus-management-system\\dataconnect`\n"}}
[debug] [2026-02-17T16:09:02.903Z] E0218 00:09:02.903983   15704 watch.go:116] watchAllDir unable to walk dir `f:\campus-management-system\dataconnect`: CreateFile f:\campus-management-system\dataconnect: The system cannot find the file specified.
E0218 00:09:02.903983   15704 watch.go:40] Failed to load config from "f:\\campus-management-system\\dataconnect": could not find dataconnect.yaml in `f:\campus-management-system\dataconnect`
 {"metadata":{"emulator":{"name":"dataconnect"},"message":"E0218 00:09:02.903983   15704 watch.go:116] watchAllDir unable to walk dir `f:\\campus-management-system\\dataconnect`: CreateFile f:\\campus-management-system\\dataconnect: The system cannot find the file specified.\nE0218 00:09:02.903983   15704 watch.go:40] Failed to load config from \"f:\\\\campus-management-system\\\\dataconnect\": could not find dataconnect.yaml in `f:\\campus-management-system\\dataconnect`\n"}}
[debug] [2026-02-17T16:09:12.903Z] E0218 00:09:12.903594   15704 watch.go:40] Failed to load config from "f:\\campus-management-system\\dataconnect": could not find dataconnect.yaml in `f:\campus-management-system\dataconnect`
 {"metadata":{"emulator":{"name":"dataconnect"},"message":"E0218 00:09:12.903594   15704 watch.go:40] Failed to load config from \"f:\\\\campus-management-system\\\\dataconnect\": could not find dataconnect.yaml in `f:\\campus-management-system\\dataconnect`\n"}}
[debug] [2026-02-17T16:09:22.903Z] E0218 00:09:22.903872   15704 watch.go:40] Failed to load config from "f:\\campus-management-system\\dataconnect": could not find dataconnect.yaml in `f:\campus-management-system\dataconnect`
 {"metadata":{"emulator":{"name":"dataconnect"},"message":"E0218 00:09:22.903872   15704 watch.go:40] Failed to load config from \"f:\\\\campus-management-system\\\\dataconnect\": could not find dataconnect.yaml in `f:\\campus-management-system\\dataconnect`\n"}}
[debug] [2026-02-17T16:09:32.903Z] E0218 00:09:32.904032   15704 watch.go:40] Failed to load config from "f:\\campus-management-system\\dataconnect": could not find dataconnect.yaml in `f:\campus-management-system\dataconnect`
 {"metadata":{"emulator":{"name":"dataconnect"},"message":"E0218 00:09:32.904032   15704 watch.go:40] Failed to load config from \"f:\\\\campus-management-system\\\\dataconnect\": could not find dataconnect.yaml in `f:\\campus-management-system\\dataconnect`\n"}}
[debug] [2026-02-17T16:09:42.903Z] E0218 00:09:42.903852   15704 watch.go:40] Failed to load config from "f:\\campus-management-system\\dataconnect": could not find dataconnect.yaml in `f:\campus-management-system\dataconnect`
 {"metadata":{"emulator":{"name":"dataconnect"},"message":"E0218 00:09:42.903852   15704 watch.go:40] Failed to load config from \"f:\\\\campus-management-system\\\\dataconnect\": could not find dataconnect.yaml in `f:\\campus-management-system\\dataconnect`\n"}}
[debug] [2026-02-17T16:09:52.903Z] E0218 00:09:52.903848   15704 watch.go:40] Failed to load config from "f:\\campus-management-system\\dataconnect": could not find dataconnect.yaml in `f:\campus-management-system\dataconnect`
 {"metadata":{"emulator":{"name":"dataconnect"},"message":"E0218 00:09:52.903848   15704 watch.go:40] Failed to load config from \"f:\\\\campus-management-system\\\\dataconnect\": could not find dataconnect.yaml in `f:\\campus-management-system\\dataconnect`\n"}}
[debug] [2026-02-17T16:10:02.903Z] E0218 00:10:02.903545   15704 watch.go:116] watchAllDir unable to walk dir `f:\campus-management-system\dataconnect`: CreateFile f:\campus-management-system\dataconnect: The system cannot find the file specified.
E0218 00:10:02.903545   15704 watch.go:40] Failed to load config from "f:\\campus-management-system\\dataconnect": could not find dataconnect.yaml in `f:\campus-management-system\dataconnect`
 {"metadata":{"emulator":{"name":"dataconnect"},"message":"E0218 00:10:02.903545   15704 watch.go:116] watchAllDir unable to walk dir `f:\\campus-management-system\\dataconnect`: CreateFile f:\\campus-management-system\\dataconnect: The system cannot find the file specified.\nE0218 00:10:02.903545   15704 watch.go:40] Failed to load config from \"f:\\\\campus-management-system\\\\dataconnect\": could not find dataconnect.yaml in `f:\\campus-management-system\\dataconnect`\n"}}
[debug] [2026-02-17T16:10:12.904Z] E0218 00:10:12.904085   15704 watch.go:40] Failed to load config from "f:\\campus-management-system\\dataconnect": could not find dataconnect.yaml in `f:\campus-management-system\dataconnect`
 {"metadata":{"emulator":{"name":"dataconnect"},"message":"E0218 00:10:12.904085   15704 watch.go:40] Failed to load config from \"f:\\\\campus-management-system\\\\dataconnect\": could not find dataconnect.yaml in `f:\\campus-management-system\\dataconnect`\n"}}
[debug] [2026-02-17T16:10:22.903Z] E0218 00:10:22.903542   15704 watch.go:40] Failed to load config from "f:\\campus-management-system\\dataconnect": could not find dataconnect.yaml in `f:\campus-management-system\dataconnect`
 {"metadata":{"emulator":{"name":"dataconnect"},"message":"E0218 00:10:22.903542   15704 watch.go:40] Failed to load config from \"f:\\\\campus-management-system\\\\dataconnect\": could not find dataconnect.yaml in `f:\\campus-management-system\\dataconnect`\n"}}
[debug] [2026-02-17T16:10:32.903Z] E0218 00:10:32.903567   15704 watch.go:40] Failed to load config from "f:\\campus-management-system\\dataconnect": could not find dataconnect.yaml in `f:\campus-management-system\dataconnect`
 {"metadata":{"emulator":{"name":"dataconnect"},"message":"E0218 00:10:32.903567   15704 watch.go:40] Failed to load config from \"f:\\\\campus-management-system\\\\dataconnect\": could not find dataconnect.yaml in `f:\\campus-management-system\\dataconnect`\n"}}
[debug] [2026-02-17T16:10:42.903Z] E0218 00:10:42.903919   15704 watch.go:40] Failed to load config from "f:\\campus-management-system\\dataconnect": could not find dataconnect.yaml in `f:\campus-management-system\dataconnect`
 {"metadata":{"emulator":{"name":"dataconnect"},"message":"E0218 00:10:42.903919   15704 watch.go:40] Failed to load config from \"f:\\\\campus-management-system\\\\dataconnect\": could not find dataconnect.yaml in `f:\\campus-management-system\\dataconnect`\n"}}
[debug] [2026-02-17T16:10:52.904Z] E0218 00:10:52.903717   15704 watch.go:40] Failed to load config from "f:\\campus-management-system\\dataconnect": could not find dataconnect.yaml in `f:\campus-management-system\dataconnect`
 {"metadata":{"emulator":{"name":"dataconnect"},"message":"E0218 00:10:52.903717   15704 watch.go:40] Failed to load config from \"f:\\\\campus-management-system\\\\dataconnect\": could not find dataconnect.yaml in `f:\\campus-management-system\\dataconnect`\n"}}
[debug] [2026-02-17T16:11:02.903Z] E0218 00:11:02.903581   15704 watch.go:116] watchAllDir unable to walk dir `f:\campus-management-system\dataconnect`: CreateFile f:\campus-management-system\dataconnect: The system cannot find the file specified.
E0218 00:11:02.903581   15704 watch.go:40] Failed to load config from "f:\\campus-management-system\\dataconnect": could not find dataconnect.yaml in `f:\campus-management-system\dataconnect`
 {"metadata":{"emulator":{"name":"dataconnect"},"message":"E0218 00:11:02.903581   15704 watch.go:116] watchAllDir unable to walk dir `f:\\campus-management-system\\dataconnect`: CreateFile f:\\campus-management-system\\dataconnect: The system cannot find the file specified.\nE0218 00:11:02.903581   15704 watch.go:40] Failed to load config from \"f:\\\\campus-management-system\\\\dataconnect\": could not find dataconnect.yaml in `f:\\campus-management-system\\dataconnect`\n"}}
[debug] [2026-02-17T16:11:12.903Z] E0218 00:11:12.903637   15704 watch.go:40] Failed to load config from "f:\\campus-management-system\\dataconnect": could not find dataconnect.yaml in `f:\campus-management-system\dataconnect`
 {"metadata":{"emulator":{"name":"dataconnect"},"message":"E0218 00:11:12.903637   15704 watch.go:40] Failed to load config from \"f:\\\\campus-management-system\\\\dataconnect\": could not find dataconnect.yaml in `f:\\campus-management-system\\dataconnect`\n"}}
[debug] [2026-02-17T16:11:23.580Z] E0218 00:11:22.903625   15704 watch.go:40] Failed to load config from "f:\\campus-management-system\\dataconnect": could not find dataconnect.yaml in `f:\campus-management-system\dataconnect`
 {"metadata":{"emulator":{"name":"dataconnect"},"message":"E0218 00:11:22.903625   15704 watch.go:40] Failed to load config from \"f:\\\\campus-management-system\\\\dataconnect\": could not find dataconnect.yaml in `f:\\campus-management-system\\dataconnect`\n"}}
[debug] [2026-02-17T16:11:32.903Z] E0218 00:11:32.903620   15704 watch.go:40] Failed to load config from "f:\\campus-management-system\\dataconnect": could not find dataconnect.yaml in `f:\campus-management-system\dataconnect`
 {"metadata":{"emulator":{"name":"dataconnect"},"message":"E0218 00:11:32.903620   15704 watch.go:40] Failed to load config from \"f:\\\\campus-management-system\\\\dataconnect\": could not find dataconnect.yaml in `f:\\campus-management-system\\dataconnect`\n"}}
[debug] [2026-02-17T16:11:42.903Z] E0218 00:11:42.903563   15704 watch.go:40] Failed to load config from "f:\\campus-management-system\\dataconnect": could not find dataconnect.yaml in `f:\campus-management-system\dataconnect`
 {"metadata":{"emulator":{"name":"dataconnect"},"message":"E0218 00:11:42.903563   15704 watch.go:40] Failed to load config from \"f:\\\\campus-management-system\\\\dataconnect\": could not find dataconnect.yaml in `f:\\campus-management-system\\dataconnect`\n"}}
[debug] [2026-02-17T16:11:52.903Z] E0218 00:11:52.903747   15704 watch.go:40] Failed to load config from "f:\\campus-management-system\\dataconnect": could not find dataconnect.yaml in `f:\campus-management-system\dataconnect`
 {"metadata":{"emulator":{"name":"dataconnect"},"message":"E0218 00:11:52.903747   15704 watch.go:40] Failed to load config from \"f:\\\\campus-management-system\\\\dataconnect\": could not find dataconnect.yaml in `f:\\campus-management-system\\dataconnect`\n"}}
[debug] [2026-02-17T16:12:02.903Z] E0218 00:12:02.903863   15704 watch.go:116] watchAllDir unable to walk dir `f:\campus-management-system\dataconnect`: CreateFile f:\campus-management-system\dataconnect: The system cannot find the file specified.
E0218 00:12:02.903863   15704 watch.go:40] Failed to load config from "f:\\campus-management-system\\dataconnect": could not find dataconnect.yaml in `f:\campus-management-system\dataconnect`
 {"metadata":{"emulator":{"name":"dataconnect"},"message":"E0218 00:12:02.903863   15704 watch.go:116] watchAllDir unable to walk dir `f:\\campus-management-system\\dataconnect`: CreateFile f:\\campus-management-system\\dataconnect: The system cannot find the file specified.\nE0218 00:12:02.903863   15704 watch.go:40] Failed to load config from \"f:\\\\campus-management-system\\\\dataconnect\": could not find dataconnect.yaml in `f:\\campus-management-system\\dataconnect`\n"}}
[debug] [2026-02-17T16:12:12.904Z] E0218 00:12:12.904005   15704 watch.go:40] Failed to load config from "f:\\campus-management-system\\dataconnect": could not find dataconnect.yaml in `f:\campus-management-system\dataconnect`
 {"metadata":{"emulator":{"name":"dataconnect"},"message":"E0218 00:12:12.904005   15704 watch.go:40] Failed to load config from \"f:\\\\campus-management-system\\\\dataconnect\": could not find dataconnect.yaml in `f:\\campus-management-system\\dataconnect`\n"}}
[debug] [2026-02-17T16:12:22.903Z] E0218 00:12:22.903922   15704 watch.go:40] Failed to load config from "f:\\campus-management-system\\dataconnect": could not find dataconnect.yaml in `f:\campus-management-system\dataconnect`
 {"metadata":{"emulator":{"name":"dataconnect"},"message":"E0218 00:12:22.903922   15704 watch.go:40] Failed to load config from \"f:\\\\campus-management-system\\\\dataconnect\": could not find dataconnect.yaml in `f:\\campus-management-system\\dataconnect`\n"}}
[debug] [2026-02-17T16:12:32.903Z] E0218 00:12:32.903981   15704 watch.go:40] Failed to load config from "f:\\campus-management-system\\dataconnect": could not find dataconnect.yaml in `f:\campus-management-system\dataconnect`
 {"metadata":{"emulator":{"name":"dataconnect"},"message":"E0218 00:12:32.903981   15704 watch.go:40] Failed to load config from \"f:\\\\campus-management-system\\\\dataconnect\": could not find dataconnect.yaml in `f:\\campus-management-system\\dataconnect`\n"}}
[debug] [2026-02-17T16:12:42.903Z] E0218 00:12:42.903809   15704 watch.go:40] Failed to load config from "f:\\campus-management-system\\dataconnect": could not find dataconnect.yaml in `f:\campus-management-system\dataconnect`
 {"metadata":{"emulator":{"name":"dataconnect"},"message":"E0218 00:12:42.903809   15704 watch.go:40] Failed to load config from \"f:\\\\campus-management-system\\\\dataconnect\": could not find dataconnect.yaml in `f:\\campus-management-system\\dataconnect`\n"}}
[debug] [2026-02-17T16:12:52.903Z] E0218 00:12:52.903654   15704 watch.go:40] Failed to load config from "f:\\campus-management-system\\dataconnect": could not find dataconnect.yaml in `f:\campus-management-system\dataconnect`
 {"metadata":{"emulator":{"name":"dataconnect"},"message":"E0218 00:12:52.903654   15704 watch.go:40] Failed to load config from \"f:\\\\campus-management-system\\\\dataconnect\": could not find dataconnect.yaml in `f:\\campus-management-system\\dataconnect`\n"}}
[debug] [2026-02-17T16:13:02.903Z] E0218 00:13:02.903992   15704 watch.go:40] Failed to load config from "f:\\campus-management-system\\dataconnect": could not find dataconnect.yaml in `f:\campus-management-system\dataconnect`
E0218 00:13:02.903992   15704 watch.go:116] watchAllDir unable to walk dir `f:\campus-management-system\dataconnect`: CreateFile f:\campus-management-system\dataconnect: The system cannot find the file specified.
 {"metadata":{"emulator":{"name":"dataconnect"},"message":"E0218 00:13:02.903992   15704 watch.go:40] Failed to load config from \"f:\\\\campus-management-system\\\\dataconnect\": could not find dataconnect.yaml in `f:\\campus-management-system\\dataconnect`\nE0218 00:13:02.903992   15704 watch.go:116] watchAllDir unable to walk dir `f:\\campus-management-system\\dataconnect`: CreateFile f:\\campus-management-system\\dataconnect: The system cannot find the file specified.\n"}}
[debug] [2026-02-17T16:13:12.903Z] E0218 00:13:12.903784   15704 watch.go:40] Failed to load config from "f:\\campus-management-system\\dataconnect": could not find dataconnect.yaml in `f:\campus-management-system\dataconnect`
 {"metadata":{"emulator":{"name":"dataconnect"},"message":"E0218 00:13:12.903784   15704 watch.go:40] Failed to load config from \"f:\\\\campus-management-system\\\\dataconnect\": could not find dataconnect.yaml in `f:\\campus-management-system\\dataconnect`\n"}}
[debug] [2026-02-17T16:13:22.903Z] E0218 00:13:22.903578   15704 watch.go:40] Failed to load config from "f:\\campus-management-system\\dataconnect": could not find dataconnect.yaml in `f:\campus-management-system\dataconnect`
 {"metadata":{"emulator":{"name":"dataconnect"},"message":"E0218 00:13:22.903578   15704 watch.go:40] Failed to load config from \"f:\\\\campus-management-system\\\\dataconnect\": could not find dataconnect.yaml in `f:\\campus-management-system\\dataconnect`\n"}}
[debug] [2026-02-17T16:13:32.903Z] E0218 00:13:32.903653   15704 watch.go:40] Failed to load config from "f:\\campus-management-system\\dataconnect": could not find dataconnect.yaml in `f:\campus-management-system\dataconnect`
 {"metadata":{"emulator":{"name":"dataconnect"},"message":"E0218 00:13:32.903653   15704 watch.go:40] Failed to load config from \"f:\\\\campus-management-system\\\\dataconnect\": could not find dataconnect.yaml in `f:\\campus-management-system\\dataconnect`\n"}}
[debug] [2026-02-17T16:13:42.903Z] E0218 00:13:42.903564   15704 watch.go:40] Failed to load config from "f:\\campus-management-system\\dataconnect": could not find dataconnect.yaml in `f:\campus-management-system\dataconnect`
 {"metadata":{"emulator":{"name":"dataconnect"},"message":"E0218 00:13:42.903564   15704 watch.go:40] Failed to load config from \"f:\\\\campus-management-system\\\\dataconnect\": could not find dataconnect.yaml in `f:\\campus-management-system\\dataconnect`\n"}}
[debug] [2026-02-17T16:13:52.903Z] E0218 00:13:52.903547   15704 watch.go:40] Failed to load config from "f:\\campus-management-system\\dataconnect": could not find dataconnect.yaml in `f:\campus-management-system\dataconnect`
 {"metadata":{"emulator":{"name":"dataconnect"},"message":"E0218 00:13:52.903547   15704 watch.go:40] Failed to load config from \"f:\\\\campus-management-system\\\\dataconnect\": could not find dataconnect.yaml in `f:\\campus-management-system\\dataconnect`\n"}}
[debug] [2026-02-17T16:14:02.904Z] E0218 00:14:02.904019   15704 watch.go:40] Failed to load config from "f:\\campus-management-system\\dataconnect": could not find dataconnect.yaml in `f:\campus-management-system\dataconnect`
E0218 00:14:02.904019   15704 watch.go:116] watchAllDir unable to walk dir `f:\campus-management-system\dataconnect`: CreateFile f:\campus-management-system\dataconnect: The system cannot find the file specified.
 {"metadata":{"emulator":{"name":"dataconnect"},"message":"E0218 00:14:02.904019   15704 watch.go:40] Failed to load config from \"f:\\\\campus-management-system\\\\dataconnect\": could not find dataconnect.yaml in `f:\\campus-management-system\\dataconnect`\nE0218 00:14:02.904019   15704 watch.go:116] watchAllDir unable to walk dir `f:\\campus-management-system\\dataconnect`: CreateFile f:\\campus-management-system\\dataconnect: The system cannot find the file specified.\n"}}
[debug] [2026-02-17T16:14:12.903Z] E0218 00:14:12.903913   15704 watch.go:40] Failed to load config from "f:\\campus-management-system\\dataconnect": could not find dataconnect.yaml in `f:\campus-management-system\dataconnect`
 {"metadata":{"emulator":{"name":"dataconnect"},"message":"E0218 00:14:12.903913   15704 watch.go:40] Failed to load config from \"f:\\\\campus-management-system\\\\dataconnect\": could not find dataconnect.yaml in `f:\\campus-management-system\\dataconnect`\n"}}
[debug] [2026-02-17T16:14:22.903Z] E0218 00:14:22.903866   15704 watch.go:40] Failed to load config from "f:\\campus-management-system\\dataconnect": could not find dataconnect.yaml in `f:\campus-management-system\dataconnect`
 {"metadata":{"emulator":{"name":"dataconnect"},"message":"E0218 00:14:22.903866   15704 watch.go:40] Failed to load config from \"f:\\\\campus-management-system\\\\dataconnect\": could not find dataconnect.yaml in `f:\\campus-management-system\\dataconnect`\n"}}
[debug] [2026-02-17T16:14:32.904Z] E0218 00:14:32.904286   15704 watch.go:40] Failed to load config from "f:\\campus-management-system\\dataconnect": could not find dataconnect.yaml in `f:\campus-management-system\dataconnect`
 {"metadata":{"emulator":{"name":"dataconnect"},"message":"E0218 00:14:32.904286   15704 watch.go:40] Failed to load config from \"f:\\\\campus-management-system\\\\dataconnect\": could not find dataconnect.yaml in `f:\\campus-management-system\\dataconnect`\n"}}
[debug] [2026-02-17T16:14:42.903Z] E0218 00:14:42.903881   15704 watch.go:40] Failed to load config from "f:\\campus-management-system\\dataconnect": could not find dataconnect.yaml in `f:\campus-management-system\dataconnect`
 {"metadata":{"emulator":{"name":"dataconnect"},"message":"E0218 00:14:42.903881   15704 watch.go:40] Failed to load config from \"f:\\\\campus-management-system\\\\dataconnect\": could not find dataconnect.yaml in `f:\\campus-management-system\\dataconnect`\n"}}
[debug] [2026-02-17T16:14:52.903Z] E0218 00:14:52.903857   15704 watch.go:40] Failed to load config from "f:\\campus-management-system\\dataconnect": could not find dataconnect.yaml in `f:\campus-management-system\dataconnect`
 {"metadata":{"emulator":{"name":"dataconnect"},"message":"E0218 00:14:52.903857   15704 watch.go:40] Failed to load config from \"f:\\\\campus-management-system\\\\dataconnect\": could not find dataconnect.yaml in `f:\\campus-management-system\\dataconnect`\n"}}
[debug] [2026-02-17T16:15:02.904Z] E0218 00:15:02.904533   15704 watch.go:116] watchAllDir unable to walk dir `f:\campus-management-system\dataconnect`: CreateFile f:\campus-management-system\dataconnect: The system cannot find the file specified.
E0218 00:15:02.904533   15704 watch.go:40] Failed to load config from "f:\\campus-management-system\\dataconnect": could not find dataconnect.yaml in `f:\campus-management-system\dataconnect`
 {"metadata":{"emulator":{"name":"dataconnect"},"message":"E0218 00:15:02.904533   15704 watch.go:116] watchAllDir unable to walk dir `f:\\campus-management-system\\dataconnect`: CreateFile f:\\campus-management-system\\dataconnect: The system cannot find the file specified.\nE0218 00:15:02.904533   15704 watch.go:40] Failed to load config from \"f:\\\\campus-management-system\\\\dataconnect\": could not find dataconnect.yaml in `f:\\campus-management-system\\dataconnect`\n"}}
[debug] [2026-02-17T16:15:12.903Z] E0218 00:15:12.903683   15704 watch.go:40] Failed to load config from "f:\\campus-management-system\\dataconnect": could not find dataconnect.yaml in `f:\campus-management-system\dataconnect`
 {"metadata":{"emulator":{"name":"dataconnect"},"message":"E0218 00:15:12.903683   15704 watch.go:40] Failed to load config from \"f:\\\\campus-management-system\\\\dataconnect\": could not find dataconnect.yaml in `f:\\campus-management-system\\dataconnect`\n"}}
[debug] [2026-02-17T16:15:22.903Z] E0218 00:15:22.903776   15704 watch.go:40] Failed to load config from "f:\\campus-management-system\\dataconnect": could not find dataconnect.yaml in `f:\campus-management-system\dataconnect`
 {"metadata":{"emulator":{"name":"dataconnect"},"message":"E0218 00:15:22.903776   15704 watch.go:40] Failed to load config from \"f:\\\\campus-management-system\\\\dataconnect\": could not find dataconnect.yaml in `f:\\campus-management-system\\dataconnect`\n"}}
[debug] [2026-02-17T16:15:32.903Z] E0218 00:15:32.903648   15704 watch.go:40] Failed to load config from "f:\\campus-management-system\\dataconnect": could not find dataconnect.yaml in `f:\campus-management-system\dataconnect`
 {"metadata":{"emulator":{"name":"dataconnect"},"message":"E0218 00:15:32.903648   15704 watch.go:40] Failed to load config from \"f:\\\\campus-management-system\\\\dataconnect\": could not find dataconnect.yaml in `f:\\campus-management-system\\dataconnect`\n"}}
[debug] [2026-02-17T16:15:42.903Z] E0218 00:15:42.903852   15704 watch.go:40] Failed to load config from "f:\\campus-management-system\\dataconnect": could not find dataconnect.yaml in `f:\campus-management-system\dataconnect`
 {"metadata":{"emulator":{"name":"dataconnect"},"message":"E0218 00:15:42.903852   15704 watch.go:40] Failed to load config from \"f:\\\\campus-management-system\\\\dataconnect\": could not find dataconnect.yaml in `f:\\campus-management-system\\dataconnect`\n"}}
[debug] [2026-02-17T16:15:52.903Z] E0218 00:15:52.903611   15704 watch.go:40] Failed to load config from "f:\\campus-management-system\\dataconnect": could not find dataconnect.yaml in `f:\campus-management-system\dataconnect`
 {"metadata":{"emulator":{"name":"dataconnect"},"message":"E0218 00:15:52.903611   15704 watch.go:40] Failed to load config from \"f:\\\\campus-management-system\\\\dataconnect\": could not find dataconnect.yaml in `f:\\campus-management-system\\dataconnect`\n"}}
[debug] [2026-02-17T16:16:02.903Z] E0218 00:16:02.903562   15704 watch.go:116] watchAllDir unable to walk dir `f:\campus-management-system\dataconnect`: CreateFile f:\campus-management-system\dataconnect: The system cannot find the file specified.
E0218 00:16:02.903562   15704 watch.go:40] Failed to load config from "f:\\campus-management-system\\dataconnect": could not find dataconnect.yaml in `f:\campus-management-system\dataconnect`
 {"metadata":{"emulator":{"name":"dataconnect"},"message":"E0218 00:16:02.903562   15704 watch.go:116] watchAllDir unable to walk dir `f:\\campus-management-system\\dataconnect`: CreateFile f:\\campus-management-system\\dataconnect: The system cannot find the file specified.\nE0218 00:16:02.903562   15704 watch.go:40] Failed to load config from \"f:\\\\campus-management-system\\\\dataconnect\": could not find dataconnect.yaml in `f:\\campus-management-system\\dataconnect`\n"}}
[debug] [2026-02-17T16:16:12.903Z] E0218 00:16:12.903837   15704 watch.go:40] Failed to load config from "f:\\campus-management-system\\dataconnect": could not find dataconnect.yaml in `f:\campus-management-system\dataconnect`
 {"metadata":{"emulator":{"name":"dataconnect"},"message":"E0218 00:16:12.903837   15704 watch.go:40] Failed to load config from \"f:\\\\campus-management-system\\\\dataconnect\": could not find dataconnect.yaml in `f:\\campus-management-system\\dataconnect`\n"}}
[debug] [2026-02-17T16:16:22.904Z] E0218 00:16:22.904419   15704 watch.go:40] Failed to load config from "f:\\campus-management-system\\dataconnect": could not find dataconnect.yaml in `f:\campus-management-system\dataconnect`
 {"metadata":{"emulator":{"name":"dataconnect"},"message":"E0218 00:16:22.904419   15704 watch.go:40] Failed to load config from \"f:\\\\campus-management-system\\\\dataconnect\": could not find dataconnect.yaml in `f:\\campus-management-system\\dataconnect`\n"}}
[debug] [2026-02-17T16:16:32.903Z] E0218 00:16:32.903704   15704 watch.go:40] Failed to load config from "f:\\campus-management-system\\dataconnect": could not find dataconnect.yaml in `f:\campus-management-system\dataconnect`
 {"metadata":{"emulator":{"name":"dataconnect"},"message":"E0218 00:16:32.903704   15704 watch.go:40] Failed to load config from \"f:\\\\campus-management-system\\\\dataconnect\": could not find dataconnect.yaml in `f:\\campus-management-system\\dataconnect`\n"}}
[debug] [2026-02-17T16:16:42.903Z] E0218 00:16:42.903605   15704 watch.go:40] Failed to load config from "f:\\campus-management-system\\dataconnect": could not find dataconnect.yaml in `f:\campus-management-system\dataconnect`
 {"metadata":{"emulator":{"name":"dataconnect"},"message":"E0218 00:16:42.903605   15704 watch.go:40] Failed to load config from \"f:\\\\campus-management-system\\\\dataconnect\": could not find dataconnect.yaml in `f:\\campus-management-system\\dataconnect`\n"}}
[debug] [2026-02-17T16:16:52.903Z] E0218 00:16:52.903583   15704 watch.go:40] Failed to load config from "f:\\campus-management-system\\dataconnect": could not find dataconnect.yaml in `f:\campus-management-system\dataconnect`
 {"metadata":{"emulator":{"name":"dataconnect"},"message":"E0218 00:16:52.903583   15704 watch.go:40] Failed to load config from \"f:\\\\campus-management-system\\\\dataconnect\": could not find dataconnect.yaml in `f:\\campus-management-system\\dataconnect`\n"}}
[debug] [2026-02-17T16:17:02.903Z] E0218 00:17:02.903901   15704 watch.go:116] watchAllDir unable to walk dir `f:\campus-management-system\dataconnect`: CreateFile f:\campus-management-system\dataconnect: The system cannot find the file specified.
E0218 00:17:02.903901   15704 watch.go:40] Failed to load config from "f:\\campus-management-system\\dataconnect": could not find dataconnect.yaml in `f:\campus-management-system\dataconnect`
 {"metadata":{"emulator":{"name":"dataconnect"},"message":"E0218 00:17:02.903901   15704 watch.go:116] watchAllDir unable to walk dir `f:\\campus-management-system\\dataconnect`: CreateFile f:\\campus-management-system\\dataconnect: The system cannot find the file specified.\nE0218 00:17:02.903901   15704 watch.go:40] Failed to load config from \"f:\\\\campus-management-system\\\\dataconnect\": could not find dataconnect.yaml in `f:\\campus-management-system\\dataconnect`\n"}}
[debug] [2026-02-17T16:17:12.903Z] E0218 00:17:12.903880   15704 watch.go:40] Failed to load config from "f:\\campus-management-system\\dataconnect": could not find dataconnect.yaml in `f:\campus-management-system\dataconnect`
 {"metadata":{"emulator":{"name":"dataconnect"},"message":"E0218 00:17:12.903880   15704 watch.go:40] Failed to load config from \"f:\\\\campus-management-system\\\\dataconnect\": could not find dataconnect.yaml in `f:\\campus-management-system\\dataconnect`\n"}}
[debug] [2026-02-17T16:17:22.903Z] E0218 00:17:22.903549   15704 watch.go:40] Failed to load config from "f:\\campus-management-system\\dataconnect": could not find dataconnect.yaml in `f:\campus-management-system\dataconnect`
 {"metadata":{"emulator":{"name":"dataconnect"},"message":"E0218 00:17:22.903549   15704 watch.go:40] Failed to load config from \"f:\\\\campus-management-system\\\\dataconnect\": could not find dataconnect.yaml in `f:\\campus-management-system\\dataconnect`\n"}}
[debug] [2026-02-17T16:17:32.903Z] E0218 00:17:32.903650   15704 watch.go:40] Failed to load config from "f:\\campus-management-system\\dataconnect": could not find dataconnect.yaml in `f:\campus-management-system\dataconnect`
 {"metadata":{"emulator":{"name":"dataconnect"},"message":"E0218 00:17:32.903650   15704 watch.go:40] Failed to load config from \"f:\\\\campus-management-system\\\\dataconnect\": could not find dataconnect.yaml in `f:\\campus-management-system\\dataconnect`\n"}}
[debug] [2026-02-17T16:17:42.903Z] E0218 00:17:42.903804   15704 watch.go:40] Failed to load config from "f:\\campus-management-system\\dataconnect": could not find dataconnect.yaml in `f:\campus-management-system\dataconnect`
 {"metadata":{"emulator":{"name":"dataconnect"},"message":"E0218 00:17:42.903804   15704 watch.go:40] Failed to load config from \"f:\\\\campus-management-system\\\\dataconnect\": could not find dataconnect.yaml in `f:\\campus-management-system\\dataconnect`\n"}}
[debug] [2026-02-17T16:17:52.904Z] E0218 00:17:52.903962   15704 watch.go:40] Failed to load config from "f:\\campus-management-system\\dataconnect": could not find dataconnect.yaml in `f:\campus-management-system\dataconnect`
 {"metadata":{"emulator":{"name":"dataconnect"},"message":"E0218 00:17:52.903962   15704 watch.go:40] Failed to load config from \"f:\\\\campus-management-system\\\\dataconnect\": could not find dataconnect.yaml in `f:\\campus-management-system\\dataconnect`\n"}}
[debug] [2026-02-17T16:18:02.903Z] E0218 00:18:02.903560   15704 watch.go:116] watchAllDir unable to walk dir `f:\campus-management-system\dataconnect`: CreateFile f:\campus-management-system\dataconnect: The system cannot find the file specified.
E0218 00:18:02.903560   15704 watch.go:40] Failed to load config from "f:\\campus-management-system\\dataconnect": could not find dataconnect.yaml in `f:\campus-management-system\dataconnect`
 {"metadata":{"emulator":{"name":"dataconnect"},"message":"E0218 00:18:02.903560   15704 watch.go:116] watchAllDir unable to walk dir `f:\\campus-management-system\\dataconnect`: CreateFile f:\\campus-management-system\\dataconnect: The system cannot find the file specified.\nE0218 00:18:02.903560   15704 watch.go:40] Failed to load config from \"f:\\\\campus-management-system\\\\dataconnect\": could not find dataconnect.yaml in `f:\\campus-management-system\\dataconnect`\n"}}
[debug] [2026-02-17T16:18:12.903Z] E0218 00:18:12.903582   15704 watch.go:40] Failed to load config from "f:\\campus-management-system\\dataconnect": could not find dataconnect.yaml in `f:\campus-management-system\dataconnect`
 {"metadata":{"emulator":{"name":"dataconnect"},"message":"E0218 00:18:12.903582   15704 watch.go:40] Failed to load config from \"f:\\\\campus-management-system\\\\dataconnect\": could not find dataconnect.yaml in `f:\\campus-management-system\\dataconnect`\n"}}
[debug] [2026-02-17T16:18:22.903Z] E0218 00:18:22.903552   15704 watch.go:40] Failed to load config from "f:\\campus-management-system\\dataconnect": could not find dataconnect.yaml in `f:\campus-management-system\dataconnect`
 {"metadata":{"emulator":{"name":"dataconnect"},"message":"E0218 00:18:22.903552   15704 watch.go:40] Failed to load config from \"f:\\\\campus-management-system\\\\dataconnect\": could not find dataconnect.yaml in `f:\\campus-management-system\\dataconnect`\n"}}
[debug] [2026-02-17T16:18:32.903Z] E0218 00:18:32.903732   15704 watch.go:40] Failed to load config from "f:\\campus-management-system\\dataconnect": could not find dataconnect.yaml in `f:\campus-management-system\dataconnect`
 {"metadata":{"emulator":{"name":"dataconnect"},"message":"E0218 00:18:32.903732   15704 watch.go:40] Failed to load config from \"f:\\\\campus-management-system\\\\dataconnect\": could not find dataconnect.yaml in `f:\\campus-management-system\\dataconnect`\n"}}
[debug] [2026-02-17T16:18:42.903Z] E0218 00:18:42.903593   15704 watch.go:40] Failed to load config from "f:\\campus-management-system\\dataconnect": could not find dataconnect.yaml in `f:\campus-management-system\dataconnect`
 {"metadata":{"emulator":{"name":"dataconnect"},"message":"E0218 00:18:42.903593   15704 watch.go:40] Failed to load config from \"f:\\\\campus-management-system\\\\dataconnect\": could not find dataconnect.yaml in `f:\\campus-management-system\\dataconnect`\n"}}
[debug] [2026-02-17T16:18:52.904Z] E0218 00:18:52.903863   15704 watch.go:40] Failed to load config from "f:\\campus-management-system\\dataconnect": could not find dataconnect.yaml in `f:\campus-management-system\dataconnect`
 {"metadata":{"emulator":{"name":"dataconnect"},"message":"E0218 00:18:52.903863   15704 watch.go:40] Failed to load config from \"f:\\\\campus-management-system\\\\dataconnect\": could not find dataconnect.yaml in `f:\\campus-management-system\\dataconnect`\n"}}
[debug] [2026-02-17T16:19:02.903Z] E0218 00:19:02.903579   15704 watch.go:116] watchAllDir unable to walk dir `f:\campus-management-system\dataconnect`: CreateFile f:\campus-management-system\dataconnect: The system cannot find the file specified.
E0218 00:19:02.903579   15704 watch.go:40] Failed to load config from "f:\\campus-management-system\\dataconnect": could not find dataconnect.yaml in `f:\campus-management-system\dataconnect`
 {"metadata":{"emulator":{"name":"dataconnect"},"message":"E0218 00:19:02.903579   15704 watch.go:116] watchAllDir unable to walk dir `f:\\campus-management-system\\dataconnect`: CreateFile f:\\campus-management-system\\dataconnect: The system cannot find the file specified.\nE0218 00:19:02.903579   15704 watch.go:40] Failed to load config from \"f:\\\\campus-management-system\\\\dataconnect\": could not find dataconnect.yaml in `f:\\campus-management-system\\dataconnect`\n"}}
[debug] [2026-02-17T16:19:12.904Z] E0218 00:19:12.903915   15704 watch.go:40] Failed to load config from "f:\\campus-management-system\\dataconnect": could not find dataconnect.yaml in `f:\campus-management-system\dataconnect`
 {"metadata":{"emulator":{"name":"dataconnect"},"message":"E0218 00:19:12.903915   15704 watch.go:40] Failed to load config from \"f:\\\\campus-management-system\\\\dataconnect\": could not find dataconnect.yaml in `f:\\campus-management-system\\dataconnect`\n"}}
[debug] [2026-02-17T16:19:22.904Z] E0218 00:19:22.903913   15704 watch.go:40] Failed to load config from "f:\\campus-management-system\\dataconnect": could not find dataconnect.yaml in `f:\campus-management-system\dataconnect`
 {"metadata":{"emulator":{"name":"dataconnect"},"message":"E0218 00:19:22.903913   15704 watch.go:40] Failed to load config from \"f:\\\\campus-management-system\\\\dataconnect\": could not find dataconnect.yaml in `f:\\campus-management-system\\dataconnect`\n"}}
[debug] [2026-02-17T16:19:32.904Z] E0218 00:19:32.904052   15704 watch.go:40] Failed to load config from "f:\\campus-management-system\\dataconnect": could not find dataconnect.yaml in `f:\campus-management-system\dataconnect`
 {"metadata":{"emulator":{"name":"dataconnect"},"message":"E0218 00:19:32.904052   15704 watch.go:40] Failed to load config from \"f:\\\\campus-management-system\\\\dataconnect\": could not find dataconnect.yaml in `f:\\campus-management-system\\dataconnect`\n"}}
[debug] [2026-02-17T16:19:42.903Z] E0218 00:19:42.903970   15704 watch.go:40] Failed to load config from "f:\\campus-management-system\\dataconnect": could not find dataconnect.yaml in `f:\campus-management-system\dataconnect`
 {"metadata":{"emulator":{"name":"dataconnect"},"message":"E0218 00:19:42.903970   15704 watch.go:40] Failed to load config from \"f:\\\\campus-management-system\\\\dataconnect\": could not find dataconnect.yaml in `f:\\campus-management-system\\dataconnect`\n"}}
[debug] [2026-02-17T16:19:52.903Z] E0218 00:19:52.903561   15704 watch.go:40] Failed to load config from "f:\\campus-management-system\\dataconnect": could not find dataconnect.yaml in `f:\campus-management-system\dataconnect`
 {"metadata":{"emulator":{"name":"dataconnect"},"message":"E0218 00:19:52.903561   15704 watch.go:40] Failed to load config from \"f:\\\\campus-management-system\\\\dataconnect\": could not find dataconnect.yaml in `f:\\campus-management-system\\dataconnect`\n"}}
[debug] [2026-02-17T16:20:02.903Z] E0218 00:20:02.903950   15704 watch.go:116] watchAllDir unable to walk dir `f:\campus-management-system\dataconnect`: CreateFile f:\campus-management-system\dataconnect: The system cannot find the file specified.
E0218 00:20:02.903950   15704 watch.go:40] Failed to load config from "f:\\campus-management-system\\dataconnect": could not find dataconnect.yaml in `f:\campus-management-system\dataconnect`
 {"metadata":{"emulator":{"name":"dataconnect"},"message":"E0218 00:20:02.903950   15704 watch.go:116] watchAllDir unable to walk dir `f:\\campus-management-system\\dataconnect`: CreateFile f:\\campus-management-system\\dataconnect: The system cannot find the file specified.\nE0218 00:20:02.903950   15704 watch.go:40] Failed to load config from \"f:\\\\campus-management-system\\\\dataconnect\": could not find dataconnect.yaml in `f:\\campus-management-system\\dataconnect`\n"}}
[debug] [2026-02-17T16:20:12.904Z] E0218 00:20:12.904020   15704 watch.go:40] Failed to load config from "f:\\campus-management-system\\dataconnect": could not find dataconnect.yaml in `f:\campus-management-system\dataconnect`
 {"metadata":{"emulator":{"name":"dataconnect"},"message":"E0218 00:20:12.904020   15704 watch.go:40] Failed to load config from \"f:\\\\campus-management-system\\\\dataconnect\": could not find dataconnect.yaml in `f:\\campus-management-system\\dataconnect`\n"}}
[debug] [2026-02-17T16:20:22.903Z] E0218 00:20:22.903957   15704 watch.go:40] Failed to load config from "f:\\campus-management-system\\dataconnect": could not find dataconnect.yaml in `f:\campus-management-system\dataconnect`
 {"metadata":{"emulator":{"name":"dataconnect"},"message":"E0218 00:20:22.903957   15704 watch.go:40] Failed to load config from \"f:\\\\campus-management-system\\\\dataconnect\": could not find dataconnect.yaml in `f:\\campus-management-system\\dataconnect`\n"}}
[debug] [2026-02-17T16:20:32.903Z] E0218 00:20:32.903657   15704 watch.go:40] Failed to load config from "f:\\campus-management-system\\dataconnect": could not find dataconnect.yaml in `f:\campus-management-system\dataconnect`
 {"metadata":{"emulator":{"name":"dataconnect"},"message":"E0218 00:20:32.903657   15704 watch.go:40] Failed to load config from \"f:\\\\campus-management-system\\\\dataconnect\": could not find dataconnect.yaml in `f:\\campus-management-system\\dataconnect`\n"}}
[debug] [2026-02-17T16:20:42.903Z] E0218 00:20:42.903795   15704 watch.go:40] Failed to load config from "f:\\campus-management-system\\dataconnect": could not find dataconnect.yaml in `f:\campus-management-system\dataconnect`
 {"metadata":{"emulator":{"name":"dataconnect"},"message":"E0218 00:20:42.903795   15704 watch.go:40] Failed to load config from \"f:\\\\campus-management-system\\\\dataconnect\": could not find dataconnect.yaml in `f:\\campus-management-system\\dataconnect`\n"}}
[debug] [2026-02-17T16:20:52.904Z] E0218 00:20:52.903949   15704 watch.go:40] Failed to load config from "f:\\campus-management-system\\dataconnect": could not find dataconnect.yaml in `f:\campus-management-system\dataconnect`
 {"metadata":{"emulator":{"name":"dataconnect"},"message":"E0218 00:20:52.903949   15704 watch.go:40] Failed to load config from \"f:\\\\campus-management-system\\\\dataconnect\": could not find dataconnect.yaml in `f:\\campus-management-system\\dataconnect`\n"}}
[debug] [2026-02-17T16:21:02.904Z] E0218 00:21:02.904050   15704 watch.go:116] watchAllDir unable to walk dir `f:\campus-management-system\dataconnect`: CreateFile f:\campus-management-system\dataconnect: The system cannot find the file specified.
E0218 00:21:02.904050   15704 watch.go:40] Failed to load config from "f:\\campus-management-system\\dataconnect": could not find dataconnect.yaml in `f:\campus-management-system\dataconnect`
 {"metadata":{"emulator":{"name":"dataconnect"},"message":"E0218 00:21:02.904050   15704 watch.go:116] watchAllDir unable to walk dir `f:\\campus-management-system\\dataconnect`: CreateFile f:\\campus-management-system\\dataconnect: The system cannot find the file specified.\nE0218 00:21:02.904050   15704 watch.go:40] Failed to load config from \"f:\\\\campus-management-system\\\\dataconnect\": could not find dataconnect.yaml in `f:\\campus-management-system\\dataconnect`\n"}}
[debug] [2026-02-17T16:21:12.904Z] E0218 00:21:12.904021   15704 watch.go:40] Failed to load config from "f:\\campus-management-system\\dataconnect": could not find dataconnect.yaml in `f:\campus-management-system\dataconnect`
 {"metadata":{"emulator":{"name":"dataconnect"},"message":"E0218 00:21:12.904021   15704 watch.go:40] Failed to load config from \"f:\\\\campus-management-system\\\\dataconnect\": could not find dataconnect.yaml in `f:\\campus-management-system\\dataconnect`\n"}}
[debug] [2026-02-17T16:21:22.903Z] E0218 00:21:22.903964   15704 watch.go:40] Failed to load config from "f:\\campus-management-system\\dataconnect": could not find dataconnect.yaml in `f:\campus-management-system\dataconnect`
 {"metadata":{"emulator":{"name":"dataconnect"},"message":"E0218 00:21:22.903964   15704 watch.go:40] Failed to load config from \"f:\\\\campus-management-system\\\\dataconnect\": could not find dataconnect.yaml in `f:\\campus-management-system\\dataconnect`\n"}}
[debug] [2026-02-17T16:21:32.903Z] E0218 00:21:32.903545   15704 watch.go:40] Failed to load config from "f:\\campus-management-system\\dataconnect": could not find dataconnect.yaml in `f:\campus-management-system\dataconnect`
 {"metadata":{"emulator":{"name":"dataconnect"},"message":"E0218 00:21:32.903545   15704 watch.go:40] Failed to load config from \"f:\\\\campus-management-system\\\\dataconnect\": could not find dataconnect.yaml in `f:\\campus-management-system\\dataconnect`\n"}}
[debug] [2026-02-17T16:21:42.903Z] E0218 00:21:42.903554   15704 watch.go:40] Failed to load config from "f:\\campus-management-system\\dataconnect": could not find dataconnect.yaml in `f:\campus-management-system\dataconnect`
 {"metadata":{"emulator":{"name":"dataconnect"},"message":"E0218 00:21:42.903554   15704 watch.go:40] Failed to load config from \"f:\\\\campus-management-system\\\\dataconnect\": could not find dataconnect.yaml in `f:\\campus-management-system\\dataconnect`\n"}}
[debug] [2026-02-17T16:21:52.903Z] E0218 00:21:52.903886   15704 watch.go:40] Failed to load config from "f:\\campus-management-system\\dataconnect": could not find dataconnect.yaml in `f:\campus-management-system\dataconnect`
 {"metadata":{"emulator":{"name":"dataconnect"},"message":"E0218 00:21:52.903886   15704 watch.go:40] Failed to load config from \"f:\\\\campus-management-system\\\\dataconnect\": could not find dataconnect.yaml in `f:\\campus-management-system\\dataconnect`\n"}}
[debug] [2026-02-17T16:22:02.903Z] E0218 00:22:02.903684   15704 watch.go:116] watchAllDir unable to walk dir `f:\campus-management-system\dataconnect`: CreateFile f:\campus-management-system\dataconnect: The system cannot find the file specified.
E0218 00:22:02.903684   15704 watch.go:40] Failed to load config from "f:\\campus-management-system\\dataconnect": could not find dataconnect.yaml in `f:\campus-management-system\dataconnect`
 {"metadata":{"emulator":{"name":"dataconnect"},"message":"E0218 00:22:02.903684   15704 watch.go:116] watchAllDir unable to walk dir `f:\\campus-management-system\\dataconnect`: CreateFile f:\\campus-management-system\\dataconnect: The system cannot find the file specified.\nE0218 00:22:02.903684   15704 watch.go:40] Failed to load config from \"f:\\\\campus-management-system\\\\dataconnect\": could not find dataconnect.yaml in `f:\\campus-management-system\\dataconnect`\n"}}
[debug] [2026-02-17T16:22:12.903Z] E0218 00:22:12.903739   15704 watch.go:40] Failed to load config from "f:\\campus-management-system\\dataconnect": could not find dataconnect.yaml in `f:\campus-management-system\dataconnect`
 {"metadata":{"emulator":{"name":"dataconnect"},"message":"E0218 00:22:12.903739   15704 watch.go:40] Failed to load config from \"f:\\\\campus-management-system\\\\dataconnect\": could not find dataconnect.yaml in `f:\\campus-management-system\\dataconnect`\n"}}
[debug] [2026-02-17T16:22:22.903Z] E0218 00:22:22.903889   15704 watch.go:40] Failed to load config from "f:\\campus-management-system\\dataconnect": could not find dataconnect.yaml in `f:\campus-management-system\dataconnect`
 {"metadata":{"emulator":{"name":"dataconnect"},"message":"E0218 00:22:22.903889   15704 watch.go:40] Failed to load config from \"f:\\\\campus-management-system\\\\dataconnect\": could not find dataconnect.yaml in `f:\\campus-management-system\\dataconnect`\n"}}
[debug] [2026-02-17T16:22:32.903Z] E0218 00:22:32.903585   15704 watch.go:40] Failed to load config from "f:\\campus-management-system\\dataconnect": could not find dataconnect.yaml in `f:\campus-management-system\dataconnect`
 {"metadata":{"emulator":{"name":"dataconnect"},"message":"E0218 00:22:32.903585   15704 watch.go:40] Failed to load config from \"f:\\\\campus-management-system\\\\dataconnect\": could not find dataconnect.yaml in `f:\\campus-management-system\\dataconnect`\n"}}
[debug] [2026-02-17T16:22:42.903Z] E0218 00:22:42.903736   15704 watch.go:40] Failed to load config from "f:\\campus-management-system\\dataconnect": could not find dataconnect.yaml in `f:\campus-management-system\dataconnect`
 {"metadata":{"emulator":{"name":"dataconnect"},"message":"E0218 00:22:42.903736   15704 watch.go:40] Failed to load config from \"f:\\\\campus-management-system\\\\dataconnect\": could not find dataconnect.yaml in `f:\\campus-management-system\\dataconnect`\n"}}
[debug] [2026-02-17T16:22:52.903Z] E0218 00:22:52.903828   15704 watch.go:40] Failed to load config from "f:\\campus-management-system\\dataconnect": could not find dataconnect.yaml in `f:\campus-management-system\dataconnect`
 {"metadata":{"emulator":{"name":"dataconnect"},"message":"E0218 00:22:52.903828   15704 watch.go:40] Failed to load config from \"f:\\\\campus-management-system\\\\dataconnect\": could not find dataconnect.yaml in `f:\\campus-management-system\\dataconnect`\n"}}
[debug] [2026-02-17T16:23:02.903Z] E0218 00:23:02.904024   15704 watch.go:40] Failed to load config from "f:\\campus-management-system\\dataconnect": could not find dataconnect.yaml in `f:\campus-management-system\dataconnect`
E0218 00:23:02.904024   15704 watch.go:116] watchAllDir unable to walk dir `f:\campus-management-system\dataconnect`: CreateFile f:\campus-management-system\dataconnect: The system cannot find the file specified.
 {"metadata":{"emulator":{"name":"dataconnect"},"message":"E0218 00:23:02.904024   15704 watch.go:40] Failed to load config from \"f:\\\\campus-management-system\\\\dataconnect\": could not find dataconnect.yaml in `f:\\campus-management-system\\dataconnect`\nE0218 00:23:02.904024   15704 watch.go:116] watchAllDir unable to walk dir `f:\\campus-management-system\\dataconnect`: CreateFile f:\\campus-management-system\\dataconnect: The system cannot find the file specified.\n"}}
[debug] [2026-02-17T16:23:12.903Z] E0218 00:23:12.903739   15704 watch.go:40] Failed to load config from "f:\\campus-management-system\\dataconnect": could not find dataconnect.yaml in `f:\campus-management-system\dataconnect`
 {"metadata":{"emulator":{"name":"dataconnect"},"message":"E0218 00:23:12.903739   15704 watch.go:40] Failed to load config from \"f:\\\\campus-management-system\\\\dataconnect\": could not find dataconnect.yaml in `f:\\campus-management-system\\dataconnect`\n"}}
[debug] [2026-02-17T16:23:22.903Z] E0218 00:23:22.903579   15704 watch.go:40] Failed to load config from "f:\\campus-management-system\\dataconnect": could not find dataconnect.yaml in `f:\campus-management-system\dataconnect`
 {"metadata":{"emulator":{"name":"dataconnect"},"message":"E0218 00:23:22.903579   15704 watch.go:40] Failed to load config from \"f:\\\\campus-management-system\\\\dataconnect\": could not find dataconnect.yaml in `f:\\campus-management-system\\dataconnect`\n"}}
[debug] [2026-02-17T16:23:32.903Z] E0218 00:23:32.903695   15704 watch.go:40] Failed to load config from "f:\\campus-management-system\\dataconnect": could not find dataconnect.yaml in `f:\campus-management-system\dataconnect`
 {"metadata":{"emulator":{"name":"dataconnect"},"message":"E0218 00:23:32.903695   15704 watch.go:40] Failed to load config from \"f:\\\\campus-management-system\\\\dataconnect\": could not find dataconnect.yaml in `f:\\campus-management-system\\dataconnect`\n"}}
[debug] [2026-02-17T16:23:42.903Z] E0218 00:23:42.903554   15704 watch.go:40] Failed to load config from "f:\\campus-management-system\\dataconnect": could not find dataconnect.yaml in `f:\campus-management-system\dataconnect`
 {"metadata":{"emulator":{"name":"dataconnect"},"message":"E0218 00:23:42.903554   15704 watch.go:40] Failed to load config from \"f:\\\\campus-management-system\\\\dataconnect\": could not find dataconnect.yaml in `f:\\campus-management-system\\dataconnect`\n"}}
[debug] [2026-02-17T16:23:52.903Z] E0218 00:23:52.903747   15704 watch.go:40] Failed to load config from "f:\\campus-management-system\\dataconnect": could not find dataconnect.yaml in `f:\campus-management-system\dataconnect`
 {"metadata":{"emulator":{"name":"dataconnect"},"message":"E0218 00:23:52.903747   15704 watch.go:40] Failed to load config from \"f:\\\\campus-management-system\\\\dataconnect\": could not find dataconnect.yaml in `f:\\campus-management-system\\dataconnect`\n"}}
[debug] [2026-02-17T16:24:02.903Z] E0218 00:24:02.903588   15704 watch.go:116] watchAllDir unable to walk dir `f:\campus-management-system\dataconnect`: CreateFile f:\campus-management-system\dataconnect: The system cannot find the file specified.
E0218 00:24:02.903588   15704 watch.go:40] Failed to load config from "f:\\campus-management-system\\dataconnect": could not find dataconnect.yaml in `f:\campus-management-system\dataconnect`
 {"metadata":{"emulator":{"name":"dataconnect"},"message":"E0218 00:24:02.903588   15704 watch.go:116] watchAllDir unable to walk dir `f:\\campus-management-system\\dataconnect`: CreateFile f:\\campus-management-system\\dataconnect: The system cannot find the file specified.\nE0218 00:24:02.903588   15704 watch.go:40] Failed to load config from \"f:\\\\campus-management-system\\\\dataconnect\": could not find dataconnect.yaml in `f:\\campus-management-system\\dataconnect`\n"}}
[debug] [2026-02-17T16:24:12.904Z] E0218 00:24:12.904048   15704 watch.go:40] Failed to load config from "f:\\campus-management-system\\dataconnect": could not find dataconnect.yaml in `f:\campus-management-system\dataconnect`
 {"metadata":{"emulator":{"name":"dataconnect"},"message":"E0218 00:24:12.904048   15704 watch.go:40] Failed to load config from \"f:\\\\campus-management-system\\\\dataconnect\": could not find dataconnect.yaml in `f:\\campus-management-system\\dataconnect`\n"}}
[debug] [2026-02-17T16:24:22.904Z] E0218 00:24:22.903823   15704 watch.go:40] Failed to load config from "f:\\campus-management-system\\dataconnect": could not find dataconnect.yaml in `f:\campus-management-system\dataconnect`
 {"metadata":{"emulator":{"name":"dataconnect"},"message":"E0218 00:24:22.903823   15704 watch.go:40] Failed to load config from \"f:\\\\campus-management-system\\\\dataconnect\": could not find dataconnect.yaml in `f:\\campus-management-system\\dataconnect`\n"}}
[debug] [2026-02-17T16:24:32.903Z] E0218 00:24:32.903620   15704 watch.go:40] Failed to load config from "f:\\campus-management-system\\dataconnect": could not find dataconnect.yaml in `f:\campus-management-system\dataconnect`
 {"metadata":{"emulator":{"name":"dataconnect"},"message":"E0218 00:24:32.903620   15704 watch.go:40] Failed to load config from \"f:\\\\campus-management-system\\\\dataconnect\": could not find dataconnect.yaml in `f:\\campus-management-system\\dataconnect`\n"}}
[debug] [2026-02-17T16:24:42.903Z] E0218 00:24:42.903544   15704 watch.go:40] Failed to load config from "f:\\campus-management-system\\dataconnect": could not find dataconnect.yaml in `f:\campus-management-system\dataconnect`
 {"metadata":{"emulator":{"name":"dataconnect"},"message":"E0218 00:24:42.903544   15704 watch.go:40] Failed to load config from \"f:\\\\campus-management-system\\\\dataconnect\": could not find dataconnect.yaml in `f:\\campus-management-system\\dataconnect`\n"}}
[debug] [2026-02-17T16:24:52.903Z] E0218 00:24:52.903547   15704 watch.go:40] Failed to load config from "f:\\campus-management-system\\dataconnect": could not find dataconnect.yaml in `f:\campus-management-system\dataconnect`
 {"metadata":{"emulator":{"name":"dataconnect"},"message":"E0218 00:24:52.903547   15704 watch.go:40] Failed to load config from \"f:\\\\campus-management-system\\\\dataconnect\": could not find dataconnect.yaml in `f:\\campus-management-system\\dataconnect`\n"}}
[debug] [2026-02-17T16:25:02.903Z] E0218 00:25:02.903841   15704 watch.go:116] watchAllDir unable to walk dir `f:\campus-management-system\dataconnect`: CreateFile f:\campus-management-system\dataconnect: The system cannot find the file specified.
E0218 00:25:02.903841   15704 watch.go:40] Failed to load config from "f:\\campus-management-system\\dataconnect": could not find dataconnect.yaml in `f:\campus-management-system\dataconnect`
 {"metadata":{"emulator":{"name":"dataconnect"},"message":"E0218 00:25:02.903841   15704 watch.go:116] watchAllDir unable to walk dir `f:\\campus-management-system\\dataconnect`: CreateFile f:\\campus-management-system\\dataconnect: The system cannot find the file specified.\nE0218 00:25:02.903841   15704 watch.go:40] Failed to load config from \"f:\\\\campus-management-system\\\\dataconnect\": could not find dataconnect.yaml in `f:\\campus-management-system\\dataconnect`\n"}}
[debug] [2026-02-17T16:25:12.904Z] E0218 00:25:12.903951   15704 watch.go:40] Failed to load config from "f:\\campus-management-system\\dataconnect": could not find dataconnect.yaml in `f:\campus-management-system\dataconnect`
 {"metadata":{"emulator":{"name":"dataconnect"},"message":"E0218 00:25:12.903951   15704 watch.go:40] Failed to load config from \"f:\\\\campus-management-system\\\\dataconnect\": could not find dataconnect.yaml in `f:\\campus-management-system\\dataconnect`\n"}}
[debug] [2026-02-17T16:25:22.903Z] E0218 00:25:22.903852   15704 watch.go:40] Failed to load config from "f:\\campus-management-system\\dataconnect": could not find dataconnect.yaml in `f:\campus-management-system\dataconnect`
 {"metadata":{"emulator":{"name":"dataconnect"},"message":"E0218 00:25:22.903852   15704 watch.go:40] Failed to load config from \"f:\\\\campus-management-system\\\\dataconnect\": could not find dataconnect.yaml in `f:\\campus-management-system\\dataconnect`\n"}}
[debug] [2026-02-17T16:25:32.904Z] E0218 00:25:32.903914   15704 watch.go:40] Failed to load config from "f:\\campus-management-system\\dataconnect": could not find dataconnect.yaml in `f:\campus-management-system\dataconnect`
 {"metadata":{"emulator":{"name":"dataconnect"},"message":"E0218 00:25:32.903914   15704 watch.go:40] Failed to load config from \"f:\\\\campus-management-system\\\\dataconnect\": could not find dataconnect.yaml in `f:\\campus-management-system\\dataconnect`\n"}}
[debug] [2026-02-17T16:25:42.903Z] E0218 00:25:42.903638   15704 watch.go:40] Failed to load config from "f:\\campus-management-system\\dataconnect": could not find dataconnect.yaml in `f:\campus-management-system\dataconnect`
 {"metadata":{"emulator":{"name":"dataconnect"},"message":"E0218 00:25:42.903638   15704 watch.go:40] Failed to load config from \"f:\\\\campus-management-system\\\\dataconnect\": could not find dataconnect.yaml in `f:\\campus-management-system\\dataconnect`\n"}}
[debug] [2026-02-17T16:25:52.903Z] E0218 00:25:52.903569   15704 watch.go:40] Failed to load config from "f:\\campus-management-system\\dataconnect": could not find dataconnect.yaml in `f:\campus-management-system\dataconnect`
 {"metadata":{"emulator":{"name":"dataconnect"},"message":"E0218 00:25:52.903569   15704 watch.go:40] Failed to load config from \"f:\\\\campus-management-system\\\\dataconnect\": could not find dataconnect.yaml in `f:\\campus-management-system\\dataconnect`\n"}}
[debug] [2026-02-17T16:26:02.903Z] E0218 00:26:02.903782   15704 watch.go:116] watchAllDir unable to walk dir `f:\campus-management-system\dataconnect`: CreateFile f:\campus-management-system\dataconnect: The system cannot find the file specified.
E0218 00:26:02.903782   15704 watch.go:40] Failed to load config from "f:\\campus-management-system\\dataconnect": could not find dataconnect.yaml in `f:\campus-management-system\dataconnect`
 {"metadata":{"emulator":{"name":"dataconnect"},"message":"E0218 00:26:02.903782   15704 watch.go:116] watchAllDir unable to walk dir `f:\\campus-management-system\\dataconnect`: CreateFile f:\\campus-management-system\\dataconnect: The system cannot find the file specified.\nE0218 00:26:02.903782   15704 watch.go:40] Failed to load config from \"f:\\\\campus-management-system\\\\dataconnect\": could not find dataconnect.yaml in `f:\\campus-management-system\\dataconnect`\n"}}
[debug] [2026-02-17T16:26:12.904Z] E0218 00:26:12.904101   15704 watch.go:40] Failed to load config from "f:\\campus-management-system\\dataconnect": could not find dataconnect.yaml in `f:\campus-management-system\dataconnect`
 {"metadata":{"emulator":{"name":"dataconnect"},"message":"E0218 00:26:12.904101   15704 watch.go:40] Failed to load config from \"f:\\\\campus-management-system\\\\dataconnect\": could not find dataconnect.yaml in `f:\\campus-management-system\\dataconnect`\n"}}
[debug] [2026-02-17T16:26:22.903Z] E0218 00:26:22.903960   15704 watch.go:40] Failed to load config from "f:\\campus-management-system\\dataconnect": could not find dataconnect.yaml in `f:\campus-management-system\dataconnect`
 {"metadata":{"emulator":{"name":"dataconnect"},"message":"E0218 00:26:22.903960   15704 watch.go:40] Failed to load config from \"f:\\\\campus-management-system\\\\dataconnect\": could not find dataconnect.yaml in `f:\\campus-management-system\\dataconnect`\n"}}
[debug] [2026-02-17T16:26:32.903Z] E0218 00:26:32.903552   15704 watch.go:40] Failed to load config from "f:\\campus-management-system\\dataconnect": could not find dataconnect.yaml in `f:\campus-management-system\dataconnect`
 {"metadata":{"emulator":{"name":"dataconnect"},"message":"E0218 00:26:32.903552   15704 watch.go:40] Failed to load config from \"f:\\\\campus-management-system\\\\dataconnect\": could not find dataconnect.yaml in `f:\\campus-management-system\\dataconnect`\n"}}
[debug] [2026-02-17T16:26:42.903Z] E0218 00:26:42.903809   15704 watch.go:40] Failed to load config from "f:\\campus-management-system\\dataconnect": could not find dataconnect.yaml in `f:\campus-management-system\dataconnect`
 {"metadata":{"emulator":{"name":"dataconnect"},"message":"E0218 00:26:42.903809   15704 watch.go:40] Failed to load config from \"f:\\\\campus-management-system\\\\dataconnect\": could not find dataconnect.yaml in `f:\\campus-management-system\\dataconnect`\n"}}
[debug] [2026-02-17T16:26:52.903Z] E0218 00:26:52.903905   15704 watch.go:40] Failed to load config from "f:\\campus-management-system\\dataconnect": could not find dataconnect.yaml in `f:\campus-management-system\dataconnect`
 {"metadata":{"emulator":{"name":"dataconnect"},"message":"E0218 00:26:52.903905   15704 watch.go:40] Failed to load config from \"f:\\\\campus-management-system\\\\dataconnect\": could not find dataconnect.yaml in `f:\\campus-management-system\\dataconnect`\n"}}
[debug] [2026-02-17T16:27:02.903Z] E0218 00:27:02.903887   15704 watch.go:116] watchAllDir unable to walk dir `f:\campus-management-system\dataconnect`: CreateFile f:\campus-management-system\dataconnect: The system cannot find the file specified.
E0218 00:27:02.903887   15704 watch.go:40] Failed to load config from "f:\\campus-management-system\\dataconnect": could not find dataconnect.yaml in `f:\campus-management-system\dataconnect`
 {"metadata":{"emulator":{"name":"dataconnect"},"message":"E0218 00:27:02.903887   15704 watch.go:116] watchAllDir unable to walk dir `f:\\campus-management-system\\dataconnect`: CreateFile f:\\campus-management-system\\dataconnect: The system cannot find the file specified.\nE0218 00:27:02.903887   15704 watch.go:40] Failed to load config from \"f:\\\\campus-management-system\\\\dataconnect\": could not find dataconnect.yaml in `f:\\campus-management-system\\dataconnect`\n"}}
[debug] [2026-02-17T16:27:12.903Z] E0218 00:27:12.903812   15704 watch.go:40] Failed to load config from "f:\\campus-management-system\\dataconnect": could not find dataconnect.yaml in `f:\campus-management-system\dataconnect`
 {"metadata":{"emulator":{"name":"dataconnect"},"message":"E0218 00:27:12.903812   15704 watch.go:40] Failed to load config from \"f:\\\\campus-management-system\\\\dataconnect\": could not find dataconnect.yaml in `f:\\campus-management-system\\dataconnect`\n"}}
[debug] [2026-02-17T16:27:22.903Z] E0218 00:27:22.903546   15704 watch.go:40] Failed to load config from "f:\\campus-management-system\\dataconnect": could not find dataconnect.yaml in `f:\campus-management-system\dataconnect`
 {"metadata":{"emulator":{"name":"dataconnect"},"message":"E0218 00:27:22.903546   15704 watch.go:40] Failed to load config from \"f:\\\\campus-management-system\\\\dataconnect\": could not find dataconnect.yaml in `f:\\campus-management-system\\dataconnect`\n"}}
[debug] [2026-02-17T16:27:32.903Z] E0218 00:27:32.903696   15704 watch.go:40] Failed to load config from "f:\\campus-management-system\\dataconnect": could not find dataconnect.yaml in `f:\campus-management-system\dataconnect`
 {"metadata":{"emulator":{"name":"dataconnect"},"message":"E0218 00:27:32.903696   15704 watch.go:40] Failed to load config from \"f:\\\\campus-management-system\\\\dataconnect\": could not find dataconnect.yaml in `f:\\campus-management-system\\dataconnect`\n"}}
[debug] [2026-02-17T16:27:42.903Z] E0218 00:27:42.903558   15704 watch.go:40] Failed to load config from "f:\\campus-management-system\\dataconnect": could not find dataconnect.yaml in `f:\campus-management-system\dataconnect`
 {"metadata":{"emulator":{"name":"dataconnect"},"message":"E0218 00:27:42.903558   15704 watch.go:40] Failed to load config from \"f:\\\\campus-management-system\\\\dataconnect\": could not find dataconnect.yaml in `f:\\campus-management-system\\dataconnect`\n"}}
[debug] [2026-02-17T16:27:52.903Z] E0218 00:27:52.903603   15704 watch.go:40] Failed to load config from "f:\\campus-management-system\\dataconnect": could not find dataconnect.yaml in `f:\campus-management-system\dataconnect`
 {"metadata":{"emulator":{"name":"dataconnect"},"message":"E0218 00:27:52.903603   15704 watch.go:40] Failed to load config from \"f:\\\\campus-management-system\\\\dataconnect\": could not find dataconnect.yaml in `f:\\campus-management-system\\dataconnect`\n"}}
[debug] [2026-02-17T16:28:02.903Z] E0218 00:28:02.903679   15704 watch.go:116] watchAllDir unable to walk dir `f:\campus-management-system\dataconnect`: CreateFile f:\campus-management-system\dataconnect: The system cannot find the file specified.
E0218 00:28:02.903679   15704 watch.go:40] Failed to load config from "f:\\campus-management-system\\dataconnect": could not find dataconnect.yaml in `f:\campus-management-system\dataconnect`
 {"metadata":{"emulator":{"name":"dataconnect"},"message":"E0218 00:28:02.903679   15704 watch.go:116] watchAllDir unable to walk dir `f:\\campus-management-system\\dataconnect`: CreateFile f:\\campus-management-system\\dataconnect: The system cannot find the file specified.\nE0218 00:28:02.903679   15704 watch.go:40] Failed to load config from \"f:\\\\campus-management-system\\\\dataconnect\": could not find dataconnect.yaml in `f:\\campus-management-system\\dataconnect`\n"}}
[debug] [2026-02-17T16:28:12.903Z] E0218 00:28:12.904019   15704 watch.go:40] Failed to load config from "f:\\campus-management-system\\dataconnect": could not find dataconnect.yaml in `f:\campus-management-system\dataconnect`
 {"metadata":{"emulator":{"name":"dataconnect"},"message":"E0218 00:28:12.904019   15704 watch.go:40] Failed to load config from \"f:\\\\campus-management-system\\\\dataconnect\": could not find dataconnect.yaml in `f:\\campus-management-system\\dataconnect`\n"}}
[debug] [2026-02-17T16:28:22.903Z] E0218 00:28:22.903905   15704 watch.go:40] Failed to load config from "f:\\campus-management-system\\dataconnect": could not find dataconnect.yaml in `f:\campus-management-system\dataconnect`
 {"metadata":{"emulator":{"name":"dataconnect"},"message":"E0218 00:28:22.903905   15704 watch.go:40] Failed to load config from \"f:\\\\campus-management-system\\\\dataconnect\": could not find dataconnect.yaml in `f:\\campus-management-system\\dataconnect`\n"}}
[debug] [2026-02-17T16:28:32.903Z] E0218 00:28:32.903697   15704 watch.go:40] Failed to load config from "f:\\campus-management-system\\dataconnect": could not find dataconnect.yaml in `f:\campus-management-system\dataconnect`
 {"metadata":{"emulator":{"name":"dataconnect"},"message":"E0218 00:28:32.903697   15704 watch.go:40] Failed to load config from \"f:\\\\campus-management-system\\\\dataconnect\": could not find dataconnect.yaml in `f:\\campus-management-system\\dataconnect`\n"}}
[debug] [2026-02-17T16:28:42.903Z] E0218 00:28:42.903837   15704 watch.go:40] Failed to load config from "f:\\campus-management-system\\dataconnect": could not find dataconnect.yaml in `f:\campus-management-system\dataconnect`
 {"metadata":{"emulator":{"name":"dataconnect"},"message":"E0218 00:28:42.903837   15704 watch.go:40] Failed to load config from \"f:\\\\campus-management-system\\\\dataconnect\": could not find dataconnect.yaml in `f:\\campus-management-system\\dataconnect`\n"}}
[debug] [2026-02-17T16:28:52.903Z] E0218 00:28:52.903948   15704 watch.go:40] Failed to load config from "f:\\campus-management-system\\dataconnect": could not find dataconnect.yaml in `f:\campus-management-system\dataconnect`
 {"metadata":{"emulator":{"name":"dataconnect"},"message":"E0218 00:28:52.903948   15704 watch.go:40] Failed to load config from \"f:\\\\campus-management-system\\\\dataconnect\": could not find dataconnect.yaml in `f:\\campus-management-system\\dataconnect`\n"}}
[debug] [2026-02-17T16:29:02.903Z] E0218 00:29:02.903595   15704 watch.go:116] watchAllDir unable to walk dir `f:\campus-management-system\dataconnect`: CreateFile f:\campus-management-system\dataconnect: The system cannot find the file specified.
E0218 00:29:02.903595   15704 watch.go:40] Failed to load config from "f:\\campus-management-system\\dataconnect": could not find dataconnect.yaml in `f:\campus-management-system\dataconnect`
 {"metadata":{"emulator":{"name":"dataconnect"},"message":"E0218 00:29:02.903595   15704 watch.go:116] watchAllDir unable to walk dir `f:\\campus-management-system\\dataconnect`: CreateFile f:\\campus-management-system\\dataconnect: The system cannot find the file specified.\nE0218 00:29:02.903595   15704 watch.go:40] Failed to load config from \"f:\\\\campus-management-system\\\\dataconnect\": could not find dataconnect.yaml in `f:\\campus-management-system\\dataconnect`\n"}}
[debug] [2026-02-17T16:29:12.904Z] E0218 00:29:12.904093   15704 watch.go:40] Failed to load config from "f:\\campus-management-system\\dataconnect": could not find dataconnect.yaml in `f:\campus-management-system\dataconnect`
 {"metadata":{"emulator":{"name":"dataconnect"},"message":"E0218 00:29:12.904093   15704 watch.go:40] Failed to load config from \"f:\\\\campus-management-system\\\\dataconnect\": could not find dataconnect.yaml in `f:\\campus-management-system\\dataconnect`\n"}}
[debug] [2026-02-17T16:29:22.903Z] E0218 00:29:22.903834   15704 watch.go:40] Failed to load config from "f:\\campus-management-system\\dataconnect": could not find dataconnect.yaml in `f:\campus-management-system\dataconnect`
 {"metadata":{"emulator":{"name":"dataconnect"},"message":"E0218 00:29:22.903834   15704 watch.go:40] Failed to load config from \"f:\\\\campus-management-system\\\\dataconnect\": could not find dataconnect.yaml in `f:\\campus-management-system\\dataconnect`\n"}}
[debug] [2026-02-17T16:29:32.903Z] E0218 00:29:32.903962   15704 watch.go:40] Failed to load config from "f:\\campus-management-system\\dataconnect": could not find dataconnect.yaml in `f:\campus-management-system\dataconnect`
 {"metadata":{"emulator":{"name":"dataconnect"},"message":"E0218 00:29:32.903962   15704 watch.go:40] Failed to load config from \"f:\\\\campus-management-system\\\\dataconnect\": could not find dataconnect.yaml in `f:\\campus-management-system\\dataconnect`\n"}}
[debug] [2026-02-17T16:29:42.903Z] E0218 00:29:42.903546   15704 watch.go:40] Failed to load config from "f:\\campus-management-system\\dataconnect": could not find dataconnect.yaml in `f:\campus-management-system\dataconnect`
 {"metadata":{"emulator":{"name":"dataconnect"},"message":"E0218 00:29:42.903546   15704 watch.go:40] Failed to load config from \"f:\\\\campus-management-system\\\\dataconnect\": could not find dataconnect.yaml in `f:\\campus-management-system\\dataconnect`\n"}}
[debug] [2026-02-17T16:29:52.903Z] E0218 00:29:52.903850   15704 watch.go:40] Failed to load config from "f:\\campus-management-system\\dataconnect": could not find dataconnect.yaml in `f:\campus-management-system\dataconnect`
 {"metadata":{"emulator":{"name":"dataconnect"},"message":"E0218 00:29:52.903850   15704 watch.go:40] Failed to load config from \"f:\\\\campus-management-system\\\\dataconnect\": could not find dataconnect.yaml in `f:\\campus-management-system\\dataconnect`\n"}}
[debug] [2026-02-17T16:30:02.904Z] E0218 00:30:02.904069   15704 watch.go:116] watchAllDir unable to walk dir `f:\campus-management-system\dataconnect`: CreateFile f:\campus-management-system\dataconnect: The system cannot find the file specified.
E0218 00:30:02.904069   15704 watch.go:40] Failed to load config from "f:\\campus-management-system\\dataconnect": could not find dataconnect.yaml in `f:\campus-management-system\dataconnect`
 {"metadata":{"emulator":{"name":"dataconnect"},"message":"E0218 00:30:02.904069   15704 watch.go:116] watchAllDir unable to walk dir `f:\\campus-management-system\\dataconnect`: CreateFile f:\\campus-management-system\\dataconnect: The system cannot find the file specified.\nE0218 00:30:02.904069   15704 watch.go:40] Failed to load config from \"f:\\\\campus-management-system\\\\dataconnect\": could not find dataconnect.yaml in `f:\\campus-management-system\\dataconnect`\n"}}
[debug] [2026-02-17T16:30:12.904Z] E0218 00:30:12.904068   15704 watch.go:40] Failed to load config from "f:\\campus-management-system\\dataconnect": could not find dataconnect.yaml in `f:\campus-management-system\dataconnect`
 {"metadata":{"emulator":{"name":"dataconnect"},"message":"E0218 00:30:12.904068   15704 watch.go:40] Failed to load config from \"f:\\\\campus-management-system\\\\dataconnect\": could not find dataconnect.yaml in `f:\\campus-management-system\\dataconnect`\n"}}
[debug] [2026-02-17T16:30:22.903Z] E0218 00:30:22.903566   15704 watch.go:40] Failed to load config from "f:\\campus-management-system\\dataconnect": could not find dataconnect.yaml in `f:\campus-management-system\dataconnect`
 {"metadata":{"emulator":{"name":"dataconnect"},"message":"E0218 00:30:22.903566   15704 watch.go:40] Failed to load config from \"f:\\\\campus-management-system\\\\dataconnect\": could not find dataconnect.yaml in `f:\\campus-management-system\\dataconnect`\n"}}
[debug] [2026-02-17T16:30:32.903Z] E0218 00:30:32.903733   15704 watch.go:40] Failed to load config from "f:\\campus-management-system\\dataconnect": could not find dataconnect.yaml in `f:\campus-management-system\dataconnect`
 {"metadata":{"emulator":{"name":"dataconnect"},"message":"E0218 00:30:32.903733   15704 watch.go:40] Failed to load config from \"f:\\\\campus-management-system\\\\dataconnect\": could not find dataconnect.yaml in `f:\\campus-management-system\\dataconnect`\n"}}
[debug] [2026-02-17T16:30:42.903Z] E0218 00:30:42.903573   15704 watch.go:40] Failed to load config from "f:\\campus-management-system\\dataconnect": could not find dataconnect.yaml in `f:\campus-management-system\dataconnect`
 {"metadata":{"emulator":{"name":"dataconnect"},"message":"E0218 00:30:42.903573   15704 watch.go:40] Failed to load config from \"f:\\\\campus-management-system\\\\dataconnect\": could not find dataconnect.yaml in `f:\\campus-management-system\\dataconnect`\n"}}
[debug] [2026-02-17T16:30:52.903Z] E0218 00:30:52.903809   15704 watch.go:40] Failed to load config from "f:\\campus-management-system\\dataconnect": could not find dataconnect.yaml in `f:\campus-management-system\dataconnect`
 {"metadata":{"emulator":{"name":"dataconnect"},"message":"E0218 00:30:52.903809   15704 watch.go:40] Failed to load config from \"f:\\\\campus-management-system\\\\dataconnect\": could not find dataconnect.yaml in `f:\\campus-management-system\\dataconnect`\n"}}
[debug] [2026-02-17T16:31:02.903Z] E0218 00:31:02.903560   15704 watch.go:40] Failed to load config from "f:\\campus-management-system\\dataconnect": could not find dataconnect.yaml in `f:\campus-management-system\dataconnect`
E0218 00:31:02.903560   15704 watch.go:116] watchAllDir unable to walk dir `f:\campus-management-system\dataconnect`: CreateFile f:\campus-management-system\dataconnect: The system cannot find the file specified.
 {"metadata":{"emulator":{"name":"dataconnect"},"message":"E0218 00:31:02.903560   15704 watch.go:40] Failed to load config from \"f:\\\\campus-management-system\\\\dataconnect\": could not find dataconnect.yaml in `f:\\campus-management-system\\dataconnect`\nE0218 00:31:02.903560   15704 watch.go:116] watchAllDir unable to walk dir `f:\\campus-management-system\\dataconnect`: CreateFile f:\\campus-management-system\\dataconnect: The system cannot find the file specified.\n"}}
[debug] [2026-02-17T16:31:12.903Z] E0218 00:31:12.903846   15704 watch.go:40] Failed to load config from "f:\\campus-management-system\\dataconnect": could not find dataconnect.yaml in `f:\campus-management-system\dataconnect`
 {"metadata":{"emulator":{"name":"dataconnect"},"message":"E0218 00:31:12.903846   15704 watch.go:40] Failed to load config from \"f:\\\\campus-management-system\\\\dataconnect\": could not find dataconnect.yaml in `f:\\campus-management-system\\dataconnect`\n"}}
[debug] [2026-02-17T16:31:22.903Z] E0218 00:31:22.903534   15704 watch.go:40] Failed to load config from "f:\\campus-management-system\\dataconnect": could not find dataconnect.yaml in `f:\campus-management-system\dataconnect`
 {"metadata":{"emulator":{"name":"dataconnect"},"message":"E0218 00:31:22.903534   15704 watch.go:40] Failed to load config from \"f:\\\\campus-management-system\\\\dataconnect\": could not find dataconnect.yaml in `f:\\campus-management-system\\dataconnect`\n"}}
[debug] [2026-02-17T16:31:32.903Z] E0218 00:31:32.903760   15704 watch.go:40] Failed to load config from "f:\\campus-management-system\\dataconnect": could not find dataconnect.yaml in `f:\campus-management-system\dataconnect`
 {"metadata":{"emulator":{"name":"dataconnect"},"message":"E0218 00:31:32.903760   15704 watch.go:40] Failed to load config from \"f:\\\\campus-management-system\\\\dataconnect\": could not find dataconnect.yaml in `f:\\campus-management-system\\dataconnect`\n"}}
[debug] [2026-02-17T16:31:42.903Z] E0218 00:31:42.903651   15704 watch.go:40] Failed to load config from "f:\\campus-management-system\\dataconnect": could not find dataconnect.yaml in `f:\campus-management-system\dataconnect`
 {"metadata":{"emulator":{"name":"dataconnect"},"message":"E0218 00:31:42.903651   15704 watch.go:40] Failed to load config from \"f:\\\\campus-management-system\\\\dataconnect\": could not find dataconnect.yaml in `f:\\campus-management-system\\dataconnect`\n"}}
[debug] [2026-02-17T16:31:52.903Z] E0218 00:31:52.903556   15704 watch.go:40] Failed to load config from "f:\\campus-management-system\\dataconnect": could not find dataconnect.yaml in `f:\campus-management-system\dataconnect`
 {"metadata":{"emulator":{"name":"dataconnect"},"message":"E0218 00:31:52.903556   15704 watch.go:40] Failed to load config from \"f:\\\\campus-management-system\\\\dataconnect\": could not find dataconnect.yaml in `f:\\campus-management-system\\dataconnect`\n"}}
[debug] [2026-02-17T16:32:02.903Z] E0218 00:32:02.903545   15704 watch.go:40] Failed to load config from "f:\\campus-management-system\\dataconnect": could not find dataconnect.yaml in `f:\campus-management-system\dataconnect`
E0218 00:32:02.903545   15704 watch.go:116] watchAllDir unable to walk dir `f:\campus-management-system\dataconnect`: CreateFile f:\campus-management-system\dataconnect: The system cannot find the file specified.
 {"metadata":{"emulator":{"name":"dataconnect"},"message":"E0218 00:32:02.903545   15704 watch.go:40] Failed to load config from \"f:\\\\campus-management-system\\\\dataconnect\": could not find dataconnect.yaml in `f:\\campus-management-system\\dataconnect`\nE0218 00:32:02.903545   15704 watch.go:116] watchAllDir unable to walk dir `f:\\campus-management-system\\dataconnect`: CreateFile f:\\campus-management-system\\dataconnect: The system cannot find the file specified.\n"}}
[debug] [2026-02-17T16:32:12.903Z] E0218 00:32:12.903961   15704 watch.go:40] Failed to load config from "f:\\campus-management-system\\dataconnect": could not find dataconnect.yaml in `f:\campus-management-system\dataconnect`
 {"metadata":{"emulator":{"name":"dataconnect"},"message":"E0218 00:32:12.903961   15704 watch.go:40] Failed to load config from \"f:\\\\campus-management-system\\\\dataconnect\": could not find dataconnect.yaml in `f:\\campus-management-system\\dataconnect`\n"}}
[debug] [2026-02-17T16:32:22.903Z] E0218 00:32:22.903702   15704 watch.go:40] Failed to load config from "f:\\campus-management-system\\dataconnect": could not find dataconnect.yaml in `f:\campus-management-system\dataconnect`
 {"metadata":{"emulator":{"name":"dataconnect"},"message":"E0218 00:32:22.903702   15704 watch.go:40] Failed to load config from \"f:\\\\campus-management-system\\\\dataconnect\": could not find dataconnect.yaml in `f:\\campus-management-system\\dataconnect`\n"}}
[debug] [2026-02-17T16:32:32.903Z] E0218 00:32:32.903656   15704 watch.go:40] Failed to load config from "f:\\campus-management-system\\dataconnect": could not find dataconnect.yaml in `f:\campus-management-system\dataconnect`
 {"metadata":{"emulator":{"name":"dataconnect"},"message":"E0218 00:32:32.903656   15704 watch.go:40] Failed to load config from \"f:\\\\campus-management-system\\\\dataconnect\": could not find dataconnect.yaml in `f:\\campus-management-system\\dataconnect`\n"}}
[debug] [2026-02-17T16:32:42.903Z] E0218 00:32:42.903989   15704 watch.go:40] Failed to load config from "f:\\campus-management-system\\dataconnect": could not find dataconnect.yaml in `f:\campus-management-system\dataconnect`
 {"metadata":{"emulator":{"name":"dataconnect"},"message":"E0218 00:32:42.903989   15704 watch.go:40] Failed to load config from \"f:\\\\campus-management-system\\\\dataconnect\": could not find dataconnect.yaml in `f:\\campus-management-system\\dataconnect`\n"}}
[debug] [2026-02-17T16:32:52.903Z] E0218 00:32:52.903567   15704 watch.go:40] Failed to load config from "f:\\campus-management-system\\dataconnect": could not find dataconnect.yaml in `f:\campus-management-system\dataconnect`
 {"metadata":{"emulator":{"name":"dataconnect"},"message":"E0218 00:32:52.903567   15704 watch.go:40] Failed to load config from \"f:\\\\campus-management-system\\\\dataconnect\": could not find dataconnect.yaml in `f:\\campus-management-system\\dataconnect`\n"}}
[debug] [2026-02-17T16:33:02.903Z] E0218 00:33:02.903644   15704 watch.go:116] watchAllDir unable to walk dir `f:\campus-management-system\dataconnect`: CreateFile f:\campus-management-system\dataconnect: The system cannot find the file specified.
E0218 00:33:02.903644   15704 watch.go:40] Failed to load config from "f:\\campus-management-system\\dataconnect": could not find dataconnect.yaml in `f:\campus-management-system\dataconnect`
 {"metadata":{"emulator":{"name":"dataconnect"},"message":"E0218 00:33:02.903644   15704 watch.go:116] watchAllDir unable to walk dir `f:\\campus-management-system\\dataconnect`: CreateFile f:\\campus-management-system\\dataconnect: The system cannot find the file specified.\nE0218 00:33:02.903644   15704 watch.go:40] Failed to load config from \"f:\\\\campus-management-system\\\\dataconnect\": could not find dataconnect.yaml in `f:\\campus-management-system\\dataconnect`\n"}}
[debug] [2026-02-17T16:33:12.903Z] E0218 00:33:12.903569   15704 watch.go:40] Failed to load config from "f:\\campus-management-system\\dataconnect": could not find dataconnect.yaml in `f:\campus-management-system\dataconnect`
 {"metadata":{"emulator":{"name":"dataconnect"},"message":"E0218 00:33:12.903569   15704 watch.go:40] Failed to load config from \"f:\\\\campus-management-system\\\\dataconnect\": could not find dataconnect.yaml in `f:\\campus-management-system\\dataconnect`\n"}}
[debug] [2026-02-17T16:33:22.903Z] E0218 00:33:22.903817   15704 watch.go:40] Failed to load config from "f:\\campus-management-system\\dataconnect": could not find dataconnect.yaml in `f:\campus-management-system\dataconnect`
 {"metadata":{"emulator":{"name":"dataconnect"},"message":"E0218 00:33:22.903817   15704 watch.go:40] Failed to load config from \"f:\\\\campus-management-system\\\\dataconnect\": could not find dataconnect.yaml in `f:\\campus-management-system\\dataconnect`\n"}}
[debug] [2026-02-17T16:33:32.903Z] E0218 00:33:32.903600   15704 watch.go:40] Failed to load config from "f:\\campus-management-system\\dataconnect": could not find dataconnect.yaml in `f:\campus-management-system\dataconnect`
 {"metadata":{"emulator":{"name":"dataconnect"},"message":"E0218 00:33:32.903600   15704 watch.go:40] Failed to load config from \"f:\\\\campus-management-system\\\\dataconnect\": could not find dataconnect.yaml in `f:\\campus-management-system\\dataconnect`\n"}}
[debug] [2026-02-17T16:33:42.904Z] E0218 00:33:42.903895   15704 watch.go:40] Failed to load config from "f:\\campus-management-system\\dataconnect": could not find dataconnect.yaml in `f:\campus-management-system\dataconnect`
 {"metadata":{"emulator":{"name":"dataconnect"},"message":"E0218 00:33:42.903895   15704 watch.go:40] Failed to load config from \"f:\\\\campus-management-system\\\\dataconnect\": could not find dataconnect.yaml in `f:\\campus-management-system\\dataconnect`\n"}}
[debug] [2026-02-17T16:33:52.903Z] E0218 00:33:52.903865   15704 watch.go:40] Failed to load config from "f:\\campus-management-system\\dataconnect": could not find dataconnect.yaml in `f:\campus-management-system\dataconnect`
 {"metadata":{"emulator":{"name":"dataconnect"},"message":"E0218 00:33:52.903865   15704 watch.go:40] Failed to load config from \"f:\\\\campus-management-system\\\\dataconnect\": could not find dataconnect.yaml in `f:\\campus-management-system\\dataconnect`\n"}}
[debug] [2026-02-17T16:34:02.903Z] E0218 00:34:02.903577   15704 watch.go:116] watchAllDir unable to walk dir `f:\campus-management-system\dataconnect`: CreateFile f:\campus-management-system\dataconnect: The system cannot find the file specified.
E0218 00:34:02.903577   15704 watch.go:40] Failed to load config from "f:\\campus-management-system\\dataconnect": could not find dataconnect.yaml in `f:\campus-management-system\dataconnect`
 {"metadata":{"emulator":{"name":"dataconnect"},"message":"E0218 00:34:02.903577   15704 watch.go:116] watchAllDir unable to walk dir `f:\\campus-management-system\\dataconnect`: CreateFile f:\\campus-management-system\\dataconnect: The system cannot find the file specified.\nE0218 00:34:02.903577   15704 watch.go:40] Failed to load config from \"f:\\\\campus-management-system\\\\dataconnect\": could not find dataconnect.yaml in `f:\\campus-management-system\\dataconnect`\n"}}
[debug] [2026-02-17T16:34:12.903Z] E0218 00:34:12.903832   15704 watch.go:40] Failed to load config from "f:\\campus-management-system\\dataconnect": could not find dataconnect.yaml in `f:\campus-management-system\dataconnect`
 {"metadata":{"emulator":{"name":"dataconnect"},"message":"E0218 00:34:12.903832   15704 watch.go:40] Failed to load config from \"f:\\\\campus-management-system\\\\dataconnect\": could not find dataconnect.yaml in `f:\\campus-management-system\\dataconnect`\n"}}
[debug] [2026-02-17T16:34:22.903Z] E0218 00:34:22.903954   15704 watch.go:40] Failed to load config from "f:\\campus-management-system\\dataconnect": could not find dataconnect.yaml in `f:\campus-management-system\dataconnect`
 {"metadata":{"emulator":{"name":"dataconnect"},"message":"E0218 00:34:22.903954   15704 watch.go:40] Failed to load config from \"f:\\\\campus-management-system\\\\dataconnect\": could not find dataconnect.yaml in `f:\\campus-management-system\\dataconnect`\n"}}
[debug] [2026-02-17T16:34:32.903Z] E0218 00:34:32.903910   15704 watch.go:40] Failed to load config from "f:\\campus-management-system\\dataconnect": could not find dataconnect.yaml in `f:\campus-management-system\dataconnect`
 {"metadata":{"emulator":{"name":"dataconnect"},"message":"E0218 00:34:32.903910   15704 watch.go:40] Failed to load config from \"f:\\\\campus-management-system\\\\dataconnect\": could not find dataconnect.yaml in `f:\\campus-management-system\\dataconnect`\n"}}
[debug] [2026-02-17T16:34:42.905Z] E0218 00:34:42.904147   15704 watch.go:40] Failed to load config from "f:\\campus-management-system\\dataconnect": could not find dataconnect.yaml in `f:\campus-management-system\dataconnect`
 {"metadata":{"emulator":{"name":"dataconnect"},"message":"E0218 00:34:42.904147   15704 watch.go:40] Failed to load config from \"f:\\\\campus-management-system\\\\dataconnect\": could not find dataconnect.yaml in `f:\\campus-management-system\\dataconnect`\n"}}
[debug] [2026-02-17T16:34:52.903Z] E0218 00:34:52.903794   15704 watch.go:40] Failed to load config from "f:\\campus-management-system\\dataconnect": could not find dataconnect.yaml in `f:\campus-management-system\dataconnect`
 {"metadata":{"emulator":{"name":"dataconnect"},"message":"E0218 00:34:52.903794   15704 watch.go:40] Failed to load config from \"f:\\\\campus-management-system\\\\dataconnect\": could not find dataconnect.yaml in `f:\\campus-management-system\\dataconnect`\n"}}
[debug] [2026-02-17T16:35:02.904Z] E0218 00:35:02.904014   15704 watch.go:116] watchAllDir unable to walk dir `f:\campus-management-system\dataconnect`: CreateFile f:\campus-management-system\dataconnect: The system cannot find the file specified.
E0218 00:35:02.904014   15704 watch.go:40] Failed to load config from "f:\\campus-management-system\\dataconnect": could not find dataconnect.yaml in `f:\campus-management-system\dataconnect`
 {"metadata":{"emulator":{"name":"dataconnect"},"message":"E0218 00:35:02.904014   15704 watch.go:116] watchAllDir unable to walk dir `f:\\campus-management-system\\dataconnect`: CreateFile f:\\campus-management-system\\dataconnect: The system cannot find the file specified.\nE0218 00:35:02.904014   15704 watch.go:40] Failed to load config from \"f:\\\\campus-management-system\\\\dataconnect\": could not find dataconnect.yaml in `f:\\campus-management-system\\dataconnect`\n"}}
[debug] [2026-02-17T16:35:12.904Z] E0218 00:35:12.904010   15704 watch.go:40] Failed to load config from "f:\\campus-management-system\\dataconnect": could not find dataconnect.yaml in `f:\campus-management-system\dataconnect`
 {"metadata":{"emulator":{"name":"dataconnect"},"message":"E0218 00:35:12.904010   15704 watch.go:40] Failed to load config from \"f:\\\\campus-management-system\\\\dataconnect\": could not find dataconnect.yaml in `f:\\campus-management-system\\dataconnect`\n"}}
[debug] [2026-02-17T16:35:22.903Z] E0218 00:35:22.903562   15704 watch.go:40] Failed to load config from "f:\\campus-management-system\\dataconnect": could not find dataconnect.yaml in `f:\campus-management-system\dataconnect`
 {"metadata":{"emulator":{"name":"dataconnect"},"message":"E0218 00:35:22.903562   15704 watch.go:40] Failed to load config from \"f:\\\\campus-management-system\\\\dataconnect\": could not find dataconnect.yaml in `f:\\campus-management-system\\dataconnect`\n"}}
[debug] [2026-02-17T16:35:32.903Z] E0218 00:35:32.903644   15704 watch.go:40] Failed to load config from "f:\\campus-management-system\\dataconnect": could not find dataconnect.yaml in `f:\campus-management-system\dataconnect`
 {"metadata":{"emulator":{"name":"dataconnect"},"message":"E0218 00:35:32.903644   15704 watch.go:40] Failed to load config from \"f:\\\\campus-management-system\\\\dataconnect\": could not find dataconnect.yaml in `f:\\campus-management-system\\dataconnect`\n"}}
[debug] [2026-02-17T16:35:42.903Z] E0218 00:35:42.903543   15704 watch.go:40] Failed to load config from "f:\\campus-management-system\\dataconnect": could not find dataconnect.yaml in `f:\campus-management-system\dataconnect`
 {"metadata":{"emulator":{"name":"dataconnect"},"message":"E0218 00:35:42.903543   15704 watch.go:40] Failed to load config from \"f:\\\\campus-management-system\\\\dataconnect\": could not find dataconnect.yaml in `f:\\campus-management-system\\dataconnect`\n"}}
[debug] [2026-02-17T16:35:52.903Z] E0218 00:35:52.903537   15704 watch.go:40] Failed to load config from "f:\\campus-management-system\\dataconnect": could not find dataconnect.yaml in `f:\campus-management-system\dataconnect`
 {"metadata":{"emulator":{"name":"dataconnect"},"message":"E0218 00:35:52.903537   15704 watch.go:40] Failed to load config from \"f:\\\\campus-management-system\\\\dataconnect\": could not find dataconnect.yaml in `f:\\campus-management-system\\dataconnect`\n"}}
[debug] [2026-02-17T16:36:02.903Z] E0218 00:36:02.903885   15704 watch.go:116] watchAllDir unable to walk dir `f:\campus-management-system\dataconnect`: CreateFile f:\campus-management-system\dataconnect: The system cannot find the file specified.
E0218 00:36:02.903885   15704 watch.go:40] Failed to load config from "f:\\campus-management-system\\dataconnect": could not find dataconnect.yaml in `f:\campus-management-system\dataconnect`
 {"metadata":{"emulator":{"name":"dataconnect"},"message":"E0218 00:36:02.903885   15704 watch.go:116] watchAllDir unable to walk dir `f:\\campus-management-system\\dataconnect`: CreateFile f:\\campus-management-system\\dataconnect: The system cannot find the file specified.\nE0218 00:36:02.903885   15704 watch.go:40] Failed to load config from \"f:\\\\campus-management-system\\\\dataconnect\": could not find dataconnect.yaml in `f:\\campus-management-system\\dataconnect`\n"}}
[debug] [2026-02-17T16:36:12.903Z] E0218 00:36:12.903551   15704 watch.go:40] Failed to load config from "f:\\campus-management-system\\dataconnect": could not find dataconnect.yaml in `f:\campus-management-system\dataconnect`
 {"metadata":{"emulator":{"name":"dataconnect"},"message":"E0218 00:36:12.903551   15704 watch.go:40] Failed to load config from \"f:\\\\campus-management-system\\\\dataconnect\": could not find dataconnect.yaml in `f:\\campus-management-system\\dataconnect`\n"}}
[debug] [2026-02-17T16:36:22.903Z] E0218 00:36:22.903571   15704 watch.go:40] Failed to load config from "f:\\campus-management-system\\dataconnect": could not find dataconnect.yaml in `f:\campus-management-system\dataconnect`
 {"metadata":{"emulator":{"name":"dataconnect"},"message":"E0218 00:36:22.903571   15704 watch.go:40] Failed to load config from \"f:\\\\campus-management-system\\\\dataconnect\": could not find dataconnect.yaml in `f:\\campus-management-system\\dataconnect`\n"}}
[debug] [2026-02-17T16:36:32.903Z] E0218 00:36:32.903797   15704 watch.go:40] Failed to load config from "f:\\campus-management-system\\dataconnect": could not find dataconnect.yaml in `f:\campus-management-system\dataconnect`
 {"metadata":{"emulator":{"name":"dataconnect"},"message":"E0218 00:36:32.903797   15704 watch.go:40] Failed to load config from \"f:\\\\campus-management-system\\\\dataconnect\": could not find dataconnect.yaml in `f:\\campus-management-system\\dataconnect`\n"}}
[debug] [2026-02-17T16:36:42.903Z] E0218 00:36:42.903906   15704 watch.go:40] Failed to load config from "f:\\campus-management-system\\dataconnect": could not find dataconnect.yaml in `f:\campus-management-system\dataconnect`
 {"metadata":{"emulator":{"name":"dataconnect"},"message":"E0218 00:36:42.903906   15704 watch.go:40] Failed to load config from \"f:\\\\campus-management-system\\\\dataconnect\": could not find dataconnect.yaml in `f:\\campus-management-system\\dataconnect`\n"}}
[debug] [2026-02-17T16:36:52.904Z] E0218 00:36:52.903996   15704 watch.go:40] Failed to load config from "f:\\campus-management-system\\dataconnect": could not find dataconnect.yaml in `f:\campus-management-system\dataconnect`
 {"metadata":{"emulator":{"name":"dataconnect"},"message":"E0218 00:36:52.903996   15704 watch.go:40] Failed to load config from \"f:\\\\campus-management-system\\\\dataconnect\": could not find dataconnect.yaml in `f:\\campus-management-system\\dataconnect`\n"}}
[debug] [2026-02-17T16:37:02.903Z] E0218 00:37:02.903868   15704 watch.go:116] watchAllDir unable to walk dir `f:\campus-management-system\dataconnect`: CreateFile f:\campus-management-system\dataconnect: The system cannot find the file specified.
E0218 00:37:02.903868   15704 watch.go:40] Failed to load config from "f:\\campus-management-system\\dataconnect": could not find dataconnect.yaml in `f:\campus-management-system\dataconnect`
 {"metadata":{"emulator":{"name":"dataconnect"},"message":"E0218 00:37:02.903868   15704 watch.go:116] watchAllDir unable to walk dir `f:\\campus-management-system\\dataconnect`: CreateFile f:\\campus-management-system\\dataconnect: The system cannot find the file specified.\nE0218 00:37:02.903868   15704 watch.go:40] Failed to load config from \"f:\\\\campus-management-system\\\\dataconnect\": could not find dataconnect.yaml in `f:\\campus-management-system\\dataconnect`\n"}}
[debug] [2026-02-17T16:37:12.903Z] E0218 00:37:12.903748   15704 watch.go:40] Failed to load config from "f:\\campus-management-system\\dataconnect": could not find dataconnect.yaml in `f:\campus-management-system\dataconnect`
 {"metadata":{"emulator":{"name":"dataconnect"},"message":"E0218 00:37:12.903748   15704 watch.go:40] Failed to load config from \"f:\\\\campus-management-system\\\\dataconnect\": could not find dataconnect.yaml in `f:\\campus-management-system\\dataconnect`\n"}}
[debug] [2026-02-17T16:37:22.903Z] E0218 00:37:22.903672   15704 watch.go:40] Failed to load config from "f:\\campus-management-system\\dataconnect": could not find dataconnect.yaml in `f:\campus-management-system\dataconnect`
 {"metadata":{"emulator":{"name":"dataconnect"},"message":"E0218 00:37:22.903672   15704 watch.go:40] Failed to load config from \"f:\\\\campus-management-system\\\\dataconnect\": could not find dataconnect.yaml in `f:\\campus-management-system\\dataconnect`\n"}}
[debug] [2026-02-17T16:37:32.903Z] E0218 00:37:32.903577   15704 watch.go:40] Failed to load config from "f:\\campus-management-system\\dataconnect": could not find dataconnect.yaml in `f:\campus-management-system\dataconnect`
 {"metadata":{"emulator":{"name":"dataconnect"},"message":"E0218 00:37:32.903577   15704 watch.go:40] Failed to load config from \"f:\\\\campus-management-system\\\\dataconnect\": could not find dataconnect.yaml in `f:\\campus-management-system\\dataconnect`\n"}}
[debug] [2026-02-17T16:37:42.903Z] E0218 00:37:42.903770   15704 watch.go:40] Failed to load config from "f:\\campus-management-system\\dataconnect": could not find dataconnect.yaml in `f:\campus-management-system\dataconnect`
 {"metadata":{"emulator":{"name":"dataconnect"},"message":"E0218 00:37:42.903770   15704 watch.go:40] Failed to load config from \"f:\\\\campus-management-system\\\\dataconnect\": could not find dataconnect.yaml in `f:\\campus-management-system\\dataconnect`\n"}}
[debug] [2026-02-17T16:37:52.903Z] E0218 00:37:52.903550   15704 watch.go:40] Failed to load config from "f:\\campus-management-system\\dataconnect": could not find dataconnect.yaml in `f:\campus-management-system\dataconnect`
 {"metadata":{"emulator":{"name":"dataconnect"},"message":"E0218 00:37:52.903550   15704 watch.go:40] Failed to load config from \"f:\\\\campus-management-system\\\\dataconnect\": could not find dataconnect.yaml in `f:\\campus-management-system\\dataconnect`\n"}}
[debug] [2026-02-17T16:38:02.903Z] E0218 00:38:02.903584   15704 watch.go:116] watchAllDir unable to walk dir `f:\campus-management-system\dataconnect`: CreateFile f:\campus-management-system\dataconnect: The system cannot find the file specified.
E0218 00:38:02.903584   15704 watch.go:40] Failed to load config from "f:\\campus-management-system\\dataconnect": could not find dataconnect.yaml in `f:\campus-management-system\dataconnect`
 {"metadata":{"emulator":{"name":"dataconnect"},"message":"E0218 00:38:02.903584   15704 watch.go:116] watchAllDir unable to walk dir `f:\\campus-management-system\\dataconnect`: CreateFile f:\\campus-management-system\\dataconnect: The system cannot find the file specified.\nE0218 00:38:02.903584   15704 watch.go:40] Failed to load config from \"f:\\\\campus-management-system\\\\dataconnect\": could not find dataconnect.yaml in `f:\\campus-management-system\\dataconnect`\n"}}
[debug] [2026-02-17T16:38:12.903Z] E0218 00:38:12.903931   15704 watch.go:40] Failed to load config from "f:\\campus-management-system\\dataconnect": could not find dataconnect.yaml in `f:\campus-management-system\dataconnect`
 {"metadata":{"emulator":{"name":"dataconnect"},"message":"E0218 00:38:12.903931   15704 watch.go:40] Failed to load config from \"f:\\\\campus-management-system\\\\dataconnect\": could not find dataconnect.yaml in `f:\\campus-management-system\\dataconnect`\n"}}
[debug] [2026-02-17T16:38:22.903Z] E0218 00:38:22.903642   15704 watch.go:40] Failed to load config from "f:\\campus-management-system\\dataconnect": could not find dataconnect.yaml in `f:\campus-management-system\dataconnect`
 {"metadata":{"emulator":{"name":"dataconnect"},"message":"E0218 00:38:22.903642   15704 watch.go:40] Failed to load config from \"f:\\\\campus-management-system\\\\dataconnect\": could not find dataconnect.yaml in `f:\\campus-management-system\\dataconnect`\n"}}
[debug] [2026-02-17T16:38:32.903Z] E0218 00:38:32.903655   15704 watch.go:40] Failed to load config from "f:\\campus-management-system\\dataconnect": could not find dataconnect.yaml in `f:\campus-management-system\dataconnect`
 {"metadata":{"emulator":{"name":"dataconnect"},"message":"E0218 00:38:32.903655   15704 watch.go:40] Failed to load config from \"f:\\\\campus-management-system\\\\dataconnect\": could not find dataconnect.yaml in `f:\\campus-management-system\\dataconnect`\n"}}
[debug] [2026-02-17T16:38:42.903Z] E0218 00:38:42.904072   15704 watch.go:40] Failed to load config from "f:\\campus-management-system\\dataconnect": could not find dataconnect.yaml in `f:\campus-management-system\dataconnect`
 {"metadata":{"emulator":{"name":"dataconnect"},"message":"E0218 00:38:42.904072   15704 watch.go:40] Failed to load config from \"f:\\\\campus-management-system\\\\dataconnect\": could not find dataconnect.yaml in `f:\\campus-management-system\\dataconnect`\n"}}
[debug] [2026-02-17T16:38:52.903Z] E0218 00:38:52.903599   15704 watch.go:40] Failed to load config from "f:\\campus-management-system\\dataconnect": could not find dataconnect.yaml in `f:\campus-management-system\dataconnect`
 {"metadata":{"emulator":{"name":"dataconnect"},"message":"E0218 00:38:52.903599   15704 watch.go:40] Failed to load config from \"f:\\\\campus-management-system\\\\dataconnect\": could not find dataconnect.yaml in `f:\\campus-management-system\\dataconnect`\n"}}
[debug] [2026-02-17T16:39:02.903Z] E0218 00:39:02.903888   15704 watch.go:116] watchAllDir unable to walk dir `f:\campus-management-system\dataconnect`: CreateFile f:\campus-management-system\dataconnect: The system cannot find the file specified.
E0218 00:39:02.903888   15704 watch.go:40] Failed to load config from "f:\\campus-management-system\\dataconnect": could not find dataconnect.yaml in `f:\campus-management-system\dataconnect`
 {"metadata":{"emulator":{"name":"dataconnect"},"message":"E0218 00:39:02.903888   15704 watch.go:116] watchAllDir unable to walk dir `f:\\campus-management-system\\dataconnect`: CreateFile f:\\campus-management-system\\dataconnect: The system cannot find the file specified.\nE0218 00:39:02.903888   15704 watch.go:40] Failed to load config from \"f:\\\\campus-management-system\\\\dataconnect\": could not find dataconnect.yaml in `f:\\campus-management-system\\dataconnect`\n"}}
[debug] [2026-02-17T16:39:12.903Z] E0218 00:39:12.903559   15704 watch.go:40] Failed to load config from "f:\\campus-management-system\\dataconnect": could not find dataconnect.yaml in `f:\campus-management-system\dataconnect`
 {"metadata":{"emulator":{"name":"dataconnect"},"message":"E0218 00:39:12.903559   15704 watch.go:40] Failed to load config from \"f:\\\\campus-management-system\\\\dataconnect\": could not find dataconnect.yaml in `f:\\campus-management-system\\dataconnect`\n"}}
[debug] [2026-02-17T16:39:22.903Z] E0218 00:39:22.903689   15704 watch.go:40] Failed to load config from "f:\\campus-management-system\\dataconnect": could not find dataconnect.yaml in `f:\campus-management-system\dataconnect`
 {"metadata":{"emulator":{"name":"dataconnect"},"message":"E0218 00:39:22.903689   15704 watch.go:40] Failed to load config from \"f:\\\\campus-management-system\\\\dataconnect\": could not find dataconnect.yaml in `f:\\campus-management-system\\dataconnect`\n"}}
[debug] [2026-02-17T16:39:32.903Z] E0218 00:39:32.903859   15704 watch.go:40] Failed to load config from "f:\\campus-management-system\\dataconnect": could not find dataconnect.yaml in `f:\campus-management-system\dataconnect`
 {"metadata":{"emulator":{"name":"dataconnect"},"message":"E0218 00:39:32.903859   15704 watch.go:40] Failed to load config from \"f:\\\\campus-management-system\\\\dataconnect\": could not find dataconnect.yaml in `f:\\campus-management-system\\dataconnect`\n"}}
[debug] [2026-02-17T16:39:42.903Z] E0218 00:39:42.903978   15704 watch.go:40] Failed to load config from "f:\\campus-management-system\\dataconnect": could not find dataconnect.yaml in `f:\campus-management-system\dataconnect`
 {"metadata":{"emulator":{"name":"dataconnect"},"message":"E0218 00:39:42.903978   15704 watch.go:40] Failed to load config from \"f:\\\\campus-management-system\\\\dataconnect\": could not find dataconnect.yaml in `f:\\campus-management-system\\dataconnect`\n"}}
[debug] [2026-02-17T16:39:52.903Z] E0218 00:39:52.904065   15704 watch.go:40] Failed to load config from "f:\\campus-management-system\\dataconnect": could not find dataconnect.yaml in `f:\campus-management-system\dataconnect`
 {"metadata":{"emulator":{"name":"dataconnect"},"message":"E0218 00:39:52.904065   15704 watch.go:40] Failed to load config from \"f:\\\\campus-management-system\\\\dataconnect\": could not find dataconnect.yaml in `f:\\campus-management-system\\dataconnect`\n"}}
[debug] [2026-02-17T16:40:02.903Z] E0218 00:40:02.903554   15704 watch.go:116] watchAllDir unable to walk dir `f:\campus-management-system\dataconnect`: CreateFile f:\campus-management-system\dataconnect: The system cannot find the file specified.
E0218 00:40:02.903554   15704 watch.go:40] Failed to load config from "f:\\campus-management-system\\dataconnect": could not find dataconnect.yaml in `f:\campus-management-system\dataconnect`
 {"metadata":{"emulator":{"name":"dataconnect"},"message":"E0218 00:40:02.903554   15704 watch.go:116] watchAllDir unable to walk dir `f:\\campus-management-system\\dataconnect`: CreateFile f:\\campus-management-system\\dataconnect: The system cannot find the file specified.\nE0218 00:40:02.903554   15704 watch.go:40] Failed to load config from \"f:\\\\campus-management-system\\\\dataconnect\": could not find dataconnect.yaml in `f:\\campus-management-system\\dataconnect`\n"}}
[debug] [2026-02-17T16:40:12.902Z] E0218 00:40:12.903651   15704 watch.go:40] Failed to load config from "f:\\campus-management-system\\dataconnect": could not find dataconnect.yaml in `f:\campus-management-system\dataconnect`
 {"metadata":{"emulator":{"name":"dataconnect"},"message":"E0218 00:40:12.903651   15704 watch.go:40] Failed to load config from \"f:\\\\campus-management-system\\\\dataconnect\": could not find dataconnect.yaml in `f:\\campus-management-system\\dataconnect`\n"}}
[debug] [2026-02-17T16:40:22.903Z] E0218 00:40:22.904045   15704 watch.go:40] Failed to load config from "f:\\campus-management-system\\dataconnect": could not find dataconnect.yaml in `f:\campus-management-system\dataconnect`
 {"metadata":{"emulator":{"name":"dataconnect"},"message":"E0218 00:40:22.904045   15704 watch.go:40] Failed to load config from \"f:\\\\campus-management-system\\\\dataconnect\": could not find dataconnect.yaml in `f:\\campus-management-system\\dataconnect`\n"}}
[debug] [2026-02-17T16:40:32.903Z] E0218 00:40:32.904026   15704 watch.go:40] Failed to load config from "f:\\campus-management-system\\dataconnect": could not find dataconnect.yaml in `f:\campus-management-system\dataconnect`
 {"metadata":{"emulator":{"name":"dataconnect"},"message":"E0218 00:40:32.904026   15704 watch.go:40] Failed to load config from \"f:\\\\campus-management-system\\\\dataconnect\": could not find dataconnect.yaml in `f:\\campus-management-system\\dataconnect`\n"}}
[debug] [2026-02-17T16:40:42.903Z] E0218 00:40:42.903921   15704 watch.go:40] Failed to load config from "f:\\campus-management-system\\dataconnect": could not find dataconnect.yaml in `f:\campus-management-system\dataconnect`
 {"metadata":{"emulator":{"name":"dataconnect"},"message":"E0218 00:40:42.903921   15704 watch.go:40] Failed to load config from \"f:\\\\campus-management-system\\\\dataconnect\": could not find dataconnect.yaml in `f:\\campus-management-system\\dataconnect`\n"}}
[debug] [2026-02-17T16:40:52.903Z] E0218 00:40:52.903688   15704 watch.go:40] Failed to load config from "f:\\campus-management-system\\dataconnect": could not find dataconnect.yaml in `f:\campus-management-system\dataconnect`
 {"metadata":{"emulator":{"name":"dataconnect"},"message":"E0218 00:40:52.903688   15704 watch.go:40] Failed to load config from \"f:\\\\campus-management-system\\\\dataconnect\": could not find dataconnect.yaml in `f:\\campus-management-system\\dataconnect`\n"}}
[debug] [2026-02-17T16:41:02.903Z] E0218 00:41:02.904040   15704 watch.go:116] watchAllDir unable to walk dir `f:\campus-management-system\dataconnect`: CreateFile f:\campus-management-system\dataconnect: The system cannot find the file specified.
E0218 00:41:02.904040   15704 watch.go:40] Failed to load config from "f:\\campus-management-system\\dataconnect": could not find dataconnect.yaml in `f:\campus-management-system\dataconnect`
 {"metadata":{"emulator":{"name":"dataconnect"},"message":"E0218 00:41:02.904040   15704 watch.go:116] watchAllDir unable to walk dir `f:\\campus-management-system\\dataconnect`: CreateFile f:\\campus-management-system\\dataconnect: The system cannot find the file specified.\nE0218 00:41:02.904040   15704 watch.go:40] Failed to load config from \"f:\\\\campus-management-system\\\\dataconnect\": could not find dataconnect.yaml in `f:\\campus-management-system\\dataconnect`\n"}}
[debug] [2026-02-17T16:41:12.903Z] E0218 00:41:12.903637   15704 watch.go:40] Failed to load config from "f:\\campus-management-system\\dataconnect": could not find dataconnect.yaml in `f:\campus-management-system\dataconnect`
 {"metadata":{"emulator":{"name":"dataconnect"},"message":"E0218 00:41:12.903637   15704 watch.go:40] Failed to load config from \"f:\\\\campus-management-system\\\\dataconnect\": could not find dataconnect.yaml in `f:\\campus-management-system\\dataconnect`\n"}}
[debug] [2026-02-17T16:41:22.903Z] E0218 00:41:22.903554   15704 watch.go:40] Failed to load config from "f:\\campus-management-system\\dataconnect": could not find dataconnect.yaml in `f:\campus-management-system\dataconnect`
 {"metadata":{"emulator":{"name":"dataconnect"},"message":"E0218 00:41:22.903554   15704 watch.go:40] Failed to load config from \"f:\\\\campus-management-system\\\\dataconnect\": could not find dataconnect.yaml in `f:\\campus-management-system\\dataconnect`\n"}}
[debug] [2026-02-17T16:41:32.903Z] E0218 00:41:32.903547   15704 watch.go:40] Failed to load config from "f:\\campus-management-system\\dataconnect": could not find dataconnect.yaml in `f:\campus-management-system\dataconnect`
 {"metadata":{"emulator":{"name":"dataconnect"},"message":"E0218 00:41:32.903547   15704 watch.go:40] Failed to load config from \"f:\\\\campus-management-system\\\\dataconnect\": could not find dataconnect.yaml in `f:\\campus-management-system\\dataconnect`\n"}}
[debug] [2026-02-17T16:41:42.903Z] E0218 00:41:42.903573   15704 watch.go:40] Failed to load config from "f:\\campus-management-system\\dataconnect": could not find dataconnect.yaml in `f:\campus-management-system\dataconnect`
 {"metadata":{"emulator":{"name":"dataconnect"},"message":"E0218 00:41:42.903573   15704 watch.go:40] Failed to load config from \"f:\\\\campus-management-system\\\\dataconnect\": could not find dataconnect.yaml in `f:\\campus-management-system\\dataconnect`\n"}}
[debug] [2026-02-17T16:41:52.903Z] E0218 00:41:52.903754   15704 watch.go:40] Failed to load config from "f:\\campus-management-system\\dataconnect": could not find dataconnect.yaml in `f:\campus-management-system\dataconnect`
 {"metadata":{"emulator":{"name":"dataconnect"},"message":"E0218 00:41:52.903754   15704 watch.go:40] Failed to load config from \"f:\\\\campus-management-system\\\\dataconnect\": could not find dataconnect.yaml in `f:\\campus-management-system\\dataconnect`\n"}}
[debug] [2026-02-17T16:42:02.903Z] E0218 00:42:02.903562   15704 watch.go:40] Failed to load config from "f:\\campus-management-system\\dataconnect": could not find dataconnect.yaml in `f:\campus-management-system\dataconnect`
E0218 00:42:02.903562   15704 watch.go:116] watchAllDir unable to walk dir `f:\campus-management-system\dataconnect`: CreateFile f:\campus-management-system\dataconnect: The system cannot find the file specified.
 {"metadata":{"emulator":{"name":"dataconnect"},"message":"E0218 00:42:02.903562   15704 watch.go:40] Failed to load config from \"f:\\\\campus-management-system\\\\dataconnect\": could not find dataconnect.yaml in `f:\\campus-management-system\\dataconnect`\nE0218 00:42:02.903562   15704 watch.go:116] watchAllDir unable to walk dir `f:\\campus-management-system\\dataconnect`: CreateFile f:\\campus-management-system\\dataconnect: The system cannot find the file specified.\n"}}
[debug] [2026-02-17T16:42:12.903Z] E0218 00:42:12.903877   15704 watch.go:40] Failed to load config from "f:\\campus-management-system\\dataconnect": could not find dataconnect.yaml in `f:\campus-management-system\dataconnect`
 {"metadata":{"emulator":{"name":"dataconnect"},"message":"E0218 00:42:12.903877   15704 watch.go:40] Failed to load config from \"f:\\\\campus-management-system\\\\dataconnect\": could not find dataconnect.yaml in `f:\\campus-management-system\\dataconnect`\n"}}
[debug] [2026-02-17T16:42:22.903Z] E0218 00:42:22.903820   15704 watch.go:40] Failed to load config from "f:\\campus-management-system\\dataconnect": could not find dataconnect.yaml in `f:\campus-management-system\dataconnect`
 {"metadata":{"emulator":{"name":"dataconnect"},"message":"E0218 00:42:22.903820   15704 watch.go:40] Failed to load config from \"f:\\\\campus-management-system\\\\dataconnect\": could not find dataconnect.yaml in `f:\\campus-management-system\\dataconnect`\n"}}
[debug] [2026-02-17T16:42:32.904Z] E0218 00:42:32.904088   15704 watch.go:40] Failed to load config from "f:\\campus-management-system\\dataconnect": could not find dataconnect.yaml in `f:\campus-management-system\dataconnect`
 {"metadata":{"emulator":{"name":"dataconnect"},"message":"E0218 00:42:32.904088   15704 watch.go:40] Failed to load config from \"f:\\\\campus-management-system\\\\dataconnect\": could not find dataconnect.yaml in `f:\\campus-management-system\\dataconnect`\n"}}
[debug] [2026-02-17T16:42:42.903Z] E0218 00:42:42.903546   15704 watch.go:40] Failed to load config from "f:\\campus-management-system\\dataconnect": could not find dataconnect.yaml in `f:\campus-management-system\dataconnect`
 {"metadata":{"emulator":{"name":"dataconnect"},"message":"E0218 00:42:42.903546   15704 watch.go:40] Failed to load config from \"f:\\\\campus-management-system\\\\dataconnect\": could not find dataconnect.yaml in `f:\\campus-management-system\\dataconnect`\n"}}
[debug] [2026-02-17T16:42:52.903Z] E0218 00:42:52.903956   15704 watch.go:40] Failed to load config from "f:\\campus-management-system\\dataconnect": could not find dataconnect.yaml in `f:\campus-management-system\dataconnect`
 {"metadata":{"emulator":{"name":"dataconnect"},"message":"E0218 00:42:52.903956   15704 watch.go:40] Failed to load config from \"f:\\\\campus-management-system\\\\dataconnect\": could not find dataconnect.yaml in `f:\\campus-management-system\\dataconnect`\n"}}
[debug] [2026-02-17T16:43:02.903Z] E0218 00:43:02.903923   15704 watch.go:116] watchAllDir unable to walk dir `f:\campus-management-system\dataconnect`: CreateFile f:\campus-management-system\dataconnect: The system cannot find the file specified.
E0218 00:43:02.903923   15704 watch.go:40] Failed to load config from "f:\\campus-management-system\\dataconnect": could not find dataconnect.yaml in `f:\campus-management-system\dataconnect`
 {"metadata":{"emulator":{"name":"dataconnect"},"message":"E0218 00:43:02.903923   15704 watch.go:116] watchAllDir unable to walk dir `f:\\campus-management-system\\dataconnect`: CreateFile f:\\campus-management-system\\dataconnect: The system cannot find the file specified.\nE0218 00:43:02.903923   15704 watch.go:40] Failed to load config from \"f:\\\\campus-management-system\\\\dataconnect\": could not find dataconnect.yaml in `f:\\campus-management-system\\dataconnect`\n"}}
[debug] [2026-02-17T16:43:12.903Z] E0218 00:43:12.903553   15704 watch.go:40] Failed to load config from "f:\\campus-management-system\\dataconnect": could not find dataconnect.yaml in `f:\campus-management-system\dataconnect`
 {"metadata":{"emulator":{"name":"dataconnect"},"message":"E0218 00:43:12.903553   15704 watch.go:40] Failed to load config from \"f:\\\\campus-management-system\\\\dataconnect\": could not find dataconnect.yaml in `f:\\campus-management-system\\dataconnect`\n"}}
[debug] [2026-02-17T16:43:22.903Z] E0218 00:43:22.903568   15704 watch.go:40] Failed to load config from "f:\\campus-management-system\\dataconnect": could not find dataconnect.yaml in `f:\campus-management-system\dataconnect`
 {"metadata":{"emulator":{"name":"dataconnect"},"message":"E0218 00:43:22.903568   15704 watch.go:40] Failed to load config from \"f:\\\\campus-management-system\\\\dataconnect\": could not find dataconnect.yaml in `f:\\campus-management-system\\dataconnect`\n"}}
[debug] [2026-02-17T16:43:32.903Z] E0218 00:43:32.903562   15704 watch.go:40] Failed to load config from "f:\\campus-management-system\\dataconnect": could not find dataconnect.yaml in `f:\campus-management-system\dataconnect`
 {"metadata":{"emulator":{"name":"dataconnect"},"message":"E0218 00:43:32.903562   15704 watch.go:40] Failed to load config from \"f:\\\\campus-management-system\\\\dataconnect\": could not find dataconnect.yaml in `f:\\campus-management-system\\dataconnect`\n"}}
[debug] [2026-02-17T16:43:42.904Z] E0218 00:43:42.904134   15704 watch.go:40] Failed to load config from "f:\\campus-management-system\\dataconnect": could not find dataconnect.yaml in `f:\campus-management-system\dataconnect`
 {"metadata":{"emulator":{"name":"dataconnect"},"message":"E0218 00:43:42.904134   15704 watch.go:40] Failed to load config from \"f:\\\\campus-management-system\\\\dataconnect\": could not find dataconnect.yaml in `f:\\campus-management-system\\dataconnect`\n"}}
[debug] [2026-02-17T16:43:52.903Z] E0218 00:43:52.903566   15704 watch.go:40] Failed to load config from "f:\\campus-management-system\\dataconnect": could not find dataconnect.yaml in `f:\campus-management-system\dataconnect`
 {"metadata":{"emulator":{"name":"dataconnect"},"message":"E0218 00:43:52.903566   15704 watch.go:40] Failed to load config from \"f:\\\\campus-management-system\\\\dataconnect\": could not find dataconnect.yaml in `f:\\campus-management-system\\dataconnect`\n"}}
[debug] [2026-02-17T16:44:02.903Z] E0218 00:44:02.903593   15704 watch.go:116] watchAllDir unable to walk dir `f:\campus-management-system\dataconnect`: CreateFile f:\campus-management-system\dataconnect: The system cannot find the file specified.
E0218 00:44:02.903593   15704 watch.go:40] Failed to load config from "f:\\campus-management-system\\dataconnect": could not find dataconnect.yaml in `f:\campus-management-system\dataconnect`
 {"metadata":{"emulator":{"name":"dataconnect"},"message":"E0218 00:44:02.903593   15704 watch.go:116] watchAllDir unable to walk dir `f:\\campus-management-system\\dataconnect`: CreateFile f:\\campus-management-system\\dataconnect: The system cannot find the file specified.\nE0218 00:44:02.903593   15704 watch.go:40] Failed to load config from \"f:\\\\campus-management-system\\\\dataconnect\": could not find dataconnect.yaml in `f:\\campus-management-system\\dataconnect`\n"}}
[debug] [2026-02-17T16:44:12.904Z] E0218 00:44:12.904033   15704 watch.go:40] Failed to load config from "f:\\campus-management-system\\dataconnect": could not find dataconnect.yaml in `f:\campus-management-system\dataconnect`
 {"metadata":{"emulator":{"name":"dataconnect"},"message":"E0218 00:44:12.904033   15704 watch.go:40] Failed to load config from \"f:\\\\campus-management-system\\\\dataconnect\": could not find dataconnect.yaml in `f:\\campus-management-system\\dataconnect`\n"}}
[debug] [2026-02-17T16:44:22.903Z] E0218 00:44:22.903552   15704 watch.go:40] Failed to load config from "f:\\campus-management-system\\dataconnect": could not find dataconnect.yaml in `f:\campus-management-system\dataconnect`
 {"metadata":{"emulator":{"name":"dataconnect"},"message":"E0218 00:44:22.903552   15704 watch.go:40] Failed to load config from \"f:\\\\campus-management-system\\\\dataconnect\": could not find dataconnect.yaml in `f:\\campus-management-system\\dataconnect`\n"}}
[debug] [2026-02-17T16:44:32.904Z] E0218 00:44:32.904315   15704 watch.go:40] Failed to load config from "f:\\campus-management-system\\dataconnect": could not find dataconnect.yaml in `f:\campus-management-system\dataconnect`
 {"metadata":{"emulator":{"name":"dataconnect"},"message":"E0218 00:44:32.904315   15704 watch.go:40] Failed to load config from \"f:\\\\campus-management-system\\\\dataconnect\": could not find dataconnect.yaml in `f:\\campus-management-system\\dataconnect`\n"}}
[debug] [2026-02-17T16:44:42.903Z] E0218 00:44:42.904190   15704 watch.go:40] Failed to load config from "f:\\campus-management-system\\dataconnect": could not find dataconnect.yaml in `f:\campus-management-system\dataconnect`
 {"metadata":{"emulator":{"name":"dataconnect"},"message":"E0218 00:44:42.904190   15704 watch.go:40] Failed to load config from \"f:\\\\campus-management-system\\\\dataconnect\": could not find dataconnect.yaml in `f:\\campus-management-system\\dataconnect`\n"}}
[debug] [2026-02-17T16:44:52.903Z] E0218 00:44:52.904054   15704 watch.go:40] Failed to load config from "f:\\campus-management-system\\dataconnect": could not find dataconnect.yaml in `f:\campus-management-system\dataconnect`
 {"metadata":{"emulator":{"name":"dataconnect"},"message":"E0218 00:44:52.904054   15704 watch.go:40] Failed to load config from \"f:\\\\campus-management-system\\\\dataconnect\": could not find dataconnect.yaml in `f:\\campus-management-system\\dataconnect`\n"}}
[debug] [2026-02-17T16:45:02.903Z] E0218 00:45:02.903624   15704 watch.go:40] Failed to load config from "f:\\campus-management-system\\dataconnect": could not find dataconnect.yaml in `f:\campus-management-system\dataconnect`
E0218 00:45:02.903624   15704 watch.go:116] watchAllDir unable to walk dir `f:\campus-management-system\dataconnect`: CreateFile f:\campus-management-system\dataconnect: The system cannot find the file specified.
 {"metadata":{"emulator":{"name":"dataconnect"},"message":"E0218 00:45:02.903624   15704 watch.go:40] Failed to load config from \"f:\\\\campus-management-system\\\\dataconnect\": could not find dataconnect.yaml in `f:\\campus-management-system\\dataconnect`\nE0218 00:45:02.903624   15704 watch.go:116] watchAllDir unable to walk dir `f:\\campus-management-system\\dataconnect`: CreateFile f:\\campus-management-system\\dataconnect: The system cannot find the file specified.\n"}}
[debug] [2026-02-17T16:45:12.903Z] E0218 00:45:12.903574   15704 watch.go:40] Failed to load config from "f:\\campus-management-system\\dataconnect": could not find dataconnect.yaml in `f:\campus-management-system\dataconnect`
 {"metadata":{"emulator":{"name":"dataconnect"},"message":"E0218 00:45:12.903574   15704 watch.go:40] Failed to load config from \"f:\\\\campus-management-system\\\\dataconnect\": could not find dataconnect.yaml in `f:\\campus-management-system\\dataconnect`\n"}}
[debug] [2026-02-17T16:45:22.903Z] E0218 00:45:22.903937   15704 watch.go:40] Failed to load config from "f:\\campus-management-system\\dataconnect": could not find dataconnect.yaml in `f:\campus-management-system\dataconnect`
 {"metadata":{"emulator":{"name":"dataconnect"},"message":"E0218 00:45:22.903937   15704 watch.go:40] Failed to load config from \"f:\\\\campus-management-system\\\\dataconnect\": could not find dataconnect.yaml in `f:\\campus-management-system\\dataconnect`\n"}}
[debug] [2026-02-17T16:45:32.903Z] E0218 00:45:32.903845   15704 watch.go:40] Failed to load config from "f:\\campus-management-system\\dataconnect": could not find dataconnect.yaml in `f:\campus-management-system\dataconnect`
 {"metadata":{"emulator":{"name":"dataconnect"},"message":"E0218 00:45:32.903845   15704 watch.go:40] Failed to load config from \"f:\\\\campus-management-system\\\\dataconnect\": could not find dataconnect.yaml in `f:\\campus-management-system\\dataconnect`\n"}}
[debug] [2026-02-17T16:45:42.903Z] E0218 00:45:42.903621   15704 watch.go:40] Failed to load config from "f:\\campus-management-system\\dataconnect": could not find dataconnect.yaml in `f:\campus-management-system\dataconnect`
 {"metadata":{"emulator":{"name":"dataconnect"},"message":"E0218 00:45:42.903621   15704 watch.go:40] Failed to load config from \"f:\\\\campus-management-system\\\\dataconnect\": could not find dataconnect.yaml in `f:\\campus-management-system\\dataconnect`\n"}}
[debug] [2026-02-17T16:45:52.903Z] E0218 00:45:52.903563   15704 watch.go:40] Failed to load config from "f:\\campus-management-system\\dataconnect": could not find dataconnect.yaml in `f:\campus-management-system\dataconnect`
 {"metadata":{"emulator":{"name":"dataconnect"},"message":"E0218 00:45:52.903563   15704 watch.go:40] Failed to load config from \"f:\\\\campus-management-system\\\\dataconnect\": could not find dataconnect.yaml in `f:\\campus-management-system\\dataconnect`\n"}}
[debug] [2026-02-17T16:46:02.903Z] E0218 00:46:02.903544   15704 watch.go:116] watchAllDir unable to walk dir `f:\campus-management-system\dataconnect`: CreateFile f:\campus-management-system\dataconnect: The system cannot find the file specified.
E0218 00:46:02.903544   15704 watch.go:40] Failed to load config from "f:\\campus-management-system\\dataconnect": could not find dataconnect.yaml in `f:\campus-management-system\dataconnect`
 {"metadata":{"emulator":{"name":"dataconnect"},"message":"E0218 00:46:02.903544   15704 watch.go:116] watchAllDir unable to walk dir `f:\\campus-management-system\\dataconnect`: CreateFile f:\\campus-management-system\\dataconnect: The system cannot find the file specified.\nE0218 00:46:02.903544   15704 watch.go:40] Failed to load config from \"f:\\\\campus-management-system\\\\dataconnect\": could not find dataconnect.yaml in `f:\\campus-management-system\\dataconnect`\n"}}
[debug] [2026-02-17T16:46:12.903Z] E0218 00:46:12.903635   15704 watch.go:40] Failed to load config from "f:\\campus-management-system\\dataconnect": could not find dataconnect.yaml in `f:\campus-management-system\dataconnect`
 {"metadata":{"emulator":{"name":"dataconnect"},"message":"E0218 00:46:12.903635   15704 watch.go:40] Failed to load config from \"f:\\\\campus-management-system\\\\dataconnect\": could not find dataconnect.yaml in `f:\\campus-management-system\\dataconnect`\n"}}
[debug] [2026-02-17T16:46:22.903Z] E0218 00:46:22.903901   15704 watch.go:40] Failed to load config from "f:\\campus-management-system\\dataconnect": could not find dataconnect.yaml in `f:\campus-management-system\dataconnect`
 {"metadata":{"emulator":{"name":"dataconnect"},"message":"E0218 00:46:22.903901   15704 watch.go:40] Failed to load config from \"f:\\\\campus-management-system\\\\dataconnect\": could not find dataconnect.yaml in `f:\\campus-management-system\\dataconnect`\n"}}
[debug] [2026-02-17T16:46:32.903Z] E0218 00:46:32.903563   15704 watch.go:40] Failed to load config from "f:\\campus-management-system\\dataconnect": could not find dataconnect.yaml in `f:\campus-management-system\dataconnect`
 {"metadata":{"emulator":{"name":"dataconnect"},"message":"E0218 00:46:32.903563   15704 watch.go:40] Failed to load config from \"f:\\\\campus-management-system\\\\dataconnect\": could not find dataconnect.yaml in `f:\\campus-management-system\\dataconnect`\n"}}
[debug] [2026-02-17T16:46:42.904Z] E0218 00:46:42.903965   15704 watch.go:40] Failed to load config from "f:\\campus-management-system\\dataconnect": could not find dataconnect.yaml in `f:\campus-management-system\dataconnect`
 {"metadata":{"emulator":{"name":"dataconnect"},"message":"E0218 00:46:42.903965   15704 watch.go:40] Failed to load config from \"f:\\\\campus-management-system\\\\dataconnect\": could not find dataconnect.yaml in `f:\\campus-management-system\\dataconnect`\n"}}
[debug] [2026-02-17T16:46:52.904Z] E0218 00:46:52.904013   15704 watch.go:40] Failed to load config from "f:\\campus-management-system\\dataconnect": could not find dataconnect.yaml in `f:\campus-management-system\dataconnect`
 {"metadata":{"emulator":{"name":"dataconnect"},"message":"E0218 00:46:52.904013   15704 watch.go:40] Failed to load config from \"f:\\\\campus-management-system\\\\dataconnect\": could not find dataconnect.yaml in `f:\\campus-management-system\\dataconnect`\n"}}
[debug] [2026-02-17T16:47:02.903Z] E0218 00:47:02.903809   15704 watch.go:116] watchAllDir unable to walk dir `f:\campus-management-system\dataconnect`: CreateFile f:\campus-management-system\dataconnect: The system cannot find the file specified.
E0218 00:47:02.903809   15704 watch.go:40] Failed to load config from "f:\\campus-management-system\\dataconnect": could not find dataconnect.yaml in `f:\campus-management-system\dataconnect`
 {"metadata":{"emulator":{"name":"dataconnect"},"message":"E0218 00:47:02.903809   15704 watch.go:116] watchAllDir unable to walk dir `f:\\campus-management-system\\dataconnect`: CreateFile f:\\campus-management-system\\dataconnect: The system cannot find the file specified.\nE0218 00:47:02.903809   15704 watch.go:40] Failed to load config from \"f:\\\\campus-management-system\\\\dataconnect\": could not find dataconnect.yaml in `f:\\campus-management-system\\dataconnect`\n"}}
[debug] [2026-02-17T16:47:12.903Z] E0218 00:47:12.903853   15704 watch.go:40] Failed to load config from "f:\\campus-management-system\\dataconnect": could not find dataconnect.yaml in `f:\campus-management-system\dataconnect`
 {"metadata":{"emulator":{"name":"dataconnect"},"message":"E0218 00:47:12.903853   15704 watch.go:40] Failed to load config from \"f:\\\\campus-management-system\\\\dataconnect\": could not find dataconnect.yaml in `f:\\campus-management-system\\dataconnect`\n"}}
[debug] [2026-02-17T16:47:22.903Z] E0218 00:47:22.903632   15704 watch.go:40] Failed to load config from "f:\\campus-management-system\\dataconnect": could not find dataconnect.yaml in `f:\campus-management-system\dataconnect`
 {"metadata":{"emulator":{"name":"dataconnect"},"message":"E0218 00:47:22.903632   15704 watch.go:40] Failed to load config from \"f:\\\\campus-management-system\\\\dataconnect\": could not find dataconnect.yaml in `f:\\campus-management-system\\dataconnect`\n"}}
[debug] [2026-02-17T16:47:32.903Z] E0218 00:47:32.903709   15704 watch.go:40] Failed to load config from "f:\\campus-management-system\\dataconnect": could not find dataconnect.yaml in `f:\campus-management-system\dataconnect`
 {"metadata":{"emulator":{"name":"dataconnect"},"message":"E0218 00:47:32.903709   15704 watch.go:40] Failed to load config from \"f:\\\\campus-management-system\\\\dataconnect\": could not find dataconnect.yaml in `f:\\campus-management-system\\dataconnect`\n"}}
[debug] [2026-02-17T16:47:42.903Z] E0218 00:47:42.903580   15704 watch.go:40] Failed to load config from "f:\\campus-management-system\\dataconnect": could not find dataconnect.yaml in `f:\campus-management-system\dataconnect`
 {"metadata":{"emulator":{"name":"dataconnect"},"message":"E0218 00:47:42.903580   15704 watch.go:40] Failed to load config from \"f:\\\\campus-management-system\\\\dataconnect\": could not find dataconnect.yaml in `f:\\campus-management-system\\dataconnect`\n"}}
[debug] [2026-02-17T16:47:52.903Z] E0218 00:47:52.903975   15704 watch.go:40] Failed to load config from "f:\\campus-management-system\\dataconnect": could not find dataconnect.yaml in `f:\campus-management-system\dataconnect`
 {"metadata":{"emulator":{"name":"dataconnect"},"message":"E0218 00:47:52.903975   15704 watch.go:40] Failed to load config from \"f:\\\\campus-management-system\\\\dataconnect\": could not find dataconnect.yaml in `f:\\campus-management-system\\dataconnect`\n"}}
[debug] [2026-02-17T16:48:02.903Z] E0218 00:48:02.903824   15704 watch.go:116] watchAllDir unable to walk dir `f:\campus-management-system\dataconnect`: CreateFile f:\campus-management-system\dataconnect: The system cannot find the file specified.
E0218 00:48:02.903824   15704 watch.go:40] Failed to load config from "f:\\campus-management-system\\dataconnect": could not find dataconnect.yaml in `f:\campus-management-system\dataconnect`
 {"metadata":{"emulator":{"name":"dataconnect"},"message":"E0218 00:48:02.903824   15704 watch.go:116] watchAllDir unable to walk dir `f:\\campus-management-system\\dataconnect`: CreateFile f:\\campus-management-system\\dataconnect: The system cannot find the file specified.\nE0218 00:48:02.903824   15704 watch.go:40] Failed to load config from \"f:\\\\campus-management-system\\\\dataconnect\": could not find dataconnect.yaml in `f:\\campus-management-system\\dataconnect`\n"}}
[debug] [2026-02-17T16:48:12.903Z] E0218 00:48:12.903552   15704 watch.go:40] Failed to load config from "f:\\campus-management-system\\dataconnect": could not find dataconnect.yaml in `f:\campus-management-system\dataconnect`
 {"metadata":{"emulator":{"name":"dataconnect"},"message":"E0218 00:48:12.903552   15704 watch.go:40] Failed to load config from \"f:\\\\campus-management-system\\\\dataconnect\": could not find dataconnect.yaml in `f:\\campus-management-system\\dataconnect`\n"}}
[debug] [2026-02-17T16:48:22.904Z] E0218 00:48:22.904039   15704 watch.go:40] Failed to load config from "f:\\campus-management-system\\dataconnect": could not find dataconnect.yaml in `f:\campus-management-system\dataconnect`
 {"metadata":{"emulator":{"name":"dataconnect"},"message":"E0218 00:48:22.904039   15704 watch.go:40] Failed to load config from \"f:\\\\campus-management-system\\\\dataconnect\": could not find dataconnect.yaml in `f:\\campus-management-system\\dataconnect`\n"}}
[debug] [2026-02-17T16:48:32.903Z] E0218 00:48:32.903950   15704 watch.go:40] Failed to load config from "f:\\campus-management-system\\dataconnect": could not find dataconnect.yaml in `f:\campus-management-system\dataconnect`
 {"metadata":{"emulator":{"name":"dataconnect"},"message":"E0218 00:48:32.903950   15704 watch.go:40] Failed to load config from \"f:\\\\campus-management-system\\\\dataconnect\": could not find dataconnect.yaml in `f:\\campus-management-system\\dataconnect`\n"}}
[debug] [2026-02-17T16:48:42.903Z] E0218 00:48:42.903778   15704 watch.go:40] Failed to load config from "f:\\campus-management-system\\dataconnect": could not find dataconnect.yaml in `f:\campus-management-system\dataconnect`
 {"metadata":{"emulator":{"name":"dataconnect"},"message":"E0218 00:48:42.903778   15704 watch.go:40] Failed to load config from \"f:\\\\campus-management-system\\\\dataconnect\": could not find dataconnect.yaml in `f:\\campus-management-system\\dataconnect`\n"}}
[debug] [2026-02-17T16:48:52.903Z] E0218 00:48:52.903944   15704 watch.go:40] Failed to load config from "f:\\campus-management-system\\dataconnect": could not find dataconnect.yaml in `f:\campus-management-system\dataconnect`
 {"metadata":{"emulator":{"name":"dataconnect"},"message":"E0218 00:48:52.903944   15704 watch.go:40] Failed to load config from \"f:\\\\campus-management-system\\\\dataconnect\": could not find dataconnect.yaml in `f:\\campus-management-system\\dataconnect`\n"}}
[debug] [2026-02-17T16:49:02.903Z] E0218 00:49:02.903975   15704 watch.go:116] watchAllDir unable to walk dir `f:\campus-management-system\dataconnect`: CreateFile f:\campus-management-system\dataconnect: The system cannot find the file specified.
E0218 00:49:02.903975   15704 watch.go:40] Failed to load config from "f:\\campus-management-system\\dataconnect": could not find dataconnect.yaml in `f:\campus-management-system\dataconnect`
 {"metadata":{"emulator":{"name":"dataconnect"},"message":"E0218 00:49:02.903975   15704 watch.go:116] watchAllDir unable to walk dir `f:\\campus-management-system\\dataconnect`: CreateFile f:\\campus-management-system\\dataconnect: The system cannot find the file specified.\nE0218 00:49:02.903975   15704 watch.go:40] Failed to load config from \"f:\\\\campus-management-system\\\\dataconnect\": could not find dataconnect.yaml in `f:\\campus-management-system\\dataconnect`\n"}}
[debug] [2026-02-17T16:49:12.903Z] E0218 00:49:12.903906   15704 watch.go:40] Failed to load config from "f:\\campus-management-system\\dataconnect": could not find dataconnect.yaml in `f:\campus-management-system\dataconnect`
 {"metadata":{"emulator":{"name":"dataconnect"},"message":"E0218 00:49:12.903906   15704 watch.go:40] Failed to load config from \"f:\\\\campus-management-system\\\\dataconnect\": could not find dataconnect.yaml in `f:\\campus-management-system\\dataconnect`\n"}}
[debug] [2026-02-17T16:49:22.903Z] E0218 00:49:22.903944   15704 watch.go:40] Failed to load config from "f:\\campus-management-system\\dataconnect": could not find dataconnect.yaml in `f:\campus-management-system\dataconnect`
 {"metadata":{"emulator":{"name":"dataconnect"},"message":"E0218 00:49:22.903944   15704 watch.go:40] Failed to load config from \"f:\\\\campus-management-system\\\\dataconnect\": could not find dataconnect.yaml in `f:\\campus-management-system\\dataconnect`\n"}}
[debug] [2026-02-17T16:49:32.903Z] E0218 00:49:32.903558   15704 watch.go:40] Failed to load config from "f:\\campus-management-system\\dataconnect": could not find dataconnect.yaml in `f:\campus-management-system\dataconnect`
 {"metadata":{"emulator":{"name":"dataconnect"},"message":"E0218 00:49:32.903558   15704 watch.go:40] Failed to load config from \"f:\\\\campus-management-system\\\\dataconnect\": could not find dataconnect.yaml in `f:\\campus-management-system\\dataconnect`\n"}}
[debug] [2026-02-17T16:49:42.903Z] E0218 00:49:42.903782   15704 watch.go:40] Failed to load config from "f:\\campus-management-system\\dataconnect": could not find dataconnect.yaml in `f:\campus-management-system\dataconnect`
 {"metadata":{"emulator":{"name":"dataconnect"},"message":"E0218 00:49:42.903782   15704 watch.go:40] Failed to load config from \"f:\\\\campus-management-system\\\\dataconnect\": could not find dataconnect.yaml in `f:\\campus-management-system\\dataconnect`\n"}}
[debug] [2026-02-17T16:49:52.903Z] E0218 00:49:52.903553   15704 watch.go:40] Failed to load config from "f:\\campus-management-system\\dataconnect": could not find dataconnect.yaml in `f:\campus-management-system\dataconnect`
 {"metadata":{"emulator":{"name":"dataconnect"},"message":"E0218 00:49:52.903553   15704 watch.go:40] Failed to load config from \"f:\\\\campus-management-system\\\\dataconnect\": could not find dataconnect.yaml in `f:\\campus-management-system\\dataconnect`\n"}}
[debug] [2026-02-17T16:50:02.904Z] E0218 00:50:02.903981   15704 watch.go:116] watchAllDir unable to walk dir `f:\campus-management-system\dataconnect`: CreateFile f:\campus-management-system\dataconnect: The system cannot find the file specified.
E0218 00:50:02.903981   15704 watch.go:40] Failed to load config from "f:\\campus-management-system\\dataconnect": could not find dataconnect.yaml in `f:\campus-management-system\dataconnect`
 {"metadata":{"emulator":{"name":"dataconnect"},"message":"E0218 00:50:02.903981   15704 watch.go:116] watchAllDir unable to walk dir `f:\\campus-management-system\\dataconnect`: CreateFile f:\\campus-management-system\\dataconnect: The system cannot find the file specified.\nE0218 00:50:02.903981   15704 watch.go:40] Failed to load config from \"f:\\\\campus-management-system\\\\dataconnect\": could not find dataconnect.yaml in `f:\\campus-management-system\\dataconnect`\n"}}
[debug] [2026-02-17T16:50:12.904Z] E0218 00:50:12.904066   15704 watch.go:40] Failed to load config from "f:\\campus-management-system\\dataconnect": could not find dataconnect.yaml in `f:\campus-management-system\dataconnect`
 {"metadata":{"emulator":{"name":"dataconnect"},"message":"E0218 00:50:12.904066   15704 watch.go:40] Failed to load config from \"f:\\\\campus-management-system\\\\dataconnect\": could not find dataconnect.yaml in `f:\\campus-management-system\\dataconnect`\n"}}
[debug] [2026-02-17T16:50:22.903Z] E0218 00:50:22.903849   15704 watch.go:40] Failed to load config from "f:\\campus-management-system\\dataconnect": could not find dataconnect.yaml in `f:\campus-management-system\dataconnect`
 {"metadata":{"emulator":{"name":"dataconnect"},"message":"E0218 00:50:22.903849   15704 watch.go:40] Failed to load config from \"f:\\\\campus-management-system\\\\dataconnect\": could not find dataconnect.yaml in `f:\\campus-management-system\\dataconnect`\n"}}
[debug] [2026-02-17T16:50:32.903Z] E0218 00:50:32.903552   15704 watch.go:40] Failed to load config from "f:\\campus-management-system\\dataconnect": could not find dataconnect.yaml in `f:\campus-management-system\dataconnect`
 {"metadata":{"emulator":{"name":"dataconnect"},"message":"E0218 00:50:32.903552   15704 watch.go:40] Failed to load config from \"f:\\\\campus-management-system\\\\dataconnect\": could not find dataconnect.yaml in `f:\\campus-management-system\\dataconnect`\n"}}
[debug] [2026-02-17T16:50:42.903Z] E0218 00:50:42.903682   15704 watch.go:40] Failed to load config from "f:\\campus-management-system\\dataconnect": could not find dataconnect.yaml in `f:\campus-management-system\dataconnect`
 {"metadata":{"emulator":{"name":"dataconnect"},"message":"E0218 00:50:42.903682   15704 watch.go:40] Failed to load config from \"f:\\\\campus-management-system\\\\dataconnect\": could not find dataconnect.yaml in `f:\\campus-management-system\\dataconnect`\n"}}
[debug] [2026-02-17T16:50:52.903Z] E0218 00:50:52.903972   15704 watch.go:40] Failed to load config from "f:\\campus-management-system\\dataconnect": could not find dataconnect.yaml in `f:\campus-management-system\dataconnect`
 {"metadata":{"emulator":{"name":"dataconnect"},"message":"E0218 00:50:52.903972   15704 watch.go:40] Failed to load config from \"f:\\\\campus-management-system\\\\dataconnect\": could not find dataconnect.yaml in `f:\\campus-management-system\\dataconnect`\n"}}
[debug] [2026-02-17T16:51:02.903Z] E0218 00:51:02.903946   15704 watch.go:116] watchAllDir unable to walk dir `f:\campus-management-system\dataconnect`: CreateFile f:\campus-management-system\dataconnect: The system cannot find the file specified.
E0218 00:51:02.903946   15704 watch.go:40] Failed to load config from "f:\\campus-management-system\\dataconnect": could not find dataconnect.yaml in `f:\campus-management-system\dataconnect`
 {"metadata":{"emulator":{"name":"dataconnect"},"message":"E0218 00:51:02.903946   15704 watch.go:116] watchAllDir unable to walk dir `f:\\campus-management-system\\dataconnect`: CreateFile f:\\campus-management-system\\dataconnect: The system cannot find the file specified.\nE0218 00:51:02.903946   15704 watch.go:40] Failed to load config from \"f:\\\\campus-management-system\\\\dataconnect\": could not find dataconnect.yaml in `f:\\campus-management-system\\dataconnect`\n"}}
[debug] [2026-02-17T16:51:12.903Z] E0218 00:51:12.903824   15704 watch.go:40] Failed to load config from "f:\\campus-management-system\\dataconnect": could not find dataconnect.yaml in `f:\campus-management-system\dataconnect`
 {"metadata":{"emulator":{"name":"dataconnect"},"message":"E0218 00:51:12.903824   15704 watch.go:40] Failed to load config from \"f:\\\\campus-management-system\\\\dataconnect\": could not find dataconnect.yaml in `f:\\campus-management-system\\dataconnect`\n"}}
[debug] [2026-02-17T16:51:22.903Z] E0218 00:51:22.903635   15704 watch.go:40] Failed to load config from "f:\\campus-management-system\\dataconnect": could not find dataconnect.yaml in `f:\campus-management-system\dataconnect`
 {"metadata":{"emulator":{"name":"dataconnect"},"message":"E0218 00:51:22.903635   15704 watch.go:40] Failed to load config from \"f:\\\\campus-management-system\\\\dataconnect\": could not find dataconnect.yaml in `f:\\campus-management-system\\dataconnect`\n"}}
[debug] [2026-02-17T16:51:32.903Z] E0218 00:51:32.903865   15704 watch.go:40] Failed to load config from "f:\\campus-management-system\\dataconnect": could not find dataconnect.yaml in `f:\campus-management-system\dataconnect`
 {"metadata":{"emulator":{"name":"dataconnect"},"message":"E0218 00:51:32.903865   15704 watch.go:40] Failed to load config from \"f:\\\\campus-management-system\\\\dataconnect\": could not find dataconnect.yaml in `f:\\campus-management-system\\dataconnect`\n"}}
[debug] [2026-02-17T16:51:42.903Z] E0218 00:51:42.903625   15704 watch.go:40] Failed to load config from "f:\\campus-management-system\\dataconnect": could not find dataconnect.yaml in `f:\campus-management-system\dataconnect`
 {"metadata":{"emulator":{"name":"dataconnect"},"message":"E0218 00:51:42.903625   15704 watch.go:40] Failed to load config from \"f:\\\\campus-management-system\\\\dataconnect\": could not find dataconnect.yaml in `f:\\campus-management-system\\dataconnect`\n"}}
[debug] [2026-02-17T16:51:52.903Z] E0218 00:51:52.903601   15704 watch.go:40] Failed to load config from "f:\\campus-management-system\\dataconnect": could not find dataconnect.yaml in `f:\campus-management-system\dataconnect`
 {"metadata":{"emulator":{"name":"dataconnect"},"message":"E0218 00:51:52.903601   15704 watch.go:40] Failed to load config from \"f:\\\\campus-management-system\\\\dataconnect\": could not find dataconnect.yaml in `f:\\campus-management-system\\dataconnect`\n"}}
[debug] [2026-02-17T16:52:02.903Z] E0218 00:52:02.903832   15704 watch.go:116] watchAllDir unable to walk dir `f:\campus-management-system\dataconnect`: CreateFile f:\campus-management-system\dataconnect: The system cannot find the file specified.
E0218 00:52:02.903832   15704 watch.go:40] Failed to load config from "f:\\campus-management-system\\dataconnect": could not find dataconnect.yaml in `f:\campus-management-system\dataconnect`
 {"metadata":{"emulator":{"name":"dataconnect"},"message":"E0218 00:52:02.903832   15704 watch.go:116] watchAllDir unable to walk dir `f:\\campus-management-system\\dataconnect`: CreateFile f:\\campus-management-system\\dataconnect: The system cannot find the file specified.\nE0218 00:52:02.903832   15704 watch.go:40] Failed to load config from \"f:\\\\campus-management-system\\\\dataconnect\": could not find dataconnect.yaml in `f:\\campus-management-system\\dataconnect`\n"}}
[debug] [2026-02-17T16:52:12.903Z] E0218 00:52:12.903863   15704 watch.go:40] Failed to load config from "f:\\campus-management-system\\dataconnect": could not find dataconnect.yaml in `f:\campus-management-system\dataconnect`
 {"metadata":{"emulator":{"name":"dataconnect"},"message":"E0218 00:52:12.903863   15704 watch.go:40] Failed to load config from \"f:\\\\campus-management-system\\\\dataconnect\": could not find dataconnect.yaml in `f:\\campus-management-system\\dataconnect`\n"}}
[debug] [2026-02-17T16:52:22.904Z] E0218 00:52:22.904037   15704 watch.go:40] Failed to load config from "f:\\campus-management-system\\dataconnect": could not find dataconnect.yaml in `f:\campus-management-system\dataconnect`
 {"metadata":{"emulator":{"name":"dataconnect"},"message":"E0218 00:52:22.904037   15704 watch.go:40] Failed to load config from \"f:\\\\campus-management-system\\\\dataconnect\": could not find dataconnect.yaml in `f:\\campus-management-system\\dataconnect`\n"}}
[debug] [2026-02-17T16:52:32.903Z] E0218 00:52:32.903662   15704 watch.go:40] Failed to load config from "f:\\campus-management-system\\dataconnect": could not find dataconnect.yaml in `f:\campus-management-system\dataconnect`
 {"metadata":{"emulator":{"name":"dataconnect"},"message":"E0218 00:52:32.903662   15704 watch.go:40] Failed to load config from \"f:\\\\campus-management-system\\\\dataconnect\": could not find dataconnect.yaml in `f:\\campus-management-system\\dataconnect`\n"}}
[debug] [2026-02-17T16:52:42.903Z] E0218 00:52:42.903540   15704 watch.go:40] Failed to load config from "f:\\campus-management-system\\dataconnect": could not find dataconnect.yaml in `f:\campus-management-system\dataconnect`
 {"metadata":{"emulator":{"name":"dataconnect"},"message":"E0218 00:52:42.903540   15704 watch.go:40] Failed to load config from \"f:\\\\campus-management-system\\\\dataconnect\": could not find dataconnect.yaml in `f:\\campus-management-system\\dataconnect`\n"}}
[debug] [2026-02-17T16:52:52.903Z] E0218 00:52:52.903975   15704 watch.go:40] Failed to load config from "f:\\campus-management-system\\dataconnect": could not find dataconnect.yaml in `f:\campus-management-system\dataconnect`
 {"metadata":{"emulator":{"name":"dataconnect"},"message":"E0218 00:52:52.903975   15704 watch.go:40] Failed to load config from \"f:\\\\campus-management-system\\\\dataconnect\": could not find dataconnect.yaml in `f:\\campus-management-system\\dataconnect`\n"}}
[debug] [2026-02-17T16:53:02.903Z] E0218 00:53:02.903916   15704 watch.go:116] watchAllDir unable to walk dir `f:\campus-management-system\dataconnect`: CreateFile f:\campus-management-system\dataconnect: The system cannot find the file specified.
E0218 00:53:02.903916   15704 watch.go:40] Failed to load config from "f:\\campus-management-system\\dataconnect": could not find dataconnect.yaml in `f:\campus-management-system\dataconnect`
 {"metadata":{"emulator":{"name":"dataconnect"},"message":"E0218 00:53:02.903916   15704 watch.go:116] watchAllDir unable to walk dir `f:\\campus-management-system\\dataconnect`: CreateFile f:\\campus-management-system\\dataconnect: The system cannot find the file specified.\nE0218 00:53:02.903916   15704 watch.go:40] Failed to load config from \"f:\\\\campus-management-system\\\\dataconnect\": could not find dataconnect.yaml in `f:\\campus-management-system\\dataconnect`\n"}}
[debug] [2026-02-17T16:53:12.903Z] E0218 00:53:12.904101   15704 watch.go:40] Failed to load config from "f:\\campus-management-system\\dataconnect": could not find dataconnect.yaml in `f:\campus-management-system\dataconnect`
 {"metadata":{"emulator":{"name":"dataconnect"},"message":"E0218 00:53:12.904101   15704 watch.go:40] Failed to load config from \"f:\\\\campus-management-system\\\\dataconnect\": could not find dataconnect.yaml in `f:\\campus-management-system\\dataconnect`\n"}}
[debug] [2026-02-17T16:53:22.903Z] E0218 00:53:22.903738   15704 watch.go:40] Failed to load config from "f:\\campus-management-system\\dataconnect": could not find dataconnect.yaml in `f:\campus-management-system\dataconnect`
 {"metadata":{"emulator":{"name":"dataconnect"},"message":"E0218 00:53:22.903738   15704 watch.go:40] Failed to load config from \"f:\\\\campus-management-system\\\\dataconnect\": could not find dataconnect.yaml in `f:\\campus-management-system\\dataconnect`\n"}}
[debug] [2026-02-17T16:53:32.903Z] E0218 00:53:32.903565   15704 watch.go:40] Failed to load config from "f:\\campus-management-system\\dataconnect": could not find dataconnect.yaml in `f:\campus-management-system\dataconnect`
 {"metadata":{"emulator":{"name":"dataconnect"},"message":"E0218 00:53:32.903565   15704 watch.go:40] Failed to load config from \"f:\\\\campus-management-system\\\\dataconnect\": could not find dataconnect.yaml in `f:\\campus-management-system\\dataconnect`\n"}}
[debug] [2026-02-17T16:53:42.903Z] E0218 00:53:42.903788   15704 watch.go:40] Failed to load config from "f:\\campus-management-system\\dataconnect": could not find dataconnect.yaml in `f:\campus-management-system\dataconnect`
 {"metadata":{"emulator":{"name":"dataconnect"},"message":"E0218 00:53:42.903788   15704 watch.go:40] Failed to load config from \"f:\\\\campus-management-system\\\\dataconnect\": could not find dataconnect.yaml in `f:\\campus-management-system\\dataconnect`\n"}}
[debug] [2026-02-17T16:53:52.903Z] E0218 00:53:52.903599   15704 watch.go:40] Failed to load config from "f:\\campus-management-system\\dataconnect": could not find dataconnect.yaml in `f:\campus-management-system\dataconnect`
 {"metadata":{"emulator":{"name":"dataconnect"},"message":"E0218 00:53:52.903599   15704 watch.go:40] Failed to load config from \"f:\\\\campus-management-system\\\\dataconnect\": could not find dataconnect.yaml in `f:\\campus-management-system\\dataconnect`\n"}}
[debug] [2026-02-17T16:54:02.903Z] E0218 00:54:02.903806   15704 watch.go:116] watchAllDir unable to walk dir `f:\campus-management-system\dataconnect`: CreateFile f:\campus-management-system\dataconnect: The system cannot find the file specified.
E0218 00:54:02.903806   15704 watch.go:40] Failed to load config from "f:\\campus-management-system\\dataconnect": could not find dataconnect.yaml in `f:\campus-management-system\dataconnect`
 {"metadata":{"emulator":{"name":"dataconnect"},"message":"E0218 00:54:02.903806   15704 watch.go:116] watchAllDir unable to walk dir `f:\\campus-management-system\\dataconnect`: CreateFile f:\\campus-management-system\\dataconnect: The system cannot find the file specified.\nE0218 00:54:02.903806   15704 watch.go:40] Failed to load config from \"f:\\\\campus-management-system\\\\dataconnect\": could not find dataconnect.yaml in `f:\\campus-management-system\\dataconnect`\n"}}
[debug] [2026-02-17T16:54:12.903Z] E0218 00:54:12.903825   15704 watch.go:40] Failed to load config from "f:\\campus-management-system\\dataconnect": could not find dataconnect.yaml in `f:\campus-management-system\dataconnect`
 {"metadata":{"emulator":{"name":"dataconnect"},"message":"E0218 00:54:12.903825   15704 watch.go:40] Failed to load config from \"f:\\\\campus-management-system\\\\dataconnect\": could not find dataconnect.yaml in `f:\\campus-management-system\\dataconnect`\n"}}
[debug] [2026-02-17T16:54:22.903Z] E0218 00:54:22.904003   15704 watch.go:40] Failed to load config from "f:\\campus-management-system\\dataconnect": could not find dataconnect.yaml in `f:\campus-management-system\dataconnect`
 {"metadata":{"emulator":{"name":"dataconnect"},"message":"E0218 00:54:22.904003   15704 watch.go:40] Failed to load config from \"f:\\\\campus-management-system\\\\dataconnect\": could not find dataconnect.yaml in `f:\\campus-management-system\\dataconnect`\n"}}
[debug] [2026-02-17T16:54:32.903Z] E0218 00:54:32.903664   15704 watch.go:40] Failed to load config from "f:\\campus-management-system\\dataconnect": could not find dataconnect.yaml in `f:\campus-management-system\dataconnect`
 {"metadata":{"emulator":{"name":"dataconnect"},"message":"E0218 00:54:32.903664   15704 watch.go:40] Failed to load config from \"f:\\\\campus-management-system\\\\dataconnect\": could not find dataconnect.yaml in `f:\\campus-management-system\\dataconnect`\n"}}
[debug] [2026-02-17T16:54:42.904Z] E0218 00:54:42.904070   15704 watch.go:40] Failed to load config from "f:\\campus-management-system\\dataconnect": could not find dataconnect.yaml in `f:\campus-management-system\dataconnect`
 {"metadata":{"emulator":{"name":"dataconnect"},"message":"E0218 00:54:42.904070   15704 watch.go:40] Failed to load config from \"f:\\\\campus-management-system\\\\dataconnect\": could not find dataconnect.yaml in `f:\\campus-management-system\\dataconnect`\n"}}
[debug] [2026-02-17T16:54:52.903Z] E0218 00:54:52.903543   15704 watch.go:40] Failed to load config from "f:\\campus-management-system\\dataconnect": could not find dataconnect.yaml in `f:\campus-management-system\dataconnect`
 {"metadata":{"emulator":{"name":"dataconnect"},"message":"E0218 00:54:52.903543   15704 watch.go:40] Failed to load config from \"f:\\\\campus-management-system\\\\dataconnect\": could not find dataconnect.yaml in `f:\\campus-management-system\\dataconnect`\n"}}
[debug] [2026-02-17T16:55:02.903Z] E0218 00:55:02.903881   15704 watch.go:116] watchAllDir unable to walk dir `f:\campus-management-system\dataconnect`: CreateFile f:\campus-management-system\dataconnect: The system cannot find the file specified.
E0218 00:55:02.903881   15704 watch.go:40] Failed to load config from "f:\\campus-management-system\\dataconnect": could not find dataconnect.yaml in `f:\campus-management-system\dataconnect`
 {"metadata":{"emulator":{"name":"dataconnect"},"message":"E0218 00:55:02.903881   15704 watch.go:116] watchAllDir unable to walk dir `f:\\campus-management-system\\dataconnect`: CreateFile f:\\campus-management-system\\dataconnect: The system cannot find the file specified.\nE0218 00:55:02.903881   15704 watch.go:40] Failed to load config from \"f:\\\\campus-management-system\\\\dataconnect\": could not find dataconnect.yaml in `f:\\campus-management-system\\dataconnect`\n"}}
[debug] [2026-02-17T16:55:12.904Z] E0218 00:55:12.903981   15704 watch.go:40] Failed to load config from "f:\\campus-management-system\\dataconnect": could not find dataconnect.yaml in `f:\campus-management-system\dataconnect`
 {"metadata":{"emulator":{"name":"dataconnect"},"message":"E0218 00:55:12.903981   15704 watch.go:40] Failed to load config from \"f:\\\\campus-management-system\\\\dataconnect\": could not find dataconnect.yaml in `f:\\campus-management-system\\dataconnect`\n"}}
[debug] [2026-02-17T16:55:22.904Z] E0218 00:55:22.903974   15704 watch.go:40] Failed to load config from "f:\\campus-management-system\\dataconnect": could not find dataconnect.yaml in `f:\campus-management-system\dataconnect`
 {"metadata":{"emulator":{"name":"dataconnect"},"message":"E0218 00:55:22.903974   15704 watch.go:40] Failed to load config from \"f:\\\\campus-management-system\\\\dataconnect\": could not find dataconnect.yaml in `f:\\campus-management-system\\dataconnect`\n"}}
[debug] [2026-02-17T16:55:32.903Z] E0218 00:55:32.903601   15704 watch.go:40] Failed to load config from "f:\\campus-management-system\\dataconnect": could not find dataconnect.yaml in `f:\campus-management-system\dataconnect`
 {"metadata":{"emulator":{"name":"dataconnect"},"message":"E0218 00:55:32.903601   15704 watch.go:40] Failed to load config from \"f:\\\\campus-management-system\\\\dataconnect\": could not find dataconnect.yaml in `f:\\campus-management-system\\dataconnect`\n"}}
[debug] [2026-02-17T16:55:42.903Z] E0218 00:55:42.903892   15704 watch.go:40] Failed to load config from "f:\\campus-management-system\\dataconnect": could not find dataconnect.yaml in `f:\campus-management-system\dataconnect`
 {"metadata":{"emulator":{"name":"dataconnect"},"message":"E0218 00:55:42.903892   15704 watch.go:40] Failed to load config from \"f:\\\\campus-management-system\\\\dataconnect\": could not find dataconnect.yaml in `f:\\campus-management-system\\dataconnect`\n"}}
[debug] [2026-02-17T16:55:52.903Z] E0218 00:55:52.903590   15704 watch.go:40] Failed to load config from "f:\\campus-management-system\\dataconnect": could not find dataconnect.yaml in `f:\campus-management-system\dataconnect`
 {"metadata":{"emulator":{"name":"dataconnect"},"message":"E0218 00:55:52.903590   15704 watch.go:40] Failed to load config from \"f:\\\\campus-management-system\\\\dataconnect\": could not find dataconnect.yaml in `f:\\campus-management-system\\dataconnect`\n"}}
[debug] [2026-02-17T16:56:02.903Z] E0218 00:56:02.903574   15704 watch.go:116] watchAllDir unable to walk dir `f:\campus-management-system\dataconnect`: CreateFile f:\campus-management-system\dataconnect: The system cannot find the file specified.
E0218 00:56:02.903574   15704 watch.go:40] Failed to load config from "f:\\campus-management-system\\dataconnect": could not find dataconnect.yaml in `f:\campus-management-system\dataconnect`
 {"metadata":{"emulator":{"name":"dataconnect"},"message":"E0218 00:56:02.903574   15704 watch.go:116] watchAllDir unable to walk dir `f:\\campus-management-system\\dataconnect`: CreateFile f:\\campus-management-system\\dataconnect: The system cannot find the file specified.\nE0218 00:56:02.903574   15704 watch.go:40] Failed to load config from \"f:\\\\campus-management-system\\\\dataconnect\": could not find dataconnect.yaml in `f:\\campus-management-system\\dataconnect`\n"}}
[debug] [2026-02-17T16:56:12.903Z] E0218 00:56:12.903575   15704 watch.go:40] Failed to load config from "f:\\campus-management-system\\dataconnect": could not find dataconnect.yaml in `f:\campus-management-system\dataconnect`
 {"metadata":{"emulator":{"name":"dataconnect"},"message":"E0218 00:56:12.903575   15704 watch.go:40] Failed to load config from \"f:\\\\campus-management-system\\\\dataconnect\": could not find dataconnect.yaml in `f:\\campus-management-system\\dataconnect`\n"}}
[debug] [2026-02-17T16:56:22.903Z] E0218 00:56:22.904024   15704 watch.go:40] Failed to load config from "f:\\campus-management-system\\dataconnect": could not find dataconnect.yaml in `f:\campus-management-system\dataconnect`
 {"metadata":{"emulator":{"name":"dataconnect"},"message":"E0218 00:56:22.904024   15704 watch.go:40] Failed to load config from \"f:\\\\campus-management-system\\\\dataconnect\": could not find dataconnect.yaml in `f:\\campus-management-system\\dataconnect`\n"}}
[debug] [2026-02-17T16:56:32.903Z] E0218 00:56:32.903646   15704 watch.go:40] Failed to load config from "f:\\campus-management-system\\dataconnect": could not find dataconnect.yaml in `f:\campus-management-system\dataconnect`
 {"metadata":{"emulator":{"name":"dataconnect"},"message":"E0218 00:56:32.903646   15704 watch.go:40] Failed to load config from \"f:\\\\campus-management-system\\\\dataconnect\": could not find dataconnect.yaml in `f:\\campus-management-system\\dataconnect`\n"}}
[debug] [2026-02-17T16:56:42.903Z] E0218 00:56:42.903772   15704 watch.go:40] Failed to load config from "f:\\campus-management-system\\dataconnect": could not find dataconnect.yaml in `f:\campus-management-system\dataconnect`
 {"metadata":{"emulator":{"name":"dataconnect"},"message":"E0218 00:56:42.903772   15704 watch.go:40] Failed to load config from \"f:\\\\campus-management-system\\\\dataconnect\": could not find dataconnect.yaml in `f:\\campus-management-system\\dataconnect`\n"}}
[debug] [2026-02-17T16:56:52.903Z] E0218 00:56:52.903699   15704 watch.go:40] Failed to load config from "f:\\campus-management-system\\dataconnect": could not find dataconnect.yaml in `f:\campus-management-system\dataconnect`
 {"metadata":{"emulator":{"name":"dataconnect"},"message":"E0218 00:56:52.903699   15704 watch.go:40] Failed to load config from \"f:\\\\campus-management-system\\\\dataconnect\": could not find dataconnect.yaml in `f:\\campus-management-system\\dataconnect`\n"}}
[debug] [2026-02-17T16:57:02.903Z] E0218 00:57:02.903653   15704 watch.go:116] watchAllDir unable to walk dir `f:\campus-management-system\dataconnect`: CreateFile f:\campus-management-system\dataconnect: The system cannot find the file specified.
E0218 00:57:02.903653   15704 watch.go:40] Failed to load config from "f:\\campus-management-system\\dataconnect": could not find dataconnect.yaml in `f:\campus-management-system\dataconnect`
 {"metadata":{"emulator":{"name":"dataconnect"},"message":"E0218 00:57:02.903653   15704 watch.go:116] watchAllDir unable to walk dir `f:\\campus-management-system\\dataconnect`: CreateFile f:\\campus-management-system\\dataconnect: The system cannot find the file specified.\nE0218 00:57:02.903653   15704 watch.go:40] Failed to load config from \"f:\\\\campus-management-system\\\\dataconnect\": could not find dataconnect.yaml in `f:\\campus-management-system\\dataconnect`\n"}}
[debug] [2026-02-17T16:57:12.903Z] E0218 00:57:12.903723   15704 watch.go:40] Failed to load config from "f:\\campus-management-system\\dataconnect": could not find dataconnect.yaml in `f:\campus-management-system\dataconnect`
 {"metadata":{"emulator":{"name":"dataconnect"},"message":"E0218 00:57:12.903723   15704 watch.go:40] Failed to load config from \"f:\\\\campus-management-system\\\\dataconnect\": could not find dataconnect.yaml in `f:\\campus-management-system\\dataconnect`\n"}}
[debug] [2026-02-17T16:57:22.903Z] E0218 00:57:22.903544   15704 watch.go:40] Failed to load config from "f:\\campus-management-system\\dataconnect": could not find dataconnect.yaml in `f:\campus-management-system\dataconnect`
 {"metadata":{"emulator":{"name":"dataconnect"},"message":"E0218 00:57:22.903544   15704 watch.go:40] Failed to load config from \"f:\\\\campus-management-system\\\\dataconnect\": could not find dataconnect.yaml in `f:\\campus-management-system\\dataconnect`\n"}}
[debug] [2026-02-17T16:57:32.903Z] E0218 00:57:32.903553   15704 watch.go:40] Failed to load config from "f:\\campus-management-system\\dataconnect": could not find dataconnect.yaml in `f:\campus-management-system\dataconnect`
 {"metadata":{"emulator":{"name":"dataconnect"},"message":"E0218 00:57:32.903553   15704 watch.go:40] Failed to load config from \"f:\\\\campus-management-system\\\\dataconnect\": could not find dataconnect.yaml in `f:\\campus-management-system\\dataconnect`\n"}}
[debug] [2026-02-17T16:57:42.903Z] E0218 00:57:42.904026   15704 watch.go:40] Failed to load config from "f:\\campus-management-system\\dataconnect": could not find dataconnect.yaml in `f:\campus-management-system\dataconnect`
 {"metadata":{"emulator":{"name":"dataconnect"},"message":"E0218 00:57:42.904026   15704 watch.go:40] Failed to load config from \"f:\\\\campus-management-system\\\\dataconnect\": could not find dataconnect.yaml in `f:\\campus-management-system\\dataconnect`\n"}}
[debug] [2026-02-17T16:57:52.905Z] E0218 00:57:52.905098   15704 watch.go:40] Failed to load config from "f:\\campus-management-system\\dataconnect": could not find dataconnect.yaml in `f:\campus-management-system\dataconnect`
 {"metadata":{"emulator":{"name":"dataconnect"},"message":"E0218 00:57:52.905098   15704 watch.go:40] Failed to load config from \"f:\\\\campus-management-system\\\\dataconnect\": could not find dataconnect.yaml in `f:\\campus-management-system\\dataconnect`\n"}}
[debug] [2026-02-17T16:58:02.903Z] E0218 00:58:02.903540   15704 watch.go:116] watchAllDir unable to walk dir `f:\campus-management-system\dataconnect`: CreateFile f:\campus-management-system\dataconnect: The system cannot find the file specified.
E0218 00:58:02.903540   15704 watch.go:40] Failed to load config from "f:\\campus-management-system\\dataconnect": could not find dataconnect.yaml in `f:\campus-management-system\dataconnect`
 {"metadata":{"emulator":{"name":"dataconnect"},"message":"E0218 00:58:02.903540   15704 watch.go:116] watchAllDir unable to walk dir `f:\\campus-management-system\\dataconnect`: CreateFile f:\\campus-management-system\\dataconnect: The system cannot find the file specified.\nE0218 00:58:02.903540   15704 watch.go:40] Failed to load config from \"f:\\\\campus-management-system\\\\dataconnect\": could not find dataconnect.yaml in `f:\\campus-management-system\\dataconnect`\n"}}
[debug] [2026-02-17T16:58:12.903Z] E0218 00:58:12.903882   15704 watch.go:40] Failed to load config from "f:\\campus-management-system\\dataconnect": could not find dataconnect.yaml in `f:\campus-management-system\dataconnect`
 {"metadata":{"emulator":{"name":"dataconnect"},"message":"E0218 00:58:12.903882   15704 watch.go:40] Failed to load config from \"f:\\\\campus-management-system\\\\dataconnect\": could not find dataconnect.yaml in `f:\\campus-management-system\\dataconnect`\n"}}
[debug] [2026-02-17T16:58:22.904Z] E0218 00:58:22.904001   15704 watch.go:40] Failed to load config from "f:\\campus-management-system\\dataconnect": could not find dataconnect.yaml in `f:\campus-management-system\dataconnect`
 {"metadata":{"emulator":{"name":"dataconnect"},"message":"E0218 00:58:22.904001   15704 watch.go:40] Failed to load config from \"f:\\\\campus-management-system\\\\dataconnect\": could not find dataconnect.yaml in `f:\\campus-management-system\\dataconnect`\n"}}
[debug] [2026-02-17T16:58:32.903Z] E0218 00:58:32.903869   15704 watch.go:40] Failed to load config from "f:\\campus-management-system\\dataconnect": could not find dataconnect.yaml in `f:\campus-management-system\dataconnect`
 {"metadata":{"emulator":{"name":"dataconnect"},"message":"E0218 00:58:32.903869   15704 watch.go:40] Failed to load config from \"f:\\\\campus-management-system\\\\dataconnect\": could not find dataconnect.yaml in `f:\\campus-management-system\\dataconnect`\n"}}
[debug] [2026-02-17T16:58:42.903Z] E0218 00:58:42.903548   15704 watch.go:40] Failed to load config from "f:\\campus-management-system\\dataconnect": could not find dataconnect.yaml in `f:\campus-management-system\dataconnect`
 {"metadata":{"emulator":{"name":"dataconnect"},"message":"E0218 00:58:42.903548   15704 watch.go:40] Failed to load config from \"f:\\\\campus-management-system\\\\dataconnect\": could not find dataconnect.yaml in `f:\\campus-management-system\\dataconnect`\n"}}
[debug] [2026-02-17T16:58:52.903Z] E0218 00:58:52.903550   15704 watch.go:40] Failed to load config from "f:\\campus-management-system\\dataconnect": could not find dataconnect.yaml in `f:\campus-management-system\dataconnect`
 {"metadata":{"emulator":{"name":"dataconnect"},"message":"E0218 00:58:52.903550   15704 watch.go:40] Failed to load config from \"f:\\\\campus-management-system\\\\dataconnect\": could not find dataconnect.yaml in `f:\\campus-management-system\\dataconnect`\n"}}
[debug] [2026-02-17T16:59:02.903Z] E0218 00:59:02.903645   15704 watch.go:116] watchAllDir unable to walk dir `f:\campus-management-system\dataconnect`: CreateFile f:\campus-management-system\dataconnect: The system cannot find the file specified.
E0218 00:59:02.903645   15704 watch.go:40] Failed to load config from "f:\\campus-management-system\\dataconnect": could not find dataconnect.yaml in `f:\campus-management-system\dataconnect`
 {"metadata":{"emulator":{"name":"dataconnect"},"message":"E0218 00:59:02.903645   15704 watch.go:116] watchAllDir unable to walk dir `f:\\campus-management-system\\dataconnect`: CreateFile f:\\campus-management-system\\dataconnect: The system cannot find the file specified.\nE0218 00:59:02.903645   15704 watch.go:40] Failed to load config from \"f:\\\\campus-management-system\\\\dataconnect\": could not find dataconnect.yaml in `f:\\campus-management-system\\dataconnect`\n"}}
[debug] [2026-02-17T16:59:12.903Z] E0218 00:59:12.903969   15704 watch.go:40] Failed to load config from "f:\\campus-management-system\\dataconnect": could not find dataconnect.yaml in `f:\campus-management-system\dataconnect`
 {"metadata":{"emulator":{"name":"dataconnect"},"message":"E0218 00:59:12.903969   15704 watch.go:40] Failed to load config from \"f:\\\\campus-management-system\\\\dataconnect\": could not find dataconnect.yaml in `f:\\campus-management-system\\dataconnect`\n"}}
[debug] [2026-02-17T16:59:22.903Z] E0218 00:59:22.903961   15704 watch.go:40] Failed to load config from "f:\\campus-management-system\\dataconnect": could not find dataconnect.yaml in `f:\campus-management-system\dataconnect`
 {"metadata":{"emulator":{"name":"dataconnect"},"message":"E0218 00:59:22.903961   15704 watch.go:40] Failed to load config from \"f:\\\\campus-management-system\\\\dataconnect\": could not find dataconnect.yaml in `f:\\campus-management-system\\dataconnect`\n"}}
[debug] [2026-02-17T16:59:32.903Z] E0218 00:59:32.903572   15704 watch.go:40] Failed to load config from "f:\\campus-management-system\\dataconnect": could not find dataconnect.yaml in `f:\campus-management-system\dataconnect`
 {"metadata":{"emulator":{"name":"dataconnect"},"message":"E0218 00:59:32.903572   15704 watch.go:40] Failed to load config from \"f:\\\\campus-management-system\\\\dataconnect\": could not find dataconnect.yaml in `f:\\campus-management-system\\dataconnect`\n"}}
[debug] [2026-02-17T16:59:42.904Z] E0218 00:59:42.904038   15704 watch.go:40] Failed to load config from "f:\\campus-management-system\\dataconnect": could not find dataconnect.yaml in `f:\campus-management-system\dataconnect`
 {"metadata":{"emulator":{"name":"dataconnect"},"message":"E0218 00:59:42.904038   15704 watch.go:40] Failed to load config from \"f:\\\\campus-management-system\\\\dataconnect\": could not find dataconnect.yaml in `f:\\campus-management-system\\dataconnect`\n"}}
[debug] [2026-02-17T16:59:52.903Z] E0218 00:59:52.903785   15704 watch.go:40] Failed to load config from "f:\\campus-management-system\\dataconnect": could not find dataconnect.yaml in `f:\campus-management-system\dataconnect`
 {"metadata":{"emulator":{"name":"dataconnect"},"message":"E0218 00:59:52.903785   15704 watch.go:40] Failed to load config from \"f:\\\\campus-management-system\\\\dataconnect\": could not find dataconnect.yaml in `f:\\campus-management-system\\dataconnect`\n"}}
[debug] [2026-02-17T17:00:02.903Z] E0218 01:00:02.903892   15704 watch.go:116] watchAllDir unable to walk dir `f:\campus-management-system\dataconnect`: CreateFile f:\campus-management-system\dataconnect: The system cannot find the file specified.
E0218 01:00:02.903892   15704 watch.go:40] Failed to load config from "f:\\campus-management-system\\dataconnect": could not find dataconnect.yaml in `f:\campus-management-system\dataconnect`
 {"metadata":{"emulator":{"name":"dataconnect"},"message":"E0218 01:00:02.903892   15704 watch.go:116] watchAllDir unable to walk dir `f:\\campus-management-system\\dataconnect`: CreateFile f:\\campus-management-system\\dataconnect: The system cannot find the file specified.\nE0218 01:00:02.903892   15704 watch.go:40] Failed to load config from \"f:\\\\campus-management-system\\\\dataconnect\": could not find dataconnect.yaml in `f:\\campus-management-system\\dataconnect`\n"}}
[debug] [2026-02-17T17:00:12.904Z] E0218 01:00:12.904135   15704 watch.go:40] Failed to load config from "f:\\campus-management-system\\dataconnect": could not find dataconnect.yaml in `f:\campus-management-system\dataconnect`
 {"metadata":{"emulator":{"name":"dataconnect"},"message":"E0218 01:00:12.904135   15704 watch.go:40] Failed to load config from \"f:\\\\campus-management-system\\\\dataconnect\": could not find dataconnect.yaml in `f:\\campus-management-system\\dataconnect`\n"}}
[debug] [2026-02-17T17:00:22.903Z] E0218 01:00:22.903758   15704 watch.go:40] Failed to load config from "f:\\campus-management-system\\dataconnect": could not find dataconnect.yaml in `f:\campus-management-system\dataconnect`
 {"metadata":{"emulator":{"name":"dataconnect"},"message":"E0218 01:00:22.903758   15704 watch.go:40] Failed to load config from \"f:\\\\campus-management-system\\\\dataconnect\": could not find dataconnect.yaml in `f:\\campus-management-system\\dataconnect`\n"}}
[debug] [2026-02-17T17:00:32.904Z] E0218 01:00:32.904058   15704 watch.go:40] Failed to load config from "f:\\campus-management-system\\dataconnect": could not find dataconnect.yaml in `f:\campus-management-system\dataconnect`
 {"metadata":{"emulator":{"name":"dataconnect"},"message":"E0218 01:00:32.904058   15704 watch.go:40] Failed to load config from \"f:\\\\campus-management-system\\\\dataconnect\": could not find dataconnect.yaml in `f:\\campus-management-system\\dataconnect`\n"}}
[debug] [2026-02-17T17:00:42.904Z] E0218 01:00:42.904029   15704 watch.go:40] Failed to load config from "f:\\campus-management-system\\dataconnect": could not find dataconnect.yaml in `f:\campus-management-system\dataconnect`
 {"metadata":{"emulator":{"name":"dataconnect"},"message":"E0218 01:00:42.904029   15704 watch.go:40] Failed to load config from \"f:\\\\campus-management-system\\\\dataconnect\": could not find dataconnect.yaml in `f:\\campus-management-system\\dataconnect`\n"}}
[debug] [2026-02-17T17:00:52.903Z] E0218 01:00:52.903899   15704 watch.go:40] Failed to load config from "f:\\campus-management-system\\dataconnect": could not find dataconnect.yaml in `f:\campus-management-system\dataconnect`
 {"metadata":{"emulator":{"name":"dataconnect"},"message":"E0218 01:00:52.903899   15704 watch.go:40] Failed to load config from \"f:\\\\campus-management-system\\\\dataconnect\": could not find dataconnect.yaml in `f:\\campus-management-system\\dataconnect`\n"}}
[debug] [2026-02-17T17:01:02.903Z] E0218 01:01:02.903871   15704 watch.go:116] watchAllDir unable to walk dir `f:\campus-management-system\dataconnect`: CreateFile f:\campus-management-system\dataconnect: The system cannot find the file specified.
E0218 01:01:02.903871   15704 watch.go:40] Failed to load config from "f:\\campus-management-system\\dataconnect": could not find dataconnect.yaml in `f:\campus-management-system\dataconnect`
 {"metadata":{"emulator":{"name":"dataconnect"},"message":"E0218 01:01:02.903871   15704 watch.go:116] watchAllDir unable to walk dir `f:\\campus-management-system\\dataconnect`: CreateFile f:\\campus-management-system\\dataconnect: The system cannot find the file specified.\nE0218 01:01:02.903871   15704 watch.go:40] Failed to load config from \"f:\\\\campus-management-system\\\\dataconnect\": could not find dataconnect.yaml in `f:\\campus-management-system\\dataconnect`\n"}}
[debug] [2026-02-17T17:01:12.903Z] E0218 01:01:12.903631   15704 watch.go:40] Failed to load config from "f:\\campus-management-system\\dataconnect": could not find dataconnect.yaml in `f:\campus-management-system\dataconnect`
 {"metadata":{"emulator":{"name":"dataconnect"},"message":"E0218 01:01:12.903631   15704 watch.go:40] Failed to load config from \"f:\\\\campus-management-system\\\\dataconnect\": could not find dataconnect.yaml in `f:\\campus-management-system\\dataconnect`\n"}}
[debug] [2026-02-17T17:01:22.903Z] E0218 01:01:22.903683   15704 watch.go:40] Failed to load config from "f:\\campus-management-system\\dataconnect": could not find dataconnect.yaml in `f:\campus-management-system\dataconnect`
 {"metadata":{"emulator":{"name":"dataconnect"},"message":"E0218 01:01:22.903683   15704 watch.go:40] Failed to load config from \"f:\\\\campus-management-system\\\\dataconnect\": could not find dataconnect.yaml in `f:\\campus-management-system\\dataconnect`\n"}}
[debug] [2026-02-17T17:01:32.903Z] E0218 01:01:32.903650   15704 watch.go:40] Failed to load config from "f:\\campus-management-system\\dataconnect": could not find dataconnect.yaml in `f:\campus-management-system\dataconnect`
 {"metadata":{"emulator":{"name":"dataconnect"},"message":"E0218 01:01:32.903650   15704 watch.go:40] Failed to load config from \"f:\\\\campus-management-system\\\\dataconnect\": could not find dataconnect.yaml in `f:\\campus-management-system\\dataconnect`\n"}}
[debug] [2026-02-17T17:01:42.903Z] E0218 01:01:42.903609   15704 watch.go:40] Failed to load config from "f:\\campus-management-system\\dataconnect": could not find dataconnect.yaml in `f:\campus-management-system\dataconnect`
 {"metadata":{"emulator":{"name":"dataconnect"},"message":"E0218 01:01:42.903609   15704 watch.go:40] Failed to load config from \"f:\\\\campus-management-system\\\\dataconnect\": could not find dataconnect.yaml in `f:\\campus-management-system\\dataconnect`\n"}}
[debug] [2026-02-17T17:01:52.903Z] E0218 01:01:52.903838   15704 watch.go:40] Failed to load config from "f:\\campus-management-system\\dataconnect": could not find dataconnect.yaml in `f:\campus-management-system\dataconnect`
 {"metadata":{"emulator":{"name":"dataconnect"},"message":"E0218 01:01:52.903838   15704 watch.go:40] Failed to load config from \"f:\\\\campus-management-system\\\\dataconnect\": could not find dataconnect.yaml in `f:\\campus-management-system\\dataconnect`\n"}}
[debug] [2026-02-17T17:02:02.903Z] E0218 01:02:02.904009   15704 watch.go:116] watchAllDir unable to walk dir `f:\campus-management-system\dataconnect`: CreateFile f:\campus-management-system\dataconnect: The system cannot find the file specified.
E0218 01:02:02.904009   15704 watch.go:40] Failed to load config from "f:\\campus-management-system\\dataconnect": could not find dataconnect.yaml in `f:\campus-management-system\dataconnect`
 {"metadata":{"emulator":{"name":"dataconnect"},"message":"E0218 01:02:02.904009   15704 watch.go:116] watchAllDir unable to walk dir `f:\\campus-management-system\\dataconnect`: CreateFile f:\\campus-management-system\\dataconnect: The system cannot find the file specified.\nE0218 01:02:02.904009   15704 watch.go:40] Failed to load config from \"f:\\\\campus-management-system\\\\dataconnect\": could not find dataconnect.yaml in `f:\\campus-management-system\\dataconnect`\n"}}
[debug] [2026-02-17T17:02:12.903Z] E0218 01:02:12.903718   15704 watch.go:40] Failed to load config from "f:\\campus-management-system\\dataconnect": could not find dataconnect.yaml in `f:\campus-management-system\dataconnect`
 {"metadata":{"emulator":{"name":"dataconnect"},"message":"E0218 01:02:12.903718   15704 watch.go:40] Failed to load config from \"f:\\\\campus-management-system\\\\dataconnect\": could not find dataconnect.yaml in `f:\\campus-management-system\\dataconnect`\n"}}
[debug] [2026-02-17T17:02:22.903Z] E0218 01:02:22.903982   15704 watch.go:40] Failed to load config from "f:\\campus-management-system\\dataconnect": could not find dataconnect.yaml in `f:\campus-management-system\dataconnect`
 {"metadata":{"emulator":{"name":"dataconnect"},"message":"E0218 01:02:22.903982   15704 watch.go:40] Failed to load config from \"f:\\\\campus-management-system\\\\dataconnect\": could not find dataconnect.yaml in `f:\\campus-management-system\\dataconnect`\n"}}
[debug] [2026-02-17T17:02:32.903Z] E0218 01:02:32.903953   15704 watch.go:40] Failed to load config from "f:\\campus-management-system\\dataconnect": could not find dataconnect.yaml in `f:\campus-management-system\dataconnect`
 {"metadata":{"emulator":{"name":"dataconnect"},"message":"E0218 01:02:32.903953   15704 watch.go:40] Failed to load config from \"f:\\\\campus-management-system\\\\dataconnect\": could not find dataconnect.yaml in `f:\\campus-management-system\\dataconnect`\n"}}
[debug] [2026-02-17T17:02:42.903Z] E0218 01:02:42.903545   15704 watch.go:40] Failed to load config from "f:\\campus-management-system\\dataconnect": could not find dataconnect.yaml in `f:\campus-management-system\dataconnect`
 {"metadata":{"emulator":{"name":"dataconnect"},"message":"E0218 01:02:42.903545   15704 watch.go:40] Failed to load config from \"f:\\\\campus-management-system\\\\dataconnect\": could not find dataconnect.yaml in `f:\\campus-management-system\\dataconnect`\n"}}
[debug] [2026-02-17T17:02:52.903Z] E0218 01:02:52.903552   15704 watch.go:40] Failed to load config from "f:\\campus-management-system\\dataconnect": could not find dataconnect.yaml in `f:\campus-management-system\dataconnect`
 {"metadata":{"emulator":{"name":"dataconnect"},"message":"E0218 01:02:52.903552   15704 watch.go:40] Failed to load config from \"f:\\\\campus-management-system\\\\dataconnect\": could not find dataconnect.yaml in `f:\\campus-management-system\\dataconnect`\n"}}
[debug] [2026-02-17T17:03:02.904Z] E0218 01:03:02.903873   15704 watch.go:116] watchAllDir unable to walk dir `f:\campus-management-system\dataconnect`: CreateFile f:\campus-management-system\dataconnect: The system cannot find the file specified.
E0218 01:03:02.903873   15704 watch.go:40] Failed to load config from "f:\\campus-management-system\\dataconnect": could not find dataconnect.yaml in `f:\campus-management-system\dataconnect`
 {"metadata":{"emulator":{"name":"dataconnect"},"message":"E0218 01:03:02.903873   15704 watch.go:116] watchAllDir unable to walk dir `f:\\campus-management-system\\dataconnect`: CreateFile f:\\campus-management-system\\dataconnect: The system cannot find the file specified.\nE0218 01:03:02.903873   15704 watch.go:40] Failed to load config from \"f:\\\\campus-management-system\\\\dataconnect\": could not find dataconnect.yaml in `f:\\campus-management-system\\dataconnect`\n"}}
[debug] [2026-02-17T17:03:12.903Z] E0218 01:03:12.903544   15704 watch.go:40] Failed to load config from "f:\\campus-management-system\\dataconnect": could not find dataconnect.yaml in `f:\campus-management-system\dataconnect`
 {"metadata":{"emulator":{"name":"dataconnect"},"message":"E0218 01:03:12.903544   15704 watch.go:40] Failed to load config from \"f:\\\\campus-management-system\\\\dataconnect\": could not find dataconnect.yaml in `f:\\campus-management-system\\dataconnect`\n"}}
[debug] [2026-02-17T17:03:22.903Z] E0218 01:03:22.903539   15704 watch.go:40] Failed to load config from "f:\\campus-management-system\\dataconnect": could not find dataconnect.yaml in `f:\campus-management-system\dataconnect`
 {"metadata":{"emulator":{"name":"dataconnect"},"message":"E0218 01:03:22.903539   15704 watch.go:40] Failed to load config from \"f:\\\\campus-management-system\\\\dataconnect\": could not find dataconnect.yaml in `f:\\campus-management-system\\dataconnect`\n"}}
[debug] [2026-02-17T17:03:32.904Z] E0218 01:03:32.903921   15704 watch.go:40] Failed to load config from "f:\\campus-management-system\\dataconnect": could not find dataconnect.yaml in `f:\campus-management-system\dataconnect`
 {"metadata":{"emulator":{"name":"dataconnect"},"message":"E0218 01:03:32.903921   15704 watch.go:40] Failed to load config from \"f:\\\\campus-management-system\\\\dataconnect\": could not find dataconnect.yaml in `f:\\campus-management-system\\dataconnect`\n"}}
[debug] [2026-02-17T17:03:42.903Z] E0218 01:03:42.903862   15704 watch.go:40] Failed to load config from "f:\\campus-management-system\\dataconnect": could not find dataconnect.yaml in `f:\campus-management-system\dataconnect`
 {"metadata":{"emulator":{"name":"dataconnect"},"message":"E0218 01:03:42.903862   15704 watch.go:40] Failed to load config from \"f:\\\\campus-management-system\\\\dataconnect\": could not find dataconnect.yaml in `f:\\campus-management-system\\dataconnect`\n"}}
[debug] [2026-02-17T17:03:52.903Z] E0218 01:03:52.903984   15704 watch.go:40] Failed to load config from "f:\\campus-management-system\\dataconnect": could not find dataconnect.yaml in `f:\campus-management-system\dataconnect`
 {"metadata":{"emulator":{"name":"dataconnect"},"message":"E0218 01:03:52.903984   15704 watch.go:40] Failed to load config from \"f:\\\\campus-management-system\\\\dataconnect\": could not find dataconnect.yaml in `f:\\campus-management-system\\dataconnect`\n"}}
[debug] [2026-02-17T17:04:02.903Z] E0218 01:04:02.903598   15704 watch.go:40] Failed to load config from "f:\\campus-management-system\\dataconnect": could not find dataconnect.yaml in `f:\campus-management-system\dataconnect`
E0218 01:04:02.903598   15704 watch.go:116] watchAllDir unable to walk dir `f:\campus-management-system\dataconnect`: CreateFile f:\campus-management-system\dataconnect: The system cannot find the file specified.
 {"metadata":{"emulator":{"name":"dataconnect"},"message":"E0218 01:04:02.903598   15704 watch.go:40] Failed to load config from \"f:\\\\campus-management-system\\\\dataconnect\": could not find dataconnect.yaml in `f:\\campus-management-system\\dataconnect`\nE0218 01:04:02.903598   15704 watch.go:116] watchAllDir unable to walk dir `f:\\campus-management-system\\dataconnect`: CreateFile f:\\campus-management-system\\dataconnect: The system cannot find the file specified.\n"}}
[debug] [2026-02-17T17:04:12.903Z] E0218 01:04:12.903710   15704 watch.go:40] Failed to load config from "f:\\campus-management-system\\dataconnect": could not find dataconnect.yaml in `f:\campus-management-system\dataconnect`
 {"metadata":{"emulator":{"name":"dataconnect"},"message":"E0218 01:04:12.903710   15704 watch.go:40] Failed to load config from \"f:\\\\campus-management-system\\\\dataconnect\": could not find dataconnect.yaml in `f:\\campus-management-system\\dataconnect`\n"}}
[debug] [2026-02-17T17:04:22.903Z] E0218 01:04:22.903567   15704 watch.go:40] Failed to load config from "f:\\campus-management-system\\dataconnect": could not find dataconnect.yaml in `f:\campus-management-system\dataconnect`
 {"metadata":{"emulator":{"name":"dataconnect"},"message":"E0218 01:04:22.903567   15704 watch.go:40] Failed to load config from \"f:\\\\campus-management-system\\\\dataconnect\": could not find dataconnect.yaml in `f:\\campus-management-system\\dataconnect`\n"}}
[debug] [2026-02-17T17:04:32.903Z] E0218 01:04:32.903552   15704 watch.go:40] Failed to load config from "f:\\campus-management-system\\dataconnect": could not find dataconnect.yaml in `f:\campus-management-system\dataconnect`
 {"metadata":{"emulator":{"name":"dataconnect"},"message":"E0218 01:04:32.903552   15704 watch.go:40] Failed to load config from \"f:\\\\campus-management-system\\\\dataconnect\": could not find dataconnect.yaml in `f:\\campus-management-system\\dataconnect`\n"}}
[debug] [2026-02-17T17:04:42.903Z] E0218 01:04:42.903663   15704 watch.go:40] Failed to load config from "f:\\campus-management-system\\dataconnect": could not find dataconnect.yaml in `f:\campus-management-system\dataconnect`
 {"metadata":{"emulator":{"name":"dataconnect"},"message":"E0218 01:04:42.903663   15704 watch.go:40] Failed to load config from \"f:\\\\campus-management-system\\\\dataconnect\": could not find dataconnect.yaml in `f:\\campus-management-system\\dataconnect`\n"}}
[debug] [2026-02-17T17:04:52.903Z] E0218 01:04:52.903685   15704 watch.go:40] Failed to load config from "f:\\campus-management-system\\dataconnect": could not find dataconnect.yaml in `f:\campus-management-system\dataconnect`
 {"metadata":{"emulator":{"name":"dataconnect"},"message":"E0218 01:04:52.903685   15704 watch.go:40] Failed to load config from \"f:\\\\campus-management-system\\\\dataconnect\": could not find dataconnect.yaml in `f:\\campus-management-system\\dataconnect`\n"}}
[debug] [2026-02-17T17:05:02.903Z] E0218 01:05:02.903915   15704 watch.go:116] watchAllDir unable to walk dir `f:\campus-management-system\dataconnect`: CreateFile f:\campus-management-system\dataconnect: The system cannot find the file specified.
E0218 01:05:02.903915   15704 watch.go:40] Failed to load config from "f:\\campus-management-system\\dataconnect": could not find dataconnect.yaml in `f:\campus-management-system\dataconnect`
 {"metadata":{"emulator":{"name":"dataconnect"},"message":"E0218 01:05:02.903915   15704 watch.go:116] watchAllDir unable to walk dir `f:\\campus-management-system\\dataconnect`: CreateFile f:\\campus-management-system\\dataconnect: The system cannot find the file specified.\nE0218 01:05:02.903915   15704 watch.go:40] Failed to load config from \"f:\\\\campus-management-system\\\\dataconnect\": could not find dataconnect.yaml in `f:\\campus-management-system\\dataconnect`\n"}}
[debug] [2026-02-17T17:05:12.903Z] E0218 01:05:12.903832   15704 watch.go:40] Failed to load config from "f:\\campus-management-system\\dataconnect": could not find dataconnect.yaml in `f:\campus-management-system\dataconnect`
 {"metadata":{"emulator":{"name":"dataconnect"},"message":"E0218 01:05:12.903832   15704 watch.go:40] Failed to load config from \"f:\\\\campus-management-system\\\\dataconnect\": could not find dataconnect.yaml in `f:\\campus-management-system\\dataconnect`\n"}}
[debug] [2026-02-17T17:05:22.903Z] E0218 01:05:22.903785   15704 watch.go:40] Failed to load config from "f:\\campus-management-system\\dataconnect": could not find dataconnect.yaml in `f:\campus-management-system\dataconnect`
 {"metadata":{"emulator":{"name":"dataconnect"},"message":"E0218 01:05:22.903785   15704 watch.go:40] Failed to load config from \"f:\\\\campus-management-system\\\\dataconnect\": could not find dataconnect.yaml in `f:\\campus-management-system\\dataconnect`\n"}}
[debug] [2026-02-17T17:05:32.903Z] E0218 01:05:32.903694   15704 watch.go:40] Failed to load config from "f:\\campus-management-system\\dataconnect": could not find dataconnect.yaml in `f:\campus-management-system\dataconnect`
 {"metadata":{"emulator":{"name":"dataconnect"},"message":"E0218 01:05:32.903694   15704 watch.go:40] Failed to load config from \"f:\\\\campus-management-system\\\\dataconnect\": could not find dataconnect.yaml in `f:\\campus-management-system\\dataconnect`\n"}}
[debug] [2026-02-17T17:05:42.903Z] E0218 01:05:42.903654   15704 watch.go:40] Failed to load config from "f:\\campus-management-system\\dataconnect": could not find dataconnect.yaml in `f:\campus-management-system\dataconnect`
 {"metadata":{"emulator":{"name":"dataconnect"},"message":"E0218 01:05:42.903654   15704 watch.go:40] Failed to load config from \"f:\\\\campus-management-system\\\\dataconnect\": could not find dataconnect.yaml in `f:\\campus-management-system\\dataconnect`\n"}}
[debug] [2026-02-17T17:05:52.903Z] E0218 01:05:52.903641   15704 watch.go:40] Failed to load config from "f:\\campus-management-system\\dataconnect": could not find dataconnect.yaml in `f:\campus-management-system\dataconnect`
 {"metadata":{"emulator":{"name":"dataconnect"},"message":"E0218 01:05:52.903641   15704 watch.go:40] Failed to load config from \"f:\\\\campus-management-system\\\\dataconnect\": could not find dataconnect.yaml in `f:\\campus-management-system\\dataconnect`\n"}}
[debug] [2026-02-17T17:06:02.903Z] E0218 01:06:02.903948   15704 watch.go:116] watchAllDir unable to walk dir `f:\campus-management-system\dataconnect`: CreateFile f:\campus-management-system\dataconnect: The system cannot find the file specified.
E0218 01:06:02.903948   15704 watch.go:40] Failed to load config from "f:\\campus-management-system\\dataconnect": could not find dataconnect.yaml in `f:\campus-management-system\dataconnect`
 {"metadata":{"emulator":{"name":"dataconnect"},"message":"E0218 01:06:02.903948   15704 watch.go:116] watchAllDir unable to walk dir `f:\\campus-management-system\\dataconnect`: CreateFile f:\\campus-management-system\\dataconnect: The system cannot find the file specified.\nE0218 01:06:02.903948   15704 watch.go:40] Failed to load config from \"f:\\\\campus-management-system\\\\dataconnect\": could not find dataconnect.yaml in `f:\\campus-management-system\\dataconnect`\n"}}
[debug] [2026-02-17T17:06:12.904Z] E0218 01:06:12.903974   15704 watch.go:40] Failed to load config from "f:\\campus-management-system\\dataconnect": could not find dataconnect.yaml in `f:\campus-management-system\dataconnect`
 {"metadata":{"emulator":{"name":"dataconnect"},"message":"E0218 01:06:12.903974   15704 watch.go:40] Failed to load config from \"f:\\\\campus-management-system\\\\dataconnect\": could not find dataconnect.yaml in `f:\\campus-management-system\\dataconnect`\n"}}
[debug] [2026-02-17T17:06:22.903Z] E0218 01:06:22.903618   15704 watch.go:40] Failed to load config from "f:\\campus-management-system\\dataconnect": could not find dataconnect.yaml in `f:\campus-management-system\dataconnect`
 {"metadata":{"emulator":{"name":"dataconnect"},"message":"E0218 01:06:22.903618   15704 watch.go:40] Failed to load config from \"f:\\\\campus-management-system\\\\dataconnect\": could not find dataconnect.yaml in `f:\\campus-management-system\\dataconnect`\n"}}
[debug] [2026-02-17T17:06:32.903Z] E0218 01:06:32.903749   15704 watch.go:40] Failed to load config from "f:\\campus-management-system\\dataconnect": could not find dataconnect.yaml in `f:\campus-management-system\dataconnect`
 {"metadata":{"emulator":{"name":"dataconnect"},"message":"E0218 01:06:32.903749   15704 watch.go:40] Failed to load config from \"f:\\\\campus-management-system\\\\dataconnect\": could not find dataconnect.yaml in `f:\\campus-management-system\\dataconnect`\n"}}
[debug] [2026-02-17T17:06:42.903Z] E0218 01:06:42.903567   15704 watch.go:40] Failed to load config from "f:\\campus-management-system\\dataconnect": could not find dataconnect.yaml in `f:\campus-management-system\dataconnect`
 {"metadata":{"emulator":{"name":"dataconnect"},"message":"E0218 01:06:42.903567   15704 watch.go:40] Failed to load config from \"f:\\\\campus-management-system\\\\dataconnect\": could not find dataconnect.yaml in `f:\\campus-management-system\\dataconnect`\n"}}
[debug] [2026-02-17T17:06:52.903Z] E0218 01:06:52.903814   15704 watch.go:40] Failed to load config from "f:\\campus-management-system\\dataconnect": could not find dataconnect.yaml in `f:\campus-management-system\dataconnect`
 {"metadata":{"emulator":{"name":"dataconnect"},"message":"E0218 01:06:52.903814   15704 watch.go:40] Failed to load config from \"f:\\\\campus-management-system\\\\dataconnect\": could not find dataconnect.yaml in `f:\\campus-management-system\\dataconnect`\n"}}
[debug] [2026-02-17T17:07:02.903Z] E0218 01:07:02.903883   15704 watch.go:116] watchAllDir unable to walk dir `f:\campus-management-system\dataconnect`: CreateFile f:\campus-management-system\dataconnect: The system cannot find the file specified.
E0218 01:07:02.903883   15704 watch.go:40] Failed to load config from "f:\\campus-management-system\\dataconnect": could not find dataconnect.yaml in `f:\campus-management-system\dataconnect`
 {"metadata":{"emulator":{"name":"dataconnect"},"message":"E0218 01:07:02.903883   15704 watch.go:116] watchAllDir unable to walk dir `f:\\campus-management-system\\dataconnect`: CreateFile f:\\campus-management-system\\dataconnect: The system cannot find the file specified.\nE0218 01:07:02.903883   15704 watch.go:40] Failed to load config from \"f:\\\\campus-management-system\\\\dataconnect\": could not find dataconnect.yaml in `f:\\campus-management-system\\dataconnect`\n"}}
[debug] [2026-02-17T17:07:12.903Z] E0218 01:07:12.903572   15704 watch.go:40] Failed to load config from "f:\\campus-management-system\\dataconnect": could not find dataconnect.yaml in `f:\campus-management-system\dataconnect`
 {"metadata":{"emulator":{"name":"dataconnect"},"message":"E0218 01:07:12.903572   15704 watch.go:40] Failed to load config from \"f:\\\\campus-management-system\\\\dataconnect\": could not find dataconnect.yaml in `f:\\campus-management-system\\dataconnect`\n"}}
[debug] [2026-02-17T17:07:22.903Z] E0218 01:07:22.903578   15704 watch.go:40] Failed to load config from "f:\\campus-management-system\\dataconnect": could not find dataconnect.yaml in `f:\campus-management-system\dataconnect`
 {"metadata":{"emulator":{"name":"dataconnect"},"message":"E0218 01:07:22.903578   15704 watch.go:40] Failed to load config from \"f:\\\\campus-management-system\\\\dataconnect\": could not find dataconnect.yaml in `f:\\campus-management-system\\dataconnect`\n"}}
[debug] [2026-02-17T17:07:32.903Z] E0218 01:07:32.903605   15704 watch.go:40] Failed to load config from "f:\\campus-management-system\\dataconnect": could not find dataconnect.yaml in `f:\campus-management-system\dataconnect`
 {"metadata":{"emulator":{"name":"dataconnect"},"message":"E0218 01:07:32.903605   15704 watch.go:40] Failed to load config from \"f:\\\\campus-management-system\\\\dataconnect\": could not find dataconnect.yaml in `f:\\campus-management-system\\dataconnect`\n"}}
[debug] [2026-02-17T17:07:42.903Z] E0218 01:07:42.903872   15704 watch.go:40] Failed to load config from "f:\\campus-management-system\\dataconnect": could not find dataconnect.yaml in `f:\campus-management-system\dataconnect`
 {"metadata":{"emulator":{"name":"dataconnect"},"message":"E0218 01:07:42.903872   15704 watch.go:40] Failed to load config from \"f:\\\\campus-management-system\\\\dataconnect\": could not find dataconnect.yaml in `f:\\campus-management-system\\dataconnect`\n"}}
[debug] [2026-02-17T17:07:52.903Z] E0218 01:07:52.903898   15704 watch.go:40] Failed to load config from "f:\\campus-management-system\\dataconnect": could not find dataconnect.yaml in `f:\campus-management-system\dataconnect`
 {"metadata":{"emulator":{"name":"dataconnect"},"message":"E0218 01:07:52.903898   15704 watch.go:40] Failed to load config from \"f:\\\\campus-management-system\\\\dataconnect\": could not find dataconnect.yaml in `f:\\campus-management-system\\dataconnect`\n"}}
[debug] [2026-02-17T17:08:02.903Z] E0218 01:08:02.903910   15704 watch.go:116] watchAllDir unable to walk dir `f:\campus-management-system\dataconnect`: CreateFile f:\campus-management-system\dataconnect: The system cannot find the file specified.
E0218 01:08:02.903910   15704 watch.go:40] Failed to load config from "f:\\campus-management-system\\dataconnect": could not find dataconnect.yaml in `f:\campus-management-system\dataconnect`
 {"metadata":{"emulator":{"name":"dataconnect"},"message":"E0218 01:08:02.903910   15704 watch.go:116] watchAllDir unable to walk dir `f:\\campus-management-system\\dataconnect`: CreateFile f:\\campus-management-system\\dataconnect: The system cannot find the file specified.\nE0218 01:08:02.903910   15704 watch.go:40] Failed to load config from \"f:\\\\campus-management-system\\\\dataconnect\": could not find dataconnect.yaml in `f:\\campus-management-system\\dataconnect`\n"}}
[debug] [2026-02-17T17:08:12.903Z] E0218 01:08:12.903759   15704 watch.go:40] Failed to load config from "f:\\campus-management-system\\dataconnect": could not find dataconnect.yaml in `f:\campus-management-system\dataconnect`
 {"metadata":{"emulator":{"name":"dataconnect"},"message":"E0218 01:08:12.903759   15704 watch.go:40] Failed to load config from \"f:\\\\campus-management-system\\\\dataconnect\": could not find dataconnect.yaml in `f:\\campus-management-system\\dataconnect`\n"}}
[debug] [2026-02-17T17:08:22.903Z] E0218 01:08:22.903550   15704 watch.go:40] Failed to load config from "f:\\campus-management-system\\dataconnect": could not find dataconnect.yaml in `f:\campus-management-system\dataconnect`
 {"metadata":{"emulator":{"name":"dataconnect"},"message":"E0218 01:08:22.903550   15704 watch.go:40] Failed to load config from \"f:\\\\campus-management-system\\\\dataconnect\": could not find dataconnect.yaml in `f:\\campus-management-system\\dataconnect`\n"}}
[debug] [2026-02-17T17:08:32.903Z] E0218 01:08:32.903986   15704 watch.go:40] Failed to load config from "f:\\campus-management-system\\dataconnect": could not find dataconnect.yaml in `f:\campus-management-system\dataconnect`
 {"metadata":{"emulator":{"name":"dataconnect"},"message":"E0218 01:08:32.903986   15704 watch.go:40] Failed to load config from \"f:\\\\campus-management-system\\\\dataconnect\": could not find dataconnect.yaml in `f:\\campus-management-system\\dataconnect`\n"}}
[debug] [2026-02-17T17:08:42.903Z] E0218 01:08:42.903539   15704 watch.go:40] Failed to load config from "f:\\campus-management-system\\dataconnect": could not find dataconnect.yaml in `f:\campus-management-system\dataconnect`
 {"metadata":{"emulator":{"name":"dataconnect"},"message":"E0218 01:08:42.903539   15704 watch.go:40] Failed to load config from \"f:\\\\campus-management-system\\\\dataconnect\": could not find dataconnect.yaml in `f:\\campus-management-system\\dataconnect`\n"}}
[debug] [2026-02-17T17:08:52.904Z] E0218 01:08:52.903969   15704 watch.go:40] Failed to load config from "f:\\campus-management-system\\dataconnect": could not find dataconnect.yaml in `f:\campus-management-system\dataconnect`
 {"metadata":{"emulator":{"name":"dataconnect"},"message":"E0218 01:08:52.903969   15704 watch.go:40] Failed to load config from \"f:\\\\campus-management-system\\\\dataconnect\": could not find dataconnect.yaml in `f:\\campus-management-system\\dataconnect`\n"}}
[debug] [2026-02-17T17:09:02.903Z] E0218 01:09:02.903829   15704 watch.go:116] watchAllDir unable to walk dir `f:\campus-management-system\dataconnect`: CreateFile f:\campus-management-system\dataconnect: The system cannot find the file specified.
E0218 01:09:02.903829   15704 watch.go:40] Failed to load config from "f:\\campus-management-system\\dataconnect": could not find dataconnect.yaml in `f:\campus-management-system\dataconnect`
 {"metadata":{"emulator":{"name":"dataconnect"},"message":"E0218 01:09:02.903829   15704 watch.go:116] watchAllDir unable to walk dir `f:\\campus-management-system\\dataconnect`: CreateFile f:\\campus-management-system\\dataconnect: The system cannot find the file specified.\nE0218 01:09:02.903829   15704 watch.go:40] Failed to load config from \"f:\\\\campus-management-system\\\\dataconnect\": could not find dataconnect.yaml in `f:\\campus-management-system\\dataconnect`\n"}}
[debug] [2026-02-17T17:09:12.903Z] E0218 01:09:12.904152   15704 watch.go:40] Failed to load config from "f:\\campus-management-system\\dataconnect": could not find dataconnect.yaml in `f:\campus-management-system\dataconnect`
 {"metadata":{"emulator":{"name":"dataconnect"},"message":"E0218 01:09:12.904152   15704 watch.go:40] Failed to load config from \"f:\\\\campus-management-system\\\\dataconnect\": could not find dataconnect.yaml in `f:\\campus-management-system\\dataconnect`\n"}}
[debug] [2026-02-17T17:09:22.903Z] E0218 01:09:22.903707   15704 watch.go:40] Failed to load config from "f:\\campus-management-system\\dataconnect": could not find dataconnect.yaml in `f:\campus-management-system\dataconnect`
 {"metadata":{"emulator":{"name":"dataconnect"},"message":"E0218 01:09:22.903707   15704 watch.go:40] Failed to load config from \"f:\\\\campus-management-system\\\\dataconnect\": could not find dataconnect.yaml in `f:\\campus-management-system\\dataconnect`\n"}}
[debug] [2026-02-17T17:09:32.903Z] E0218 01:09:32.903556   15704 watch.go:40] Failed to load config from "f:\\campus-management-system\\dataconnect": could not find dataconnect.yaml in `f:\campus-management-system\dataconnect`
 {"metadata":{"emulator":{"name":"dataconnect"},"message":"E0218 01:09:32.903556   15704 watch.go:40] Failed to load config from \"f:\\\\campus-management-system\\\\dataconnect\": could not find dataconnect.yaml in `f:\\campus-management-system\\dataconnect`\n"}}
[debug] [2026-02-17T17:09:42.903Z] E0218 01:09:42.903848   15704 watch.go:40] Failed to load config from "f:\\campus-management-system\\dataconnect": could not find dataconnect.yaml in `f:\campus-management-system\dataconnect`
 {"metadata":{"emulator":{"name":"dataconnect"},"message":"E0218 01:09:42.903848   15704 watch.go:40] Failed to load config from \"f:\\\\campus-management-system\\\\dataconnect\": could not find dataconnect.yaml in `f:\\campus-management-system\\dataconnect`\n"}}
[debug] [2026-02-17T17:09:52.903Z] E0218 01:09:52.904038   15704 watch.go:40] Failed to load config from "f:\\campus-management-system\\dataconnect": could not find dataconnect.yaml in `f:\campus-management-system\dataconnect`
 {"metadata":{"emulator":{"name":"dataconnect"},"message":"E0218 01:09:52.904038   15704 watch.go:40] Failed to load config from \"f:\\\\campus-management-system\\\\dataconnect\": could not find dataconnect.yaml in `f:\\campus-management-system\\dataconnect`\n"}}
[debug] [2026-02-17T17:10:02.903Z] E0218 01:10:02.903564   15704 watch.go:116] watchAllDir unable to walk dir `f:\campus-management-system\dataconnect`: CreateFile f:\campus-management-system\dataconnect: The system cannot find the file specified.
E0218 01:10:02.903564   15704 watch.go:40] Failed to load config from "f:\\campus-management-system\\dataconnect": could not find dataconnect.yaml in `f:\campus-management-system\dataconnect`
 {"metadata":{"emulator":{"name":"dataconnect"},"message":"E0218 01:10:02.903564   15704 watch.go:116] watchAllDir unable to walk dir `f:\\campus-management-system\\dataconnect`: CreateFile f:\\campus-management-system\\dataconnect: The system cannot find the file specified.\nE0218 01:10:02.903564   15704 watch.go:40] Failed to load config from \"f:\\\\campus-management-system\\\\dataconnect\": could not find dataconnect.yaml in `f:\\campus-management-system\\dataconnect`\n"}}
[debug] [2026-02-17T17:10:12.904Z] E0218 01:10:12.904076   15704 watch.go:40] Failed to load config from "f:\\campus-management-system\\dataconnect": could not find dataconnect.yaml in `f:\campus-management-system\dataconnect`
 {"metadata":{"emulator":{"name":"dataconnect"},"message":"E0218 01:10:12.904076   15704 watch.go:40] Failed to load config from \"f:\\\\campus-management-system\\\\dataconnect\": could not find dataconnect.yaml in `f:\\campus-management-system\\dataconnect`\n"}}
[debug] [2026-02-17T17:10:22.903Z] E0218 01:10:22.903541   15704 watch.go:40] Failed to load config from "f:\\campus-management-system\\dataconnect": could not find dataconnect.yaml in `f:\campus-management-system\dataconnect`
 {"metadata":{"emulator":{"name":"dataconnect"},"message":"E0218 01:10:22.903541   15704 watch.go:40] Failed to load config from \"f:\\\\campus-management-system\\\\dataconnect\": could not find dataconnect.yaml in `f:\\campus-management-system\\dataconnect`\n"}}
[debug] [2026-02-17T17:10:32.903Z] E0218 01:10:32.903564   15704 watch.go:40] Failed to load config from "f:\\campus-management-system\\dataconnect": could not find dataconnect.yaml in `f:\campus-management-system\dataconnect`
 {"metadata":{"emulator":{"name":"dataconnect"},"message":"E0218 01:10:32.903564   15704 watch.go:40] Failed to load config from \"f:\\\\campus-management-system\\\\dataconnect\": could not find dataconnect.yaml in `f:\\campus-management-system\\dataconnect`\n"}}
[debug] [2026-02-17T17:10:42.903Z] E0218 01:10:42.903528   15704 watch.go:40] Failed to load config from "f:\\campus-management-system\\dataconnect": could not find dataconnect.yaml in `f:\campus-management-system\dataconnect`
 {"metadata":{"emulator":{"name":"dataconnect"},"message":"E0218 01:10:42.903528   15704 watch.go:40] Failed to load config from \"f:\\\\campus-management-system\\\\dataconnect\": could not find dataconnect.yaml in `f:\\campus-management-system\\dataconnect`\n"}}
[debug] [2026-02-17T17:10:52.903Z] E0218 01:10:52.903539   15704 watch.go:40] Failed to load config from "f:\\campus-management-system\\dataconnect": could not find dataconnect.yaml in `f:\campus-management-system\dataconnect`
 {"metadata":{"emulator":{"name":"dataconnect"},"message":"E0218 01:10:52.903539   15704 watch.go:40] Failed to load config from \"f:\\\\campus-management-system\\\\dataconnect\": could not find dataconnect.yaml in `f:\\campus-management-system\\dataconnect`\n"}}
[debug] [2026-02-17T17:11:02.903Z] E0218 01:11:02.903554   15704 watch.go:116] watchAllDir unable to walk dir `f:\campus-management-system\dataconnect`: CreateFile f:\campus-management-system\dataconnect: The system cannot find the file specified.
E0218 01:11:02.903554   15704 watch.go:40] Failed to load config from "f:\\campus-management-system\\dataconnect": could not find dataconnect.yaml in `f:\campus-management-system\dataconnect`
 {"metadata":{"emulator":{"name":"dataconnect"},"message":"E0218 01:11:02.903554   15704 watch.go:116] watchAllDir unable to walk dir `f:\\campus-management-system\\dataconnect`: CreateFile f:\\campus-management-system\\dataconnect: The system cannot find the file specified.\nE0218 01:11:02.903554   15704 watch.go:40] Failed to load config from \"f:\\\\campus-management-system\\\\dataconnect\": could not find dataconnect.yaml in `f:\\campus-management-system\\dataconnect`\n"}}
[debug] [2026-02-17T17:11:12.903Z] E0218 01:11:12.903748   15704 watch.go:40] Failed to load config from "f:\\campus-management-system\\dataconnect": could not find dataconnect.yaml in `f:\campus-management-system\dataconnect`
 {"metadata":{"emulator":{"name":"dataconnect"},"message":"E0218 01:11:12.903748   15704 watch.go:40] Failed to load config from \"f:\\\\campus-management-system\\\\dataconnect\": could not find dataconnect.yaml in `f:\\campus-management-system\\dataconnect`\n"}}
[debug] [2026-02-17T17:11:22.903Z] E0218 01:11:22.903859   15704 watch.go:40] Failed to load config from "f:\\campus-management-system\\dataconnect": could not find dataconnect.yaml in `f:\campus-management-system\dataconnect`
 {"metadata":{"emulator":{"name":"dataconnect"},"message":"E0218 01:11:22.903859   15704 watch.go:40] Failed to load config from \"f:\\\\campus-management-system\\\\dataconnect\": could not find dataconnect.yaml in `f:\\campus-management-system\\dataconnect`\n"}}
[debug] [2026-02-17T17:11:32.903Z] E0218 01:11:32.903553   15704 watch.go:40] Failed to load config from "f:\\campus-management-system\\dataconnect": could not find dataconnect.yaml in `f:\campus-management-system\dataconnect`
 {"metadata":{"emulator":{"name":"dataconnect"},"message":"E0218 01:11:32.903553   15704 watch.go:40] Failed to load config from \"f:\\\\campus-management-system\\\\dataconnect\": could not find dataconnect.yaml in `f:\\campus-management-system\\dataconnect`\n"}}
[debug] [2026-02-17T17:11:42.903Z] E0218 01:11:42.903845   15704 watch.go:40] Failed to load config from "f:\\campus-management-system\\dataconnect": could not find dataconnect.yaml in `f:\campus-management-system\dataconnect`
 {"metadata":{"emulator":{"name":"dataconnect"},"message":"E0218 01:11:42.903845   15704 watch.go:40] Failed to load config from \"f:\\\\campus-management-system\\\\dataconnect\": could not find dataconnect.yaml in `f:\\campus-management-system\\dataconnect`\n"}}
[debug] [2026-02-17T17:11:52.903Z] E0218 01:11:52.903819   15704 watch.go:40] Failed to load config from "f:\\campus-management-system\\dataconnect": could not find dataconnect.yaml in `f:\campus-management-system\dataconnect`
 {"metadata":{"emulator":{"name":"dataconnect"},"message":"E0218 01:11:52.903819   15704 watch.go:40] Failed to load config from \"f:\\\\campus-management-system\\\\dataconnect\": could not find dataconnect.yaml in `f:\\campus-management-system\\dataconnect`\n"}}
[debug] [2026-02-17T17:12:02.904Z] E0218 01:12:02.904029   15704 watch.go:40] Failed to load config from "f:\\campus-management-system\\dataconnect": could not find dataconnect.yaml in `f:\campus-management-system\dataconnect`
E0218 01:12:02.904029   15704 watch.go:116] watchAllDir unable to walk dir `f:\campus-management-system\dataconnect`: CreateFile f:\campus-management-system\dataconnect: The system cannot find the file specified.
 {"metadata":{"emulator":{"name":"dataconnect"},"message":"E0218 01:12:02.904029   15704 watch.go:40] Failed to load config from \"f:\\\\campus-management-system\\\\dataconnect\": could not find dataconnect.yaml in `f:\\campus-management-system\\dataconnect`\nE0218 01:12:02.904029   15704 watch.go:116] watchAllDir unable to walk dir `f:\\campus-management-system\\dataconnect`: CreateFile f:\\campus-management-system\\dataconnect: The system cannot find the file specified.\n"}}
[debug] [2026-02-17T17:12:12.903Z] E0218 01:12:12.903937   15704 watch.go:40] Failed to load config from "f:\\campus-management-system\\dataconnect": could not find dataconnect.yaml in `f:\campus-management-system\dataconnect`
 {"metadata":{"emulator":{"name":"dataconnect"},"message":"E0218 01:12:12.903937   15704 watch.go:40] Failed to load config from \"f:\\\\campus-management-system\\\\dataconnect\": could not find dataconnect.yaml in `f:\\campus-management-system\\dataconnect`\n"}}
[debug] [2026-02-17T17:12:22.903Z] E0218 01:12:22.903966   15704 watch.go:40] Failed to load config from "f:\\campus-management-system\\dataconnect": could not find dataconnect.yaml in `f:\campus-management-system\dataconnect`
 {"metadata":{"emulator":{"name":"dataconnect"},"message":"E0218 01:12:22.903966   15704 watch.go:40] Failed to load config from \"f:\\\\campus-management-system\\\\dataconnect\": could not find dataconnect.yaml in `f:\\campus-management-system\\dataconnect`\n"}}
[debug] [2026-02-17T17:12:32.903Z] E0218 01:12:32.903662   15704 watch.go:40] Failed to load config from "f:\\campus-management-system\\dataconnect": could not find dataconnect.yaml in `f:\campus-management-system\dataconnect`
 {"metadata":{"emulator":{"name":"dataconnect"},"message":"E0218 01:12:32.903662   15704 watch.go:40] Failed to load config from \"f:\\\\campus-management-system\\\\dataconnect\": could not find dataconnect.yaml in `f:\\campus-management-system\\dataconnect`\n"}}
[debug] [2026-02-17T17:12:42.903Z] E0218 01:12:42.903622   15704 watch.go:40] Failed to load config from "f:\\campus-management-system\\dataconnect": could not find dataconnect.yaml in `f:\campus-management-system\dataconnect`
 {"metadata":{"emulator":{"name":"dataconnect"},"message":"E0218 01:12:42.903622   15704 watch.go:40] Failed to load config from \"f:\\\\campus-management-system\\\\dataconnect\": could not find dataconnect.yaml in `f:\\campus-management-system\\dataconnect`\n"}}
[debug] [2026-02-17T17:12:52.903Z] E0218 01:12:52.903950   15704 watch.go:40] Failed to load config from "f:\\campus-management-system\\dataconnect": could not find dataconnect.yaml in `f:\campus-management-system\dataconnect`
 {"metadata":{"emulator":{"name":"dataconnect"},"message":"E0218 01:12:52.903950   15704 watch.go:40] Failed to load config from \"f:\\\\campus-management-system\\\\dataconnect\": could not find dataconnect.yaml in `f:\\campus-management-system\\dataconnect`\n"}}
[debug] [2026-02-17T17:13:02.903Z] E0218 01:13:02.903931   15704 watch.go:116] watchAllDir unable to walk dir `f:\campus-management-system\dataconnect`: CreateFile f:\campus-management-system\dataconnect: The system cannot find the file specified.
E0218 01:13:02.903931   15704 watch.go:40] Failed to load config from "f:\\campus-management-system\\dataconnect": could not find dataconnect.yaml in `f:\campus-management-system\dataconnect`
 {"metadata":{"emulator":{"name":"dataconnect"},"message":"E0218 01:13:02.903931   15704 watch.go:116] watchAllDir unable to walk dir `f:\\campus-management-system\\dataconnect`: CreateFile f:\\campus-management-system\\dataconnect: The system cannot find the file specified.\nE0218 01:13:02.903931   15704 watch.go:40] Failed to load config from \"f:\\\\campus-management-system\\\\dataconnect\": could not find dataconnect.yaml in `f:\\campus-management-system\\dataconnect`\n"}}
[debug] [2026-02-17T17:13:12.903Z] E0218 01:13:12.903873   15704 watch.go:40] Failed to load config from "f:\\campus-management-system\\dataconnect": could not find dataconnect.yaml in `f:\campus-management-system\dataconnect`
 {"metadata":{"emulator":{"name":"dataconnect"},"message":"E0218 01:13:12.903873   15704 watch.go:40] Failed to load config from \"f:\\\\campus-management-system\\\\dataconnect\": could not find dataconnect.yaml in `f:\\campus-management-system\\dataconnect`\n"}}
[debug] [2026-02-17T17:13:22.904Z] E0218 01:13:22.903775   15704 watch.go:40] Failed to load config from "f:\\campus-management-system\\dataconnect": could not find dataconnect.yaml in `f:\campus-management-system\dataconnect`
 {"metadata":{"emulator":{"name":"dataconnect"},"message":"E0218 01:13:22.903775   15704 watch.go:40] Failed to load config from \"f:\\\\campus-management-system\\\\dataconnect\": could not find dataconnect.yaml in `f:\\campus-management-system\\dataconnect`\n"}}
[debug] [2026-02-17T17:13:32.904Z] E0218 01:13:32.903929   15704 watch.go:40] Failed to load config from "f:\\campus-management-system\\dataconnect": could not find dataconnect.yaml in `f:\campus-management-system\dataconnect`
 {"metadata":{"emulator":{"name":"dataconnect"},"message":"E0218 01:13:32.903929   15704 watch.go:40] Failed to load config from \"f:\\\\campus-management-system\\\\dataconnect\": could not find dataconnect.yaml in `f:\\campus-management-system\\dataconnect`\n"}}
[debug] [2026-02-17T17:13:42.904Z] E0218 01:13:42.903895   15704 watch.go:40] Failed to load config from "f:\\campus-management-system\\dataconnect": could not find dataconnect.yaml in `f:\campus-management-system\dataconnect`
 {"metadata":{"emulator":{"name":"dataconnect"},"message":"E0218 01:13:42.903895   15704 watch.go:40] Failed to load config from \"f:\\\\campus-management-system\\\\dataconnect\": could not find dataconnect.yaml in `f:\\campus-management-system\\dataconnect`\n"}}
[debug] [2026-02-17T17:13:52.903Z] E0218 01:13:52.903566   15704 watch.go:40] Failed to load config from "f:\\campus-management-system\\dataconnect": could not find dataconnect.yaml in `f:\campus-management-system\dataconnect`
 {"metadata":{"emulator":{"name":"dataconnect"},"message":"E0218 01:13:52.903566   15704 watch.go:40] Failed to load config from \"f:\\\\campus-management-system\\\\dataconnect\": could not find dataconnect.yaml in `f:\\campus-management-system\\dataconnect`\n"}}
[debug] [2026-02-17T17:14:02.903Z] E0218 01:14:02.903722   15704 watch.go:116] watchAllDir unable to walk dir `f:\campus-management-system\dataconnect`: CreateFile f:\campus-management-system\dataconnect: The system cannot find the file specified.
E0218 01:14:02.903722   15704 watch.go:40] Failed to load config from "f:\\campus-management-system\\dataconnect": could not find dataconnect.yaml in `f:\campus-management-system\dataconnect`
 {"metadata":{"emulator":{"name":"dataconnect"},"message":"E0218 01:14:02.903722   15704 watch.go:116] watchAllDir unable to walk dir `f:\\campus-management-system\\dataconnect`: CreateFile f:\\campus-management-system\\dataconnect: The system cannot find the file specified.\nE0218 01:14:02.903722   15704 watch.go:40] Failed to load config from \"f:\\\\campus-management-system\\\\dataconnect\": could not find dataconnect.yaml in `f:\\campus-management-system\\dataconnect`\n"}}
[debug] [2026-02-17T17:14:12.904Z] E0218 01:14:12.903830   15704 watch.go:40] Failed to load config from "f:\\campus-management-system\\dataconnect": could not find dataconnect.yaml in `f:\campus-management-system\dataconnect`
 {"metadata":{"emulator":{"name":"dataconnect"},"message":"E0218 01:14:12.903830   15704 watch.go:40] Failed to load config from \"f:\\\\campus-management-system\\\\dataconnect\": could not find dataconnect.yaml in `f:\\campus-management-system\\dataconnect`\n"}}
[debug] [2026-02-17T17:14:22.904Z] E0218 01:14:22.903804   15704 watch.go:40] Failed to load config from "f:\\campus-management-system\\dataconnect": could not find dataconnect.yaml in `f:\campus-management-system\dataconnect`
 {"metadata":{"emulator":{"name":"dataconnect"},"message":"E0218 01:14:22.903804   15704 watch.go:40] Failed to load config from \"f:\\\\campus-management-system\\\\dataconnect\": could not find dataconnect.yaml in `f:\\campus-management-system\\dataconnect`\n"}}
[debug] [2026-02-17T17:14:32.903Z] E0218 01:14:32.903583   15704 watch.go:40] Failed to load config from "f:\\campus-management-system\\dataconnect": could not find dataconnect.yaml in `f:\campus-management-system\dataconnect`
 {"metadata":{"emulator":{"name":"dataconnect"},"message":"E0218 01:14:32.903583   15704 watch.go:40] Failed to load config from \"f:\\\\campus-management-system\\\\dataconnect\": could not find dataconnect.yaml in `f:\\campus-management-system\\dataconnect`\n"}}
[debug] [2026-02-17T17:14:42.903Z] E0218 01:14:42.903759   15704 watch.go:40] Failed to load config from "f:\\campus-management-system\\dataconnect": could not find dataconnect.yaml in `f:\campus-management-system\dataconnect`
 {"metadata":{"emulator":{"name":"dataconnect"},"message":"E0218 01:14:42.903759   15704 watch.go:40] Failed to load config from \"f:\\\\campus-management-system\\\\dataconnect\": could not find dataconnect.yaml in `f:\\campus-management-system\\dataconnect`\n"}}
[debug] [2026-02-17T17:14:52.903Z] E0218 01:14:52.903588   15704 watch.go:40] Failed to load config from "f:\\campus-management-system\\dataconnect": could not find dataconnect.yaml in `f:\campus-management-system\dataconnect`
 {"metadata":{"emulator":{"name":"dataconnect"},"message":"E0218 01:14:52.903588   15704 watch.go:40] Failed to load config from \"f:\\\\campus-management-system\\\\dataconnect\": could not find dataconnect.yaml in `f:\\campus-management-system\\dataconnect`\n"}}
[debug] [2026-02-17T17:15:02.903Z] E0218 01:15:02.903831   15704 watch.go:40] Failed to load config from "f:\\campus-management-system\\dataconnect": could not find dataconnect.yaml in `f:\campus-management-system\dataconnect`
E0218 01:15:02.903831   15704 watch.go:116] watchAllDir unable to walk dir `f:\campus-management-system\dataconnect`: CreateFile f:\campus-management-system\dataconnect: The system cannot find the file specified.
 {"metadata":{"emulator":{"name":"dataconnect"},"message":"E0218 01:15:02.903831   15704 watch.go:40] Failed to load config from \"f:\\\\campus-management-system\\\\dataconnect\": could not find dataconnect.yaml in `f:\\campus-management-system\\dataconnect`\nE0218 01:15:02.903831   15704 watch.go:116] watchAllDir unable to walk dir `f:\\campus-management-system\\dataconnect`: CreateFile f:\\campus-management-system\\dataconnect: The system cannot find the file specified.\n"}}
[debug] [2026-02-17T17:15:12.903Z] E0218 01:15:12.903658   15704 watch.go:40] Failed to load config from "f:\\campus-management-system\\dataconnect": could not find dataconnect.yaml in `f:\campus-management-system\dataconnect`
 {"metadata":{"emulator":{"name":"dataconnect"},"message":"E0218 01:15:12.903658   15704 watch.go:40] Failed to load config from \"f:\\\\campus-management-system\\\\dataconnect\": could not find dataconnect.yaml in `f:\\campus-management-system\\dataconnect`\n"}}
[debug] [2026-02-17T17:15:22.903Z] E0218 01:15:22.903910   15704 watch.go:40] Failed to load config from "f:\\campus-management-system\\dataconnect": could not find dataconnect.yaml in `f:\campus-management-system\dataconnect`
 {"metadata":{"emulator":{"name":"dataconnect"},"message":"E0218 01:15:22.903910   15704 watch.go:40] Failed to load config from \"f:\\\\campus-management-system\\\\dataconnect\": could not find dataconnect.yaml in `f:\\campus-management-system\\dataconnect`\n"}}
[debug] [2026-02-17T17:15:32.904Z] E0218 01:15:32.904034   15704 watch.go:40] Failed to load config from "f:\\campus-management-system\\dataconnect": could not find dataconnect.yaml in `f:\campus-management-system\dataconnect`
 {"metadata":{"emulator":{"name":"dataconnect"},"message":"E0218 01:15:32.904034   15704 watch.go:40] Failed to load config from \"f:\\\\campus-management-system\\\\dataconnect\": could not find dataconnect.yaml in `f:\\campus-management-system\\dataconnect`\n"}}
[debug] [2026-02-17T17:15:42.904Z] E0218 01:15:42.904044   15704 watch.go:40] Failed to load config from "f:\\campus-management-system\\dataconnect": could not find dataconnect.yaml in `f:\campus-management-system\dataconnect`
 {"metadata":{"emulator":{"name":"dataconnect"},"message":"E0218 01:15:42.904044   15704 watch.go:40] Failed to load config from \"f:\\\\campus-management-system\\\\dataconnect\": could not find dataconnect.yaml in `f:\\campus-management-system\\dataconnect`\n"}}
[debug] [2026-02-17T17:15:52.903Z] E0218 01:15:52.903843   15704 watch.go:40] Failed to load config from "f:\\campus-management-system\\dataconnect": could not find dataconnect.yaml in `f:\campus-management-system\dataconnect`
 {"metadata":{"emulator":{"name":"dataconnect"},"message":"E0218 01:15:52.903843   15704 watch.go:40] Failed to load config from \"f:\\\\campus-management-system\\\\dataconnect\": could not find dataconnect.yaml in `f:\\campus-management-system\\dataconnect`\n"}}
[debug] [2026-02-17T17:16:02.903Z] E0218 01:16:02.903659   15704 watch.go:116] watchAllDir unable to walk dir `f:\campus-management-system\dataconnect`: CreateFile f:\campus-management-system\dataconnect: The system cannot find the file specified.
E0218 01:16:02.903659   15704 watch.go:40] Failed to load config from "f:\\campus-management-system\\dataconnect": could not find dataconnect.yaml in `f:\campus-management-system\dataconnect`
 {"metadata":{"emulator":{"name":"dataconnect"},"message":"E0218 01:16:02.903659   15704 watch.go:116] watchAllDir unable to walk dir `f:\\campus-management-system\\dataconnect`: CreateFile f:\\campus-management-system\\dataconnect: The system cannot find the file specified.\nE0218 01:16:02.903659   15704 watch.go:40] Failed to load config from \"f:\\\\campus-management-system\\\\dataconnect\": could not find dataconnect.yaml in `f:\\campus-management-system\\dataconnect`\n"}}
[debug] [2026-02-17T17:16:12.903Z] E0218 01:16:12.903566   15704 watch.go:40] Failed to load config from "f:\\campus-management-system\\dataconnect": could not find dataconnect.yaml in `f:\campus-management-system\dataconnect`
 {"metadata":{"emulator":{"name":"dataconnect"},"message":"E0218 01:16:12.903566   15704 watch.go:40] Failed to load config from \"f:\\\\campus-management-system\\\\dataconnect\": could not find dataconnect.yaml in `f:\\campus-management-system\\dataconnect`\n"}}
[debug] [2026-02-17T17:16:22.903Z] E0218 01:16:22.903723   15704 watch.go:40] Failed to load config from "f:\\campus-management-system\\dataconnect": could not find dataconnect.yaml in `f:\campus-management-system\dataconnect`
 {"metadata":{"emulator":{"name":"dataconnect"},"message":"E0218 01:16:22.903723   15704 watch.go:40] Failed to load config from \"f:\\\\campus-management-system\\\\dataconnect\": could not find dataconnect.yaml in `f:\\campus-management-system\\dataconnect`\n"}}
[debug] [2026-02-17T17:16:32.903Z] E0218 01:16:32.903953   15704 watch.go:40] Failed to load config from "f:\\campus-management-system\\dataconnect": could not find dataconnect.yaml in `f:\campus-management-system\dataconnect`
 {"metadata":{"emulator":{"name":"dataconnect"},"message":"E0218 01:16:32.903953   15704 watch.go:40] Failed to load config from \"f:\\\\campus-management-system\\\\dataconnect\": could not find dataconnect.yaml in `f:\\campus-management-system\\dataconnect`\n"}}
[debug] [2026-02-17T17:16:42.903Z] E0218 01:16:42.903535   15704 watch.go:40] Failed to load config from "f:\\campus-management-system\\dataconnect": could not find dataconnect.yaml in `f:\campus-management-system\dataconnect`
 {"metadata":{"emulator":{"name":"dataconnect"},"message":"E0218 01:16:42.903535   15704 watch.go:40] Failed to load config from \"f:\\\\campus-management-system\\\\dataconnect\": could not find dataconnect.yaml in `f:\\campus-management-system\\dataconnect`\n"}}
[debug] [2026-02-17T17:16:52.903Z] E0218 01:16:52.903568   15704 watch.go:40] Failed to load config from "f:\\campus-management-system\\dataconnect": could not find dataconnect.yaml in `f:\campus-management-system\dataconnect`
 {"metadata":{"emulator":{"name":"dataconnect"},"message":"E0218 01:16:52.903568   15704 watch.go:40] Failed to load config from \"f:\\\\campus-management-system\\\\dataconnect\": could not find dataconnect.yaml in `f:\\campus-management-system\\dataconnect`\n"}}
[debug] [2026-02-17T17:17:02.903Z] E0218 01:17:02.903674   15704 watch.go:116] watchAllDir unable to walk dir `f:\campus-management-system\dataconnect`: CreateFile f:\campus-management-system\dataconnect: The system cannot find the file specified.
E0218 01:17:02.903674   15704 watch.go:40] Failed to load config from "f:\\campus-management-system\\dataconnect": could not find dataconnect.yaml in `f:\campus-management-system\dataconnect`
 {"metadata":{"emulator":{"name":"dataconnect"},"message":"E0218 01:17:02.903674   15704 watch.go:116] watchAllDir unable to walk dir `f:\\campus-management-system\\dataconnect`: CreateFile f:\\campus-management-system\\dataconnect: The system cannot find the file specified.\nE0218 01:17:02.903674   15704 watch.go:40] Failed to load config from \"f:\\\\campus-management-system\\\\dataconnect\": could not find dataconnect.yaml in `f:\\campus-management-system\\dataconnect`\n"}}
[debug] [2026-02-17T17:17:12.904Z] E0218 01:17:12.904076   15704 watch.go:40] Failed to load config from "f:\\campus-management-system\\dataconnect": could not find dataconnect.yaml in `f:\campus-management-system\dataconnect`
 {"metadata":{"emulator":{"name":"dataconnect"},"message":"E0218 01:17:12.904076   15704 watch.go:40] Failed to load config from \"f:\\\\campus-management-system\\\\dataconnect\": could not find dataconnect.yaml in `f:\\campus-management-system\\dataconnect`\n"}}
[debug] [2026-02-17T17:17:22.904Z] E0218 01:17:22.903980   15704 watch.go:40] Failed to load config from "f:\\campus-management-system\\dataconnect": could not find dataconnect.yaml in `f:\campus-management-system\dataconnect`
 {"metadata":{"emulator":{"name":"dataconnect"},"message":"E0218 01:17:22.903980   15704 watch.go:40] Failed to load config from \"f:\\\\campus-management-system\\\\dataconnect\": could not find dataconnect.yaml in `f:\\campus-management-system\\dataconnect`\n"}}
[debug] [2026-02-17T17:17:32.904Z] E0218 01:17:32.904038   15704 watch.go:40] Failed to load config from "f:\\campus-management-system\\dataconnect": could not find dataconnect.yaml in `f:\campus-management-system\dataconnect`
 {"metadata":{"emulator":{"name":"dataconnect"},"message":"E0218 01:17:32.904038   15704 watch.go:40] Failed to load config from \"f:\\\\campus-management-system\\\\dataconnect\": could not find dataconnect.yaml in `f:\\campus-management-system\\dataconnect`\n"}}
[debug] [2026-02-17T17:17:42.903Z] E0218 01:17:42.903763   15704 watch.go:40] Failed to load config from "f:\\campus-management-system\\dataconnect": could not find dataconnect.yaml in `f:\campus-management-system\dataconnect`
 {"metadata":{"emulator":{"name":"dataconnect"},"message":"E0218 01:17:42.903763   15704 watch.go:40] Failed to load config from \"f:\\\\campus-management-system\\\\dataconnect\": could not find dataconnect.yaml in `f:\\campus-management-system\\dataconnect`\n"}}
[debug] [2026-02-17T17:17:52.903Z] E0218 01:17:52.903962   15704 watch.go:40] Failed to load config from "f:\\campus-management-system\\dataconnect": could not find dataconnect.yaml in `f:\campus-management-system\dataconnect`
 {"metadata":{"emulator":{"name":"dataconnect"},"message":"E0218 01:17:52.903962   15704 watch.go:40] Failed to load config from \"f:\\\\campus-management-system\\\\dataconnect\": could not find dataconnect.yaml in `f:\\campus-management-system\\dataconnect`\n"}}
[debug] [2026-02-17T17:18:02.903Z] E0218 01:18:02.903542   15704 watch.go:116] watchAllDir unable to walk dir `f:\campus-management-system\dataconnect`: CreateFile f:\campus-management-system\dataconnect: The system cannot find the file specified.
E0218 01:18:02.903542   15704 watch.go:40] Failed to load config from "f:\\campus-management-system\\dataconnect": could not find dataconnect.yaml in `f:\campus-management-system\dataconnect`
 {"metadata":{"emulator":{"name":"dataconnect"},"message":"E0218 01:18:02.903542   15704 watch.go:116] watchAllDir unable to walk dir `f:\\campus-management-system\\dataconnect`: CreateFile f:\\campus-management-system\\dataconnect: The system cannot find the file specified.\nE0218 01:18:02.903542   15704 watch.go:40] Failed to load config from \"f:\\\\campus-management-system\\\\dataconnect\": could not find dataconnect.yaml in `f:\\campus-management-system\\dataconnect`\n"}}
[debug] [2026-02-17T17:18:12.903Z] E0218 01:18:12.903664   15704 watch.go:40] Failed to load config from "f:\\campus-management-system\\dataconnect": could not find dataconnect.yaml in `f:\campus-management-system\dataconnect`
 {"metadata":{"emulator":{"name":"dataconnect"},"message":"E0218 01:18:12.903664   15704 watch.go:40] Failed to load config from \"f:\\\\campus-management-system\\\\dataconnect\": could not find dataconnect.yaml in `f:\\campus-management-system\\dataconnect`\n"}}
[debug] [2026-02-17T17:18:22.903Z] E0218 01:18:22.903835   15704 watch.go:40] Failed to load config from "f:\\campus-management-system\\dataconnect": could not find dataconnect.yaml in `f:\campus-management-system\dataconnect`
 {"metadata":{"emulator":{"name":"dataconnect"},"message":"E0218 01:18:22.903835   15704 watch.go:40] Failed to load config from \"f:\\\\campus-management-system\\\\dataconnect\": could not find dataconnect.yaml in `f:\\campus-management-system\\dataconnect`\n"}}
[debug] [2026-02-17T17:18:32.903Z] E0218 01:18:32.903905   15704 watch.go:40] Failed to load config from "f:\\campus-management-system\\dataconnect": could not find dataconnect.yaml in `f:\campus-management-system\dataconnect`
 {"metadata":{"emulator":{"name":"dataconnect"},"message":"E0218 01:18:32.903905   15704 watch.go:40] Failed to load config from \"f:\\\\campus-management-system\\\\dataconnect\": could not find dataconnect.yaml in `f:\\campus-management-system\\dataconnect`\n"}}
[debug] [2026-02-17T17:18:42.903Z] E0218 01:18:42.903645   15704 watch.go:40] Failed to load config from "f:\\campus-management-system\\dataconnect": could not find dataconnect.yaml in `f:\campus-management-system\dataconnect`
 {"metadata":{"emulator":{"name":"dataconnect"},"message":"E0218 01:18:42.903645   15704 watch.go:40] Failed to load config from \"f:\\\\campus-management-system\\\\dataconnect\": could not find dataconnect.yaml in `f:\\campus-management-system\\dataconnect`\n"}}
[debug] [2026-02-17T17:18:52.903Z] E0218 01:18:52.903543   15704 watch.go:40] Failed to load config from "f:\\campus-management-system\\dataconnect": could not find dataconnect.yaml in `f:\campus-management-system\dataconnect`
 {"metadata":{"emulator":{"name":"dataconnect"},"message":"E0218 01:18:52.903543   15704 watch.go:40] Failed to load config from \"f:\\\\campus-management-system\\\\dataconnect\": could not find dataconnect.yaml in `f:\\campus-management-system\\dataconnect`\n"}}
[debug] [2026-02-17T17:19:02.903Z] E0218 01:19:02.903671   15704 watch.go:116] watchAllDir unable to walk dir `f:\campus-management-system\dataconnect`: CreateFile f:\campus-management-system\dataconnect: The system cannot find the file specified.
E0218 01:19:02.903671   15704 watch.go:40] Failed to load config from "f:\\campus-management-system\\dataconnect": could not find dataconnect.yaml in `f:\campus-management-system\dataconnect`
 {"metadata":{"emulator":{"name":"dataconnect"},"message":"E0218 01:19:02.903671   15704 watch.go:116] watchAllDir unable to walk dir `f:\\campus-management-system\\dataconnect`: CreateFile f:\\campus-management-system\\dataconnect: The system cannot find the file specified.\nE0218 01:19:02.903671   15704 watch.go:40] Failed to load config from \"f:\\\\campus-management-system\\\\dataconnect\": could not find dataconnect.yaml in `f:\\campus-management-system\\dataconnect`\n"}}
[debug] [2026-02-17T17:19:12.903Z] E0218 01:19:12.903909   15704 watch.go:40] Failed to load config from "f:\\campus-management-system\\dataconnect": could not find dataconnect.yaml in `f:\campus-management-system\dataconnect`
 {"metadata":{"emulator":{"name":"dataconnect"},"message":"E0218 01:19:12.903909   15704 watch.go:40] Failed to load config from \"f:\\\\campus-management-system\\\\dataconnect\": could not find dataconnect.yaml in `f:\\campus-management-system\\dataconnect`\n"}}
[debug] [2026-02-17T17:19:22.903Z] E0218 01:19:22.903569   15704 watch.go:40] Failed to load config from "f:\\campus-management-system\\dataconnect": could not find dataconnect.yaml in `f:\campus-management-system\dataconnect`
 {"metadata":{"emulator":{"name":"dataconnect"},"message":"E0218 01:19:22.903569   15704 watch.go:40] Failed to load config from \"f:\\\\campus-management-system\\\\dataconnect\": could not find dataconnect.yaml in `f:\\campus-management-system\\dataconnect`\n"}}
[debug] [2026-02-17T17:19:32.903Z] E0218 01:19:32.903679   15704 watch.go:40] Failed to load config from "f:\\campus-management-system\\dataconnect": could not find dataconnect.yaml in `f:\campus-management-system\dataconnect`
 {"metadata":{"emulator":{"name":"dataconnect"},"message":"E0218 01:19:32.903679   15704 watch.go:40] Failed to load config from \"f:\\\\campus-management-system\\\\dataconnect\": could not find dataconnect.yaml in `f:\\campus-management-system\\dataconnect`\n"}}
[debug] [2026-02-17T17:19:42.903Z] E0218 01:19:42.903554   15704 watch.go:40] Failed to load config from "f:\\campus-management-system\\dataconnect": could not find dataconnect.yaml in `f:\campus-management-system\dataconnect`
 {"metadata":{"emulator":{"name":"dataconnect"},"message":"E0218 01:19:42.903554   15704 watch.go:40] Failed to load config from \"f:\\\\campus-management-system\\\\dataconnect\": could not find dataconnect.yaml in `f:\\campus-management-system\\dataconnect`\n"}}
[debug] [2026-02-17T17:19:52.903Z] E0218 01:19:52.903557   15704 watch.go:40] Failed to load config from "f:\\campus-management-system\\dataconnect": could not find dataconnect.yaml in `f:\campus-management-system\dataconnect`
 {"metadata":{"emulator":{"name":"dataconnect"},"message":"E0218 01:19:52.903557   15704 watch.go:40] Failed to load config from \"f:\\\\campus-management-system\\\\dataconnect\": could not find dataconnect.yaml in `f:\\campus-management-system\\dataconnect`\n"}}
[debug] [2026-02-17T17:20:02.903Z] E0218 01:20:02.903729   15704 watch.go:116] watchAllDir unable to walk dir `f:\campus-management-system\dataconnect`: CreateFile f:\campus-management-system\dataconnect: The system cannot find the file specified.
E0218 01:20:02.903729   15704 watch.go:40] Failed to load config from "f:\\campus-management-system\\dataconnect": could not find dataconnect.yaml in `f:\campus-management-system\dataconnect`
 {"metadata":{"emulator":{"name":"dataconnect"},"message":"E0218 01:20:02.903729   15704 watch.go:116] watchAllDir unable to walk dir `f:\\campus-management-system\\dataconnect`: CreateFile f:\\campus-management-system\\dataconnect: The system cannot find the file specified.\nE0218 01:20:02.903729   15704 watch.go:40] Failed to load config from \"f:\\\\campus-management-system\\\\dataconnect\": could not find dataconnect.yaml in `f:\\campus-management-system\\dataconnect`\n"}}
[debug] [2026-02-17T17:20:12.903Z] E0218 01:20:12.903866   15704 watch.go:40] Failed to load config from "f:\\campus-management-system\\dataconnect": could not find dataconnect.yaml in `f:\campus-management-system\dataconnect`
 {"metadata":{"emulator":{"name":"dataconnect"},"message":"E0218 01:20:12.903866   15704 watch.go:40] Failed to load config from \"f:\\\\campus-management-system\\\\dataconnect\": could not find dataconnect.yaml in `f:\\campus-management-system\\dataconnect`\n"}}
[debug] [2026-02-17T17:20:22.903Z] E0218 01:20:22.903553   15704 watch.go:40] Failed to load config from "f:\\campus-management-system\\dataconnect": could not find dataconnect.yaml in `f:\campus-management-system\dataconnect`
 {"metadata":{"emulator":{"name":"dataconnect"},"message":"E0218 01:20:22.903553   15704 watch.go:40] Failed to load config from \"f:\\\\campus-management-system\\\\dataconnect\": could not find dataconnect.yaml in `f:\\campus-management-system\\dataconnect`\n"}}
[debug] [2026-02-17T17:20:32.903Z] E0218 01:20:32.903878   15704 watch.go:40] Failed to load config from "f:\\campus-management-system\\dataconnect": could not find dataconnect.yaml in `f:\campus-management-system\dataconnect`
 {"metadata":{"emulator":{"name":"dataconnect"},"message":"E0218 01:20:32.903878   15704 watch.go:40] Failed to load config from \"f:\\\\campus-management-system\\\\dataconnect\": could not find dataconnect.yaml in `f:\\campus-management-system\\dataconnect`\n"}}
[debug] [2026-02-17T17:20:42.903Z] E0218 01:20:42.903535   15704 watch.go:40] Failed to load config from "f:\\campus-management-system\\dataconnect": could not find dataconnect.yaml in `f:\campus-management-system\dataconnect`
 {"metadata":{"emulator":{"name":"dataconnect"},"message":"E0218 01:20:42.903535   15704 watch.go:40] Failed to load config from \"f:\\\\campus-management-system\\\\dataconnect\": could not find dataconnect.yaml in `f:\\campus-management-system\\dataconnect`\n"}}
[debug] [2026-02-17T17:20:52.903Z] E0218 01:20:52.903764   15704 watch.go:40] Failed to load config from "f:\\campus-management-system\\dataconnect": could not find dataconnect.yaml in `f:\campus-management-system\dataconnect`
 {"metadata":{"emulator":{"name":"dataconnect"},"message":"E0218 01:20:52.903764   15704 watch.go:40] Failed to load config from \"f:\\\\campus-management-system\\\\dataconnect\": could not find dataconnect.yaml in `f:\\campus-management-system\\dataconnect`\n"}}
[debug] [2026-02-17T17:21:02.903Z] E0218 01:21:02.903879   15704 watch.go:116] watchAllDir unable to walk dir `f:\campus-management-system\dataconnect`: CreateFile f:\campus-management-system\dataconnect: The system cannot find the file specified.
E0218 01:21:02.903879   15704 watch.go:40] Failed to load config from "f:\\campus-management-system\\dataconnect": could not find dataconnect.yaml in `f:\campus-management-system\dataconnect`
 {"metadata":{"emulator":{"name":"dataconnect"},"message":"E0218 01:21:02.903879   15704 watch.go:116] watchAllDir unable to walk dir `f:\\campus-management-system\\dataconnect`: CreateFile f:\\campus-management-system\\dataconnect: The system cannot find the file specified.\nE0218 01:21:02.903879   15704 watch.go:40] Failed to load config from \"f:\\\\campus-management-system\\\\dataconnect\": could not find dataconnect.yaml in `f:\\campus-management-system\\dataconnect`\n"}}
[debug] [2026-02-17T17:21:12.903Z] E0218 01:21:12.903678   15704 watch.go:40] Failed to load config from "f:\\campus-management-system\\dataconnect": could not find dataconnect.yaml in `f:\campus-management-system\dataconnect`
 {"metadata":{"emulator":{"name":"dataconnect"},"message":"E0218 01:21:12.903678   15704 watch.go:40] Failed to load config from \"f:\\\\campus-management-system\\\\dataconnect\": could not find dataconnect.yaml in `f:\\campus-management-system\\dataconnect`\n"}}
[debug] [2026-02-17T17:21:22.903Z] E0218 01:21:22.903542   15704 watch.go:40] Failed to load config from "f:\\campus-management-system\\dataconnect": could not find dataconnect.yaml in `f:\campus-management-system\dataconnect`
 {"metadata":{"emulator":{"name":"dataconnect"},"message":"E0218 01:21:22.903542   15704 watch.go:40] Failed to load config from \"f:\\\\campus-management-system\\\\dataconnect\": could not find dataconnect.yaml in `f:\\campus-management-system\\dataconnect`\n"}}
[debug] [2026-02-17T17:21:32.903Z] E0218 01:21:32.903707   15704 watch.go:40] Failed to load config from "f:\\campus-management-system\\dataconnect": could not find dataconnect.yaml in `f:\campus-management-system\dataconnect`
 {"metadata":{"emulator":{"name":"dataconnect"},"message":"E0218 01:21:32.903707   15704 watch.go:40] Failed to load config from \"f:\\\\campus-management-system\\\\dataconnect\": could not find dataconnect.yaml in `f:\\campus-management-system\\dataconnect`\n"}}
[debug] [2026-02-17T17:21:42.903Z] E0218 01:21:42.903969   15704 watch.go:40] Failed to load config from "f:\\campus-management-system\\dataconnect": could not find dataconnect.yaml in `f:\campus-management-system\dataconnect`
 {"metadata":{"emulator":{"name":"dataconnect"},"message":"E0218 01:21:42.903969   15704 watch.go:40] Failed to load config from \"f:\\\\campus-management-system\\\\dataconnect\": could not find dataconnect.yaml in `f:\\campus-management-system\\dataconnect`\n"}}
[debug] [2026-02-17T17:21:52.903Z] E0218 01:21:52.903545   15704 watch.go:40] Failed to load config from "f:\\campus-management-system\\dataconnect": could not find dataconnect.yaml in `f:\campus-management-system\dataconnect`
 {"metadata":{"emulator":{"name":"dataconnect"},"message":"E0218 01:21:52.903545   15704 watch.go:40] Failed to load config from \"f:\\\\campus-management-system\\\\dataconnect\": could not find dataconnect.yaml in `f:\\campus-management-system\\dataconnect`\n"}}
[debug] [2026-02-17T17:22:02.903Z] E0218 01:22:02.903815   15704 watch.go:40] Failed to load config from "f:\\campus-management-system\\dataconnect": could not find dataconnect.yaml in `f:\campus-management-system\dataconnect`
 {"metadata":{"emulator":{"name":"dataconnect"},"message":"E0218 01:22:02.903815   15704 watch.go:40] Failed to load config from \"f:\\\\campus-management-system\\\\dataconnect\": could not find dataconnect.yaml in `f:\\campus-management-system\\dataconnect`\n"}}
[debug] [2026-02-17T17:22:02.904Z] E0218 01:22:02.903815   15704 watch.go:116] watchAllDir unable to walk dir `f:\campus-management-system\dataconnect`: CreateFile f:\campus-management-system\dataconnect: The system cannot find the file specified.
 {"metadata":{"emulator":{"name":"dataconnect"},"message":"E0218 01:22:02.903815   15704 watch.go:116] watchAllDir unable to walk dir `f:\\campus-management-system\\dataconnect`: CreateFile f:\\campus-management-system\\dataconnect: The system cannot find the file specified.\n"}}
[debug] [2026-02-17T17:22:12.903Z] E0218 01:22:12.903569   15704 watch.go:40] Failed to load config from "f:\\campus-management-system\\dataconnect": could not find dataconnect.yaml in `f:\campus-management-system\dataconnect`
 {"metadata":{"emulator":{"name":"dataconnect"},"message":"E0218 01:22:12.903569   15704 watch.go:40] Failed to load config from \"f:\\\\campus-management-system\\\\dataconnect\": could not find dataconnect.yaml in `f:\\campus-management-system\\dataconnect`\n"}}
[debug] [2026-02-17T17:22:22.903Z] E0218 01:22:22.903548   15704 watch.go:40] Failed to load config from "f:\\campus-management-system\\dataconnect": could not find dataconnect.yaml in `f:\campus-management-system\dataconnect`
 {"metadata":{"emulator":{"name":"dataconnect"},"message":"E0218 01:22:22.903548   15704 watch.go:40] Failed to load config from \"f:\\\\campus-management-system\\\\dataconnect\": could not find dataconnect.yaml in `f:\\campus-management-system\\dataconnect`\n"}}
[debug] [2026-02-17T17:22:32.904Z] E0218 01:22:32.904048   15704 watch.go:40] Failed to load config from "f:\\campus-management-system\\dataconnect": could not find dataconnect.yaml in `f:\campus-management-system\dataconnect`
 {"metadata":{"emulator":{"name":"dataconnect"},"message":"E0218 01:22:32.904048   15704 watch.go:40] Failed to load config from \"f:\\\\campus-management-system\\\\dataconnect\": could not find dataconnect.yaml in `f:\\campus-management-system\\dataconnect`\n"}}
[debug] [2026-02-17T17:22:42.903Z] E0218 01:22:42.903536   15704 watch.go:40] Failed to load config from "f:\\campus-management-system\\dataconnect": could not find dataconnect.yaml in `f:\campus-management-system\dataconnect`
 {"metadata":{"emulator":{"name":"dataconnect"},"message":"E0218 01:22:42.903536   15704 watch.go:40] Failed to load config from \"f:\\\\campus-management-system\\\\dataconnect\": could not find dataconnect.yaml in `f:\\campus-management-system\\dataconnect`\n"}}
[debug] [2026-02-17T17:22:52.903Z] E0218 01:22:52.903666   15704 watch.go:40] Failed to load config from "f:\\campus-management-system\\dataconnect": could not find dataconnect.yaml in `f:\campus-management-system\dataconnect`
 {"metadata":{"emulator":{"name":"dataconnect"},"message":"E0218 01:22:52.903666   15704 watch.go:40] Failed to load config from \"f:\\\\campus-management-system\\\\dataconnect\": could not find dataconnect.yaml in `f:\\campus-management-system\\dataconnect`\n"}}
[debug] [2026-02-17T17:23:02.903Z] E0218 01:23:02.903545   15704 watch.go:116] watchAllDir unable to walk dir `f:\campus-management-system\dataconnect`: CreateFile f:\campus-management-system\dataconnect: The system cannot find the file specified.
E0218 01:23:02.903545   15704 watch.go:40] Failed to load config from "f:\\campus-management-system\\dataconnect": could not find dataconnect.yaml in `f:\campus-management-system\dataconnect`
 {"metadata":{"emulator":{"name":"dataconnect"},"message":"E0218 01:23:02.903545   15704 watch.go:116] watchAllDir unable to walk dir `f:\\campus-management-system\\dataconnect`: CreateFile f:\\campus-management-system\\dataconnect: The system cannot find the file specified.\nE0218 01:23:02.903545   15704 watch.go:40] Failed to load config from \"f:\\\\campus-management-system\\\\dataconnect\": could not find dataconnect.yaml in `f:\\campus-management-system\\dataconnect`\n"}}
[debug] [2026-02-17T17:23:12.903Z] E0218 01:23:12.903729   15704 watch.go:40] Failed to load config from "f:\\campus-management-system\\dataconnect": could not find dataconnect.yaml in `f:\campus-management-system\dataconnect`
 {"metadata":{"emulator":{"name":"dataconnect"},"message":"E0218 01:23:12.903729   15704 watch.go:40] Failed to load config from \"f:\\\\campus-management-system\\\\dataconnect\": could not find dataconnect.yaml in `f:\\campus-management-system\\dataconnect`\n"}}
[debug] [2026-02-17T17:23:22.903Z] E0218 01:23:22.903553   15704 watch.go:40] Failed to load config from "f:\\campus-management-system\\dataconnect": could not find dataconnect.yaml in `f:\campus-management-system\dataconnect`
 {"metadata":{"emulator":{"name":"dataconnect"},"message":"E0218 01:23:22.903553   15704 watch.go:40] Failed to load config from \"f:\\\\campus-management-system\\\\dataconnect\": could not find dataconnect.yaml in `f:\\campus-management-system\\dataconnect`\n"}}
[debug] [2026-02-17T17:23:32.903Z] E0218 01:23:32.903694   15704 watch.go:40] Failed to load config from "f:\\campus-management-system\\dataconnect": could not find dataconnect.yaml in `f:\campus-management-system\dataconnect`
 {"metadata":{"emulator":{"name":"dataconnect"},"message":"E0218 01:23:32.903694   15704 watch.go:40] Failed to load config from \"f:\\\\campus-management-system\\\\dataconnect\": could not find dataconnect.yaml in `f:\\campus-management-system\\dataconnect`\n"}}
[debug] [2026-02-17T17:23:42.904Z] E0218 01:23:42.903841   15704 watch.go:40] Failed to load config from "f:\\campus-management-system\\dataconnect": could not find dataconnect.yaml in `f:\campus-management-system\dataconnect`
 {"metadata":{"emulator":{"name":"dataconnect"},"message":"E0218 01:23:42.903841   15704 watch.go:40] Failed to load config from \"f:\\\\campus-management-system\\\\dataconnect\": could not find dataconnect.yaml in `f:\\campus-management-system\\dataconnect`\n"}}
[debug] [2026-02-17T17:23:52.903Z] E0218 01:23:52.903540   15704 watch.go:40] Failed to load config from "f:\\campus-management-system\\dataconnect": could not find dataconnect.yaml in `f:\campus-management-system\dataconnect`
 {"metadata":{"emulator":{"name":"dataconnect"},"message":"E0218 01:23:52.903540   15704 watch.go:40] Failed to load config from \"f:\\\\campus-management-system\\\\dataconnect\": could not find dataconnect.yaml in `f:\\campus-management-system\\dataconnect`\n"}}
[debug] [2026-02-17T17:24:02.903Z] E0218 01:24:02.903553   15704 watch.go:116] watchAllDir unable to walk dir `f:\campus-management-system\dataconnect`: CreateFile f:\campus-management-system\dataconnect: The system cannot find the file specified.
E0218 01:24:02.903553   15704 watch.go:40] Failed to load config from "f:\\campus-management-system\\dataconnect": could not find dataconnect.yaml in `f:\campus-management-system\dataconnect`
 {"metadata":{"emulator":{"name":"dataconnect"},"message":"E0218 01:24:02.903553   15704 watch.go:116] watchAllDir unable to walk dir `f:\\campus-management-system\\dataconnect`: CreateFile f:\\campus-management-system\\dataconnect: The system cannot find the file specified.\nE0218 01:24:02.903553   15704 watch.go:40] Failed to load config from \"f:\\\\campus-management-system\\\\dataconnect\": could not find dataconnect.yaml in `f:\\campus-management-system\\dataconnect`\n"}}
[debug] [2026-02-17T17:24:12.903Z] E0218 01:24:12.903943   15704 watch.go:40] Failed to load config from "f:\\campus-management-system\\dataconnect": could not find dataconnect.yaml in `f:\campus-management-system\dataconnect`
 {"metadata":{"emulator":{"name":"dataconnect"},"message":"E0218 01:24:12.903943   15704 watch.go:40] Failed to load config from \"f:\\\\campus-management-system\\\\dataconnect\": could not find dataconnect.yaml in `f:\\campus-management-system\\dataconnect`\n"}}
[debug] [2026-02-17T17:24:22.904Z] E0218 01:24:22.904026   15704 watch.go:40] Failed to load config from "f:\\campus-management-system\\dataconnect": could not find dataconnect.yaml in `f:\campus-management-system\dataconnect`
 {"metadata":{"emulator":{"name":"dataconnect"},"message":"E0218 01:24:22.904026   15704 watch.go:40] Failed to load config from \"f:\\\\campus-management-system\\\\dataconnect\": could not find dataconnect.yaml in `f:\\campus-management-system\\dataconnect`\n"}}
[debug] [2026-02-17T17:24:32.903Z] E0218 01:24:32.903566   15704 watch.go:40] Failed to load config from "f:\\campus-management-system\\dataconnect": could not find dataconnect.yaml in `f:\campus-management-system\dataconnect`
 {"metadata":{"emulator":{"name":"dataconnect"},"message":"E0218 01:24:32.903566   15704 watch.go:40] Failed to load config from \"f:\\\\campus-management-system\\\\dataconnect\": could not find dataconnect.yaml in `f:\\campus-management-system\\dataconnect`\n"}}
[debug] [2026-02-17T17:24:42.904Z] E0218 01:24:42.903989   15704 watch.go:40] Failed to load config from "f:\\campus-management-system\\dataconnect": could not find dataconnect.yaml in `f:\campus-management-system\dataconnect`
 {"metadata":{"emulator":{"name":"dataconnect"},"message":"E0218 01:24:42.903989   15704 watch.go:40] Failed to load config from \"f:\\\\campus-management-system\\\\dataconnect\": could not find dataconnect.yaml in `f:\\campus-management-system\\dataconnect`\n"}}
[debug] [2026-02-17T17:24:52.903Z] E0218 01:24:52.903686   15704 watch.go:40] Failed to load config from "f:\\campus-management-system\\dataconnect": could not find dataconnect.yaml in `f:\campus-management-system\dataconnect`
 {"metadata":{"emulator":{"name":"dataconnect"},"message":"E0218 01:24:52.903686   15704 watch.go:40] Failed to load config from \"f:\\\\campus-management-system\\\\dataconnect\": could not find dataconnect.yaml in `f:\\campus-management-system\\dataconnect`\n"}}
[debug] [2026-02-17T17:25:02.903Z] E0218 01:25:02.903586   15704 watch.go:116] watchAllDir unable to walk dir `f:\campus-management-system\dataconnect`: CreateFile f:\campus-management-system\dataconnect: The system cannot find the file specified.
E0218 01:25:02.903586   15704 watch.go:40] Failed to load config from "f:\\campus-management-system\\dataconnect": could not find dataconnect.yaml in `f:\campus-management-system\dataconnect`
 {"metadata":{"emulator":{"name":"dataconnect"},"message":"E0218 01:25:02.903586   15704 watch.go:116] watchAllDir unable to walk dir `f:\\campus-management-system\\dataconnect`: CreateFile f:\\campus-management-system\\dataconnect: The system cannot find the file specified.\nE0218 01:25:02.903586   15704 watch.go:40] Failed to load config from \"f:\\\\campus-management-system\\\\dataconnect\": could not find dataconnect.yaml in `f:\\campus-management-system\\dataconnect`\n"}}
[debug] [2026-02-17T17:25:12.904Z] E0218 01:25:12.904063   15704 watch.go:40] Failed to load config from "f:\\campus-management-system\\dataconnect": could not find dataconnect.yaml in `f:\campus-management-system\dataconnect`
 {"metadata":{"emulator":{"name":"dataconnect"},"message":"E0218 01:25:12.904063   15704 watch.go:40] Failed to load config from \"f:\\\\campus-management-system\\\\dataconnect\": could not find dataconnect.yaml in `f:\\campus-management-system\\dataconnect`\n"}}
[debug] [2026-02-17T17:25:22.903Z] E0218 01:25:22.904019   15704 watch.go:40] Failed to load config from "f:\\campus-management-system\\dataconnect": could not find dataconnect.yaml in `f:\campus-management-system\dataconnect`
 {"metadata":{"emulator":{"name":"dataconnect"},"message":"E0218 01:25:22.904019   15704 watch.go:40] Failed to load config from \"f:\\\\campus-management-system\\\\dataconnect\": could not find dataconnect.yaml in `f:\\campus-management-system\\dataconnect`\n"}}
[debug] [2026-02-17T17:25:32.904Z] E0218 01:25:32.904001   15704 watch.go:40] Failed to load config from "f:\\campus-management-system\\dataconnect": could not find dataconnect.yaml in `f:\campus-management-system\dataconnect`
 {"metadata":{"emulator":{"name":"dataconnect"},"message":"E0218 01:25:32.904001   15704 watch.go:40] Failed to load config from \"f:\\\\campus-management-system\\\\dataconnect\": could not find dataconnect.yaml in `f:\\campus-management-system\\dataconnect`\n"}}
[debug] [2026-02-17T17:25:42.903Z] E0218 01:25:42.903848   15704 watch.go:40] Failed to load config from "f:\\campus-management-system\\dataconnect": could not find dataconnect.yaml in `f:\campus-management-system\dataconnect`
 {"metadata":{"emulator":{"name":"dataconnect"},"message":"E0218 01:25:42.903848   15704 watch.go:40] Failed to load config from \"f:\\\\campus-management-system\\\\dataconnect\": could not find dataconnect.yaml in `f:\\campus-management-system\\dataconnect`\n"}}
[debug] [2026-02-17T17:25:52.903Z] E0218 01:25:52.903635   15704 watch.go:40] Failed to load config from "f:\\campus-management-system\\dataconnect": could not find dataconnect.yaml in `f:\campus-management-system\dataconnect`
 {"metadata":{"emulator":{"name":"dataconnect"},"message":"E0218 01:25:52.903635   15704 watch.go:40] Failed to load config from \"f:\\\\campus-management-system\\\\dataconnect\": could not find dataconnect.yaml in `f:\\campus-management-system\\dataconnect`\n"}}
[debug] [2026-02-17T17:26:02.904Z] E0218 01:26:02.904051   15704 watch.go:116] watchAllDir unable to walk dir `f:\campus-management-system\dataconnect`: CreateFile f:\campus-management-system\dataconnect: The system cannot find the file specified.
E0218 01:26:02.904051   15704 watch.go:40] Failed to load config from "f:\\campus-management-system\\dataconnect": could not find dataconnect.yaml in `f:\campus-management-system\dataconnect`
 {"metadata":{"emulator":{"name":"dataconnect"},"message":"E0218 01:26:02.904051   15704 watch.go:116] watchAllDir unable to walk dir `f:\\campus-management-system\\dataconnect`: CreateFile f:\\campus-management-system\\dataconnect: The system cannot find the file specified.\nE0218 01:26:02.904051   15704 watch.go:40] Failed to load config from \"f:\\\\campus-management-system\\\\dataconnect\": could not find dataconnect.yaml in `f:\\campus-management-system\\dataconnect`\n"}}
[debug] [2026-02-17T17:26:12.904Z] E0218 01:26:12.903939   15704 watch.go:40] Failed to load config from "f:\\campus-management-system\\dataconnect": could not find dataconnect.yaml in `f:\campus-management-system\dataconnect`
 {"metadata":{"emulator":{"name":"dataconnect"},"message":"E0218 01:26:12.903939   15704 watch.go:40] Failed to load config from \"f:\\\\campus-management-system\\\\dataconnect\": could not find dataconnect.yaml in `f:\\campus-management-system\\dataconnect`\n"}}
[debug] [2026-02-17T17:26:22.903Z] E0218 01:26:22.903539   15704 watch.go:40] Failed to load config from "f:\\campus-management-system\\dataconnect": could not find dataconnect.yaml in `f:\campus-management-system\dataconnect`
 {"metadata":{"emulator":{"name":"dataconnect"},"message":"E0218 01:26:22.903539   15704 watch.go:40] Failed to load config from \"f:\\\\campus-management-system\\\\dataconnect\": could not find dataconnect.yaml in `f:\\campus-management-system\\dataconnect`\n"}}
[debug] [2026-02-17T17:26:32.903Z] E0218 01:26:32.903777   15704 watch.go:40] Failed to load config from "f:\\campus-management-system\\dataconnect": could not find dataconnect.yaml in `f:\campus-management-system\dataconnect`
 {"metadata":{"emulator":{"name":"dataconnect"},"message":"E0218 01:26:32.903777   15704 watch.go:40] Failed to load config from \"f:\\\\campus-management-system\\\\dataconnect\": could not find dataconnect.yaml in `f:\\campus-management-system\\dataconnect`\n"}}
[debug] [2026-02-17T17:26:42.904Z] E0218 01:26:42.903968   15704 watch.go:40] Failed to load config from "f:\\campus-management-system\\dataconnect": could not find dataconnect.yaml in `f:\campus-management-system\dataconnect`
 {"metadata":{"emulator":{"name":"dataconnect"},"message":"E0218 01:26:42.903968   15704 watch.go:40] Failed to load config from \"f:\\\\campus-management-system\\\\dataconnect\": could not find dataconnect.yaml in `f:\\campus-management-system\\dataconnect`\n"}}
[debug] [2026-02-17T17:26:52.904Z] E0218 01:26:52.904060   15704 watch.go:40] Failed to load config from "f:\\campus-management-system\\dataconnect": could not find dataconnect.yaml in `f:\campus-management-system\dataconnect`
 {"metadata":{"emulator":{"name":"dataconnect"},"message":"E0218 01:26:52.904060   15704 watch.go:40] Failed to load config from \"f:\\\\campus-management-system\\\\dataconnect\": could not find dataconnect.yaml in `f:\\campus-management-system\\dataconnect`\n"}}
[debug] [2026-02-17T17:27:02.903Z] E0218 01:27:02.903638   15704 watch.go:116] watchAllDir unable to walk dir `f:\campus-management-system\dataconnect`: CreateFile f:\campus-management-system\dataconnect: The system cannot find the file specified.
E0218 01:27:02.903638   15704 watch.go:40] Failed to load config from "f:\\campus-management-system\\dataconnect": could not find dataconnect.yaml in `f:\campus-management-system\dataconnect`
 {"metadata":{"emulator":{"name":"dataconnect"},"message":"E0218 01:27:02.903638   15704 watch.go:116] watchAllDir unable to walk dir `f:\\campus-management-system\\dataconnect`: CreateFile f:\\campus-management-system\\dataconnect: The system cannot find the file specified.\nE0218 01:27:02.903638   15704 watch.go:40] Failed to load config from \"f:\\\\campus-management-system\\\\dataconnect\": could not find dataconnect.yaml in `f:\\campus-management-system\\dataconnect`\n"}}
[debug] [2026-02-17T17:27:12.903Z] E0218 01:27:12.903555   15704 watch.go:40] Failed to load config from "f:\\campus-management-system\\dataconnect": could not find dataconnect.yaml in `f:\campus-management-system\dataconnect`
 {"metadata":{"emulator":{"name":"dataconnect"},"message":"E0218 01:27:12.903555   15704 watch.go:40] Failed to load config from \"f:\\\\campus-management-system\\\\dataconnect\": could not find dataconnect.yaml in `f:\\campus-management-system\\dataconnect`\n"}}
[debug] [2026-02-17T17:27:22.904Z] E0218 01:27:22.903953   15704 watch.go:40] Failed to load config from "f:\\campus-management-system\\dataconnect": could not find dataconnect.yaml in `f:\campus-management-system\dataconnect`
 {"metadata":{"emulator":{"name":"dataconnect"},"message":"E0218 01:27:22.903953   15704 watch.go:40] Failed to load config from \"f:\\\\campus-management-system\\\\dataconnect\": could not find dataconnect.yaml in `f:\\campus-management-system\\dataconnect`\n"}}
[debug] [2026-02-17T17:27:32.903Z] E0218 01:27:32.903989   15704 watch.go:40] Failed to load config from "f:\\campus-management-system\\dataconnect": could not find dataconnect.yaml in `f:\campus-management-system\dataconnect`
 {"metadata":{"emulator":{"name":"dataconnect"},"message":"E0218 01:27:32.903989   15704 watch.go:40] Failed to load config from \"f:\\\\campus-management-system\\\\dataconnect\": could not find dataconnect.yaml in `f:\\campus-management-system\\dataconnect`\n"}}
[debug] [2026-02-17T17:27:42.903Z] E0218 01:27:42.903552   15704 watch.go:40] Failed to load config from "f:\\campus-management-system\\dataconnect": could not find dataconnect.yaml in `f:\campus-management-system\dataconnect`
 {"metadata":{"emulator":{"name":"dataconnect"},"message":"E0218 01:27:42.903552   15704 watch.go:40] Failed to load config from \"f:\\\\campus-management-system\\\\dataconnect\": could not find dataconnect.yaml in `f:\\campus-management-system\\dataconnect`\n"}}
[debug] [2026-02-17T17:27:52.903Z] E0218 01:27:52.903556   15704 watch.go:40] Failed to load config from "f:\\campus-management-system\\dataconnect": could not find dataconnect.yaml in `f:\campus-management-system\dataconnect`
 {"metadata":{"emulator":{"name":"dataconnect"},"message":"E0218 01:27:52.903556   15704 watch.go:40] Failed to load config from \"f:\\\\campus-management-system\\\\dataconnect\": could not find dataconnect.yaml in `f:\\campus-management-system\\dataconnect`\n"}}
[debug] [2026-02-17T17:28:02.903Z] E0218 01:28:02.903578   15704 watch.go:116] watchAllDir unable to walk dir `f:\campus-management-system\dataconnect`: CreateFile f:\campus-management-system\dataconnect: The system cannot find the file specified.
E0218 01:28:02.903578   15704 watch.go:40] Failed to load config from "f:\\campus-management-system\\dataconnect": could not find dataconnect.yaml in `f:\campus-management-system\dataconnect`
 {"metadata":{"emulator":{"name":"dataconnect"},"message":"E0218 01:28:02.903578   15704 watch.go:116] watchAllDir unable to walk dir `f:\\campus-management-system\\dataconnect`: CreateFile f:\\campus-management-system\\dataconnect: The system cannot find the file specified.\nE0218 01:28:02.903578   15704 watch.go:40] Failed to load config from \"f:\\\\campus-management-system\\\\dataconnect\": could not find dataconnect.yaml in `f:\\campus-management-system\\dataconnect`\n"}}
[debug] [2026-02-17T17:28:12.903Z] E0218 01:28:12.903714   15704 watch.go:40] Failed to load config from "f:\\campus-management-system\\dataconnect": could not find dataconnect.yaml in `f:\campus-management-system\dataconnect`
 {"metadata":{"emulator":{"name":"dataconnect"},"message":"E0218 01:28:12.903714   15704 watch.go:40] Failed to load config from \"f:\\\\campus-management-system\\\\dataconnect\": could not find dataconnect.yaml in `f:\\campus-management-system\\dataconnect`\n"}}
[debug] [2026-02-17T17:28:22.904Z] E0218 01:28:22.904070   15704 watch.go:40] Failed to load config from "f:\\campus-management-system\\dataconnect": could not find dataconnect.yaml in `f:\campus-management-system\dataconnect`
 {"metadata":{"emulator":{"name":"dataconnect"},"message":"E0218 01:28:22.904070   15704 watch.go:40] Failed to load config from \"f:\\\\campus-management-system\\\\dataconnect\": could not find dataconnect.yaml in `f:\\campus-management-system\\dataconnect`\n"}}
[debug] [2026-02-17T17:28:32.903Z] E0218 01:28:32.903605   15704 watch.go:40] Failed to load config from "f:\\campus-management-system\\dataconnect": could not find dataconnect.yaml in `f:\campus-management-system\dataconnect`
 {"metadata":{"emulator":{"name":"dataconnect"},"message":"E0218 01:28:32.903605   15704 watch.go:40] Failed to load config from \"f:\\\\campus-management-system\\\\dataconnect\": could not find dataconnect.yaml in `f:\\campus-management-system\\dataconnect`\n"}}
[debug] [2026-02-17T17:28:42.903Z] E0218 01:28:42.903803   15704 watch.go:40] Failed to load config from "f:\\campus-management-system\\dataconnect": could not find dataconnect.yaml in `f:\campus-management-system\dataconnect`
 {"metadata":{"emulator":{"name":"dataconnect"},"message":"E0218 01:28:42.903803   15704 watch.go:40] Failed to load config from \"f:\\\\campus-management-system\\\\dataconnect\": could not find dataconnect.yaml in `f:\\campus-management-system\\dataconnect`\n"}}
[debug] [2026-02-17T17:28:52.903Z] E0218 01:28:52.903545   15704 watch.go:40] Failed to load config from "f:\\campus-management-system\\dataconnect": could not find dataconnect.yaml in `f:\campus-management-system\dataconnect`
 {"metadata":{"emulator":{"name":"dataconnect"},"message":"E0218 01:28:52.903545   15704 watch.go:40] Failed to load config from \"f:\\\\campus-management-system\\\\dataconnect\": could not find dataconnect.yaml in `f:\\campus-management-system\\dataconnect`\n"}}
[debug] [2026-02-17T17:29:02.903Z] E0218 01:29:02.903555   15704 watch.go:116] watchAllDir unable to walk dir `f:\campus-management-system\dataconnect`: CreateFile f:\campus-management-system\dataconnect: The system cannot find the file specified.
E0218 01:29:02.903555   15704 watch.go:40] Failed to load config from "f:\\campus-management-system\\dataconnect": could not find dataconnect.yaml in `f:\campus-management-system\dataconnect`
 {"metadata":{"emulator":{"name":"dataconnect"},"message":"E0218 01:29:02.903555   15704 watch.go:116] watchAllDir unable to walk dir `f:\\campus-management-system\\dataconnect`: CreateFile f:\\campus-management-system\\dataconnect: The system cannot find the file specified.\nE0218 01:29:02.903555   15704 watch.go:40] Failed to load config from \"f:\\\\campus-management-system\\\\dataconnect\": could not find dataconnect.yaml in `f:\\campus-management-system\\dataconnect`\n"}}
[debug] [2026-02-17T17:29:12.903Z] E0218 01:29:12.903764   15704 watch.go:40] Failed to load config from "f:\\campus-management-system\\dataconnect": could not find dataconnect.yaml in `f:\campus-management-system\dataconnect`
 {"metadata":{"emulator":{"name":"dataconnect"},"message":"E0218 01:29:12.903764   15704 watch.go:40] Failed to load config from \"f:\\\\campus-management-system\\\\dataconnect\": could not find dataconnect.yaml in `f:\\campus-management-system\\dataconnect`\n"}}
[debug] [2026-02-17T17:29:22.903Z] E0218 01:29:22.903547   15704 watch.go:40] Failed to load config from "f:\\campus-management-system\\dataconnect": could not find dataconnect.yaml in `f:\campus-management-system\dataconnect`
 {"metadata":{"emulator":{"name":"dataconnect"},"message":"E0218 01:29:22.903547   15704 watch.go:40] Failed to load config from \"f:\\\\campus-management-system\\\\dataconnect\": could not find dataconnect.yaml in `f:\\campus-management-system\\dataconnect`\n"}}
[debug] [2026-02-17T17:29:32.903Z] E0218 01:29:32.904036   15704 watch.go:40] Failed to load config from "f:\\campus-management-system\\dataconnect": could not find dataconnect.yaml in `f:\campus-management-system\dataconnect`
 {"metadata":{"emulator":{"name":"dataconnect"},"message":"E0218 01:29:32.904036   15704 watch.go:40] Failed to load config from \"f:\\\\campus-management-system\\\\dataconnect\": could not find dataconnect.yaml in `f:\\campus-management-system\\dataconnect`\n"}}
[debug] [2026-02-17T17:29:42.903Z] E0218 01:29:42.903961   15704 watch.go:40] Failed to load config from "f:\\campus-management-system\\dataconnect": could not find dataconnect.yaml in `f:\campus-management-system\dataconnect`
 {"metadata":{"emulator":{"name":"dataconnect"},"message":"E0218 01:29:42.903961   15704 watch.go:40] Failed to load config from \"f:\\\\campus-management-system\\\\dataconnect\": could not find dataconnect.yaml in `f:\\campus-management-system\\dataconnect`\n"}}
[debug] [2026-02-17T17:29:52.903Z] E0218 01:29:52.903541   15704 watch.go:40] Failed to load config from "f:\\campus-management-system\\dataconnect": could not find dataconnect.yaml in `f:\campus-management-system\dataconnect`
 {"metadata":{"emulator":{"name":"dataconnect"},"message":"E0218 01:29:52.903541   15704 watch.go:40] Failed to load config from \"f:\\\\campus-management-system\\\\dataconnect\": could not find dataconnect.yaml in `f:\\campus-management-system\\dataconnect`\n"}}
[debug] [2026-02-17T17:30:02.903Z] E0218 01:30:02.903643   15704 watch.go:40] Failed to load config from "f:\\campus-management-system\\dataconnect": could not find dataconnect.yaml in `f:\campus-management-system\dataconnect`
E0218 01:30:02.903643   15704 watch.go:116] watchAllDir unable to walk dir `f:\campus-management-system\dataconnect`: CreateFile f:\campus-management-system\dataconnect: The system cannot find the file specified.
 {"metadata":{"emulator":{"name":"dataconnect"},"message":"E0218 01:30:02.903643   15704 watch.go:40] Failed to load config from \"f:\\\\campus-management-system\\\\dataconnect\": could not find dataconnect.yaml in `f:\\campus-management-system\\dataconnect`\nE0218 01:30:02.903643   15704 watch.go:116] watchAllDir unable to walk dir `f:\\campus-management-system\\dataconnect`: CreateFile f:\\campus-management-system\\dataconnect: The system cannot find the file specified.\n"}}
[debug] [2026-02-17T17:30:12.904Z] E0218 01:30:12.903980   15704 watch.go:40] Failed to load config from "f:\\campus-management-system\\dataconnect": could not find dataconnect.yaml in `f:\campus-management-system\dataconnect`
 {"metadata":{"emulator":{"name":"dataconnect"},"message":"E0218 01:30:12.903980   15704 watch.go:40] Failed to load config from \"f:\\\\campus-management-system\\\\dataconnect\": could not find dataconnect.yaml in `f:\\campus-management-system\\dataconnect`\n"}}
[debug] [2026-02-17T17:30:22.903Z] E0218 01:30:22.903550   15704 watch.go:40] Failed to load config from "f:\\campus-management-system\\dataconnect": could not find dataconnect.yaml in `f:\campus-management-system\dataconnect`
 {"metadata":{"emulator":{"name":"dataconnect"},"message":"E0218 01:30:22.903550   15704 watch.go:40] Failed to load config from \"f:\\\\campus-management-system\\\\dataconnect\": could not find dataconnect.yaml in `f:\\campus-management-system\\dataconnect`\n"}}
[debug] [2026-02-17T17:30:32.904Z] E0218 01:30:32.904050   15704 watch.go:40] Failed to load config from "f:\\campus-management-system\\dataconnect": could not find dataconnect.yaml in `f:\campus-management-system\dataconnect`
 {"metadata":{"emulator":{"name":"dataconnect"},"message":"E0218 01:30:32.904050   15704 watch.go:40] Failed to load config from \"f:\\\\campus-management-system\\\\dataconnect\": could not find dataconnect.yaml in `f:\\campus-management-system\\dataconnect`\n"}}
[debug] [2026-02-17T17:30:42.903Z] E0218 01:30:42.903995   15704 watch.go:40] Failed to load config from "f:\\campus-management-system\\dataconnect": could not find dataconnect.yaml in `f:\campus-management-system\dataconnect`
 {"metadata":{"emulator":{"name":"dataconnect"},"message":"E0218 01:30:42.903995   15704 watch.go:40] Failed to load config from \"f:\\\\campus-management-system\\\\dataconnect\": could not find dataconnect.yaml in `f:\\campus-management-system\\dataconnect`\n"}}
[debug] [2026-02-17T17:30:52.903Z] E0218 01:30:52.903766   15704 watch.go:40] Failed to load config from "f:\\campus-management-system\\dataconnect": could not find dataconnect.yaml in `f:\campus-management-system\dataconnect`
 {"metadata":{"emulator":{"name":"dataconnect"},"message":"E0218 01:30:52.903766   15704 watch.go:40] Failed to load config from \"f:\\\\campus-management-system\\\\dataconnect\": could not find dataconnect.yaml in `f:\\campus-management-system\\dataconnect`\n"}}
[debug] [2026-02-17T17:31:02.903Z] E0218 01:31:02.903939   15704 watch.go:116] watchAllDir unable to walk dir `f:\campus-management-system\dataconnect`: CreateFile f:\campus-management-system\dataconnect: The system cannot find the file specified.
E0218 01:31:02.903939   15704 watch.go:40] Failed to load config from "f:\\campus-management-system\\dataconnect": could not find dataconnect.yaml in `f:\campus-management-system\dataconnect`
 {"metadata":{"emulator":{"name":"dataconnect"},"message":"E0218 01:31:02.903939   15704 watch.go:116] watchAllDir unable to walk dir `f:\\campus-management-system\\dataconnect`: CreateFile f:\\campus-management-system\\dataconnect: The system cannot find the file specified.\nE0218 01:31:02.903939   15704 watch.go:40] Failed to load config from \"f:\\\\campus-management-system\\\\dataconnect\": could not find dataconnect.yaml in `f:\\campus-management-system\\dataconnect`\n"}}
[debug] [2026-02-17T17:31:12.904Z] E0218 01:31:12.904127   15704 watch.go:40] Failed to load config from "f:\\campus-management-system\\dataconnect": could not find dataconnect.yaml in `f:\campus-management-system\dataconnect`
 {"metadata":{"emulator":{"name":"dataconnect"},"message":"E0218 01:31:12.904127   15704 watch.go:40] Failed to load config from \"f:\\\\campus-management-system\\\\dataconnect\": could not find dataconnect.yaml in `f:\\campus-management-system\\dataconnect`\n"}}
[debug] [2026-02-17T17:31:22.903Z] E0218 01:31:22.903544   15704 watch.go:40] Failed to load config from "f:\\campus-management-system\\dataconnect": could not find dataconnect.yaml in `f:\campus-management-system\dataconnect`
 {"metadata":{"emulator":{"name":"dataconnect"},"message":"E0218 01:31:22.903544   15704 watch.go:40] Failed to load config from \"f:\\\\campus-management-system\\\\dataconnect\": could not find dataconnect.yaml in `f:\\campus-management-system\\dataconnect`\n"}}
[debug] [2026-02-17T17:31:32.903Z] E0218 01:31:32.903732   15704 watch.go:40] Failed to load config from "f:\\campus-management-system\\dataconnect": could not find dataconnect.yaml in `f:\campus-management-system\dataconnect`
 {"metadata":{"emulator":{"name":"dataconnect"},"message":"E0218 01:31:32.903732   15704 watch.go:40] Failed to load config from \"f:\\\\campus-management-system\\\\dataconnect\": could not find dataconnect.yaml in `f:\\campus-management-system\\dataconnect`\n"}}
[debug] [2026-02-17T17:31:42.903Z] E0218 01:31:42.903793   15704 watch.go:40] Failed to load config from "f:\\campus-management-system\\dataconnect": could not find dataconnect.yaml in `f:\campus-management-system\dataconnect`
 {"metadata":{"emulator":{"name":"dataconnect"},"message":"E0218 01:31:42.903793   15704 watch.go:40] Failed to load config from \"f:\\\\campus-management-system\\\\dataconnect\": could not find dataconnect.yaml in `f:\\campus-management-system\\dataconnect`\n"}}
[debug] [2026-02-17T17:31:52.904Z] E0218 01:31:52.903962   15704 watch.go:40] Failed to load config from "f:\\campus-management-system\\dataconnect": could not find dataconnect.yaml in `f:\campus-management-system\dataconnect`
 {"metadata":{"emulator":{"name":"dataconnect"},"message":"E0218 01:31:52.903962   15704 watch.go:40] Failed to load config from \"f:\\\\campus-management-system\\\\dataconnect\": could not find dataconnect.yaml in `f:\\campus-management-system\\dataconnect`\n"}}
[debug] [2026-02-17T17:32:02.903Z] E0218 01:32:02.903878   15704 watch.go:116] watchAllDir unable to walk dir `f:\campus-management-system\dataconnect`: CreateFile f:\campus-management-system\dataconnect: The system cannot find the file specified.
E0218 01:32:02.903878   15704 watch.go:40] Failed to load config from "f:\\campus-management-system\\dataconnect": could not find dataconnect.yaml in `f:\campus-management-system\dataconnect`
 {"metadata":{"emulator":{"name":"dataconnect"},"message":"E0218 01:32:02.903878   15704 watch.go:116] watchAllDir unable to walk dir `f:\\campus-management-system\\dataconnect`: CreateFile f:\\campus-management-system\\dataconnect: The system cannot find the file specified.\nE0218 01:32:02.903878   15704 watch.go:40] Failed to load config from \"f:\\\\campus-management-system\\\\dataconnect\": could not find dataconnect.yaml in `f:\\campus-management-system\\dataconnect`\n"}}
[debug] [2026-02-17T17:32:12.904Z] E0218 01:32:12.904156   15704 watch.go:40] Failed to load config from "f:\\campus-management-system\\dataconnect": could not find dataconnect.yaml in `f:\campus-management-system\dataconnect`
 {"metadata":{"emulator":{"name":"dataconnect"},"message":"E0218 01:32:12.904156   15704 watch.go:40] Failed to load config from \"f:\\\\campus-management-system\\\\dataconnect\": could not find dataconnect.yaml in `f:\\campus-management-system\\dataconnect`\n"}}
[debug] [2026-02-17T17:32:22.903Z] E0218 01:32:22.903821   15704 watch.go:40] Failed to load config from "f:\\campus-management-system\\dataconnect": could not find dataconnect.yaml in `f:\campus-management-system\dataconnect`
 {"metadata":{"emulator":{"name":"dataconnect"},"message":"E0218 01:32:22.903821   15704 watch.go:40] Failed to load config from \"f:\\\\campus-management-system\\\\dataconnect\": could not find dataconnect.yaml in `f:\\campus-management-system\\dataconnect`\n"}}
[debug] [2026-02-17T17:32:32.903Z] E0218 01:32:32.903818   15704 watch.go:40] Failed to load config from "f:\\campus-management-system\\dataconnect": could not find dataconnect.yaml in `f:\campus-management-system\dataconnect`
 {"metadata":{"emulator":{"name":"dataconnect"},"message":"E0218 01:32:32.903818   15704 watch.go:40] Failed to load config from \"f:\\\\campus-management-system\\\\dataconnect\": could not find dataconnect.yaml in `f:\\campus-management-system\\dataconnect`\n"}}
[debug] [2026-02-17T17:32:42.903Z] E0218 01:32:42.903678   15704 watch.go:40] Failed to load config from "f:\\campus-management-system\\dataconnect": could not find dataconnect.yaml in `f:\campus-management-system\dataconnect`
 {"metadata":{"emulator":{"name":"dataconnect"},"message":"E0218 01:32:42.903678   15704 watch.go:40] Failed to load config from \"f:\\\\campus-management-system\\\\dataconnect\": could not find dataconnect.yaml in `f:\\campus-management-system\\dataconnect`\n"}}
[debug] [2026-02-17T17:32:52.903Z] E0218 01:32:52.903717   15704 watch.go:40] Failed to load config from "f:\\campus-management-system\\dataconnect": could not find dataconnect.yaml in `f:\campus-management-system\dataconnect`
 {"metadata":{"emulator":{"name":"dataconnect"},"message":"E0218 01:32:52.903717   15704 watch.go:40] Failed to load config from \"f:\\\\campus-management-system\\\\dataconnect\": could not find dataconnect.yaml in `f:\\campus-management-system\\dataconnect`\n"}}
[debug] [2026-02-17T17:33:02.903Z] E0218 01:33:02.903549   15704 watch.go:40] Failed to load config from "f:\\campus-management-system\\dataconnect": could not find dataconnect.yaml in `f:\campus-management-system\dataconnect`
E0218 01:33:02.903549   15704 watch.go:116] watchAllDir unable to walk dir `f:\campus-management-system\dataconnect`: CreateFile f:\campus-management-system\dataconnect: The system cannot find the file specified.
 {"metadata":{"emulator":{"name":"dataconnect"},"message":"E0218 01:33:02.903549   15704 watch.go:40] Failed to load config from \"f:\\\\campus-management-system\\\\dataconnect\": could not find dataconnect.yaml in `f:\\campus-management-system\\dataconnect`\nE0218 01:33:02.903549   15704 watch.go:116] watchAllDir unable to walk dir `f:\\campus-management-system\\dataconnect`: CreateFile f:\\campus-management-system\\dataconnect: The system cannot find the file specified.\n"}}
[debug] [2026-02-17T17:33:12.903Z] E0218 01:33:12.903552   15704 watch.go:40] Failed to load config from "f:\\campus-management-system\\dataconnect": could not find dataconnect.yaml in `f:\campus-management-system\dataconnect`
 {"metadata":{"emulator":{"name":"dataconnect"},"message":"E0218 01:33:12.903552   15704 watch.go:40] Failed to load config from \"f:\\\\campus-management-system\\\\dataconnect\": could not find dataconnect.yaml in `f:\\campus-management-system\\dataconnect`\n"}}
[debug] [2026-02-17T17:33:22.903Z] E0218 01:33:22.903582   15704 watch.go:40] Failed to load config from "f:\\campus-management-system\\dataconnect": could not find dataconnect.yaml in `f:\campus-management-system\dataconnect`
 {"metadata":{"emulator":{"name":"dataconnect"},"message":"E0218 01:33:22.903582   15704 watch.go:40] Failed to load config from \"f:\\\\campus-management-system\\\\dataconnect\": could not find dataconnect.yaml in `f:\\campus-management-system\\dataconnect`\n"}}
[debug] [2026-02-17T17:33:32.903Z] E0218 01:33:32.903600   15704 watch.go:40] Failed to load config from "f:\\campus-management-system\\dataconnect": could not find dataconnect.yaml in `f:\campus-management-system\dataconnect`
 {"metadata":{"emulator":{"name":"dataconnect"},"message":"E0218 01:33:32.903600   15704 watch.go:40] Failed to load config from \"f:\\\\campus-management-system\\\\dataconnect\": could not find dataconnect.yaml in `f:\\campus-management-system\\dataconnect`\n"}}
[debug] [2026-02-17T17:33:42.903Z] E0218 01:33:42.903744   15704 watch.go:40] Failed to load config from "f:\\campus-management-system\\dataconnect": could not find dataconnect.yaml in `f:\campus-management-system\dataconnect`
 {"metadata":{"emulator":{"name":"dataconnect"},"message":"E0218 01:33:42.903744   15704 watch.go:40] Failed to load config from \"f:\\\\campus-management-system\\\\dataconnect\": could not find dataconnect.yaml in `f:\\campus-management-system\\dataconnect`\n"}}
[debug] [2026-02-17T17:33:52.903Z] E0218 01:33:52.903704   15704 watch.go:40] Failed to load config from "f:\\campus-management-system\\dataconnect": could not find dataconnect.yaml in `f:\campus-management-system\dataconnect`
 {"metadata":{"emulator":{"name":"dataconnect"},"message":"E0218 01:33:52.903704   15704 watch.go:40] Failed to load config from \"f:\\\\campus-management-system\\\\dataconnect\": could not find dataconnect.yaml in `f:\\campus-management-system\\dataconnect`\n"}}
[debug] [2026-02-17T17:34:02.904Z] E0218 01:34:02.904035   15704 watch.go:116] watchAllDir unable to walk dir `f:\campus-management-system\dataconnect`: CreateFile f:\campus-management-system\dataconnect: The system cannot find the file specified.
E0218 01:34:02.904035   15704 watch.go:40] Failed to load config from "f:\\campus-management-system\\dataconnect": could not find dataconnect.yaml in `f:\campus-management-system\dataconnect`
 {"metadata":{"emulator":{"name":"dataconnect"},"message":"E0218 01:34:02.904035   15704 watch.go:116] watchAllDir unable to walk dir `f:\\campus-management-system\\dataconnect`: CreateFile f:\\campus-management-system\\dataconnect: The system cannot find the file specified.\nE0218 01:34:02.904035   15704 watch.go:40] Failed to load config from \"f:\\\\campus-management-system\\\\dataconnect\": could not find dataconnect.yaml in `f:\\campus-management-system\\dataconnect`\n"}}
[debug] [2026-02-17T17:34:12.903Z] E0218 01:34:12.903980   15704 watch.go:40] Failed to load config from "f:\\campus-management-system\\dataconnect": could not find dataconnect.yaml in `f:\campus-management-system\dataconnect`
 {"metadata":{"emulator":{"name":"dataconnect"},"message":"E0218 01:34:12.903980   15704 watch.go:40] Failed to load config from \"f:\\\\campus-management-system\\\\dataconnect\": could not find dataconnect.yaml in `f:\\campus-management-system\\dataconnect`\n"}}
[debug] [2026-02-17T17:34:22.903Z] E0218 01:34:22.903666   15704 watch.go:40] Failed to load config from "f:\\campus-management-system\\dataconnect": could not find dataconnect.yaml in `f:\campus-management-system\dataconnect`
 {"metadata":{"emulator":{"name":"dataconnect"},"message":"E0218 01:34:22.903666   15704 watch.go:40] Failed to load config from \"f:\\\\campus-management-system\\\\dataconnect\": could not find dataconnect.yaml in `f:\\campus-management-system\\dataconnect`\n"}}
[debug] [2026-02-17T17:34:32.903Z] E0218 01:34:32.903552   15704 watch.go:40] Failed to load config from "f:\\campus-management-system\\dataconnect": could not find dataconnect.yaml in `f:\campus-management-system\dataconnect`
 {"metadata":{"emulator":{"name":"dataconnect"},"message":"E0218 01:34:32.903552   15704 watch.go:40] Failed to load config from \"f:\\\\campus-management-system\\\\dataconnect\": could not find dataconnect.yaml in `f:\\campus-management-system\\dataconnect`\n"}}
[debug] [2026-02-17T17:34:42.903Z] E0218 01:34:42.904077   15704 watch.go:40] Failed to load config from "f:\\campus-management-system\\dataconnect": could not find dataconnect.yaml in `f:\campus-management-system\dataconnect`
 {"metadata":{"emulator":{"name":"dataconnect"},"message":"E0218 01:34:42.904077   15704 watch.go:40] Failed to load config from \"f:\\\\campus-management-system\\\\dataconnect\": could not find dataconnect.yaml in `f:\\campus-management-system\\dataconnect`\n"}}
[debug] [2026-02-17T17:34:52.903Z] E0218 01:34:52.903548   15704 watch.go:40] Failed to load config from "f:\\campus-management-system\\dataconnect": could not find dataconnect.yaml in `f:\campus-management-system\dataconnect`
 {"metadata":{"emulator":{"name":"dataconnect"},"message":"E0218 01:34:52.903548   15704 watch.go:40] Failed to load config from \"f:\\\\campus-management-system\\\\dataconnect\": could not find dataconnect.yaml in `f:\\campus-management-system\\dataconnect`\n"}}
[debug] [2026-02-17T17:35:02.903Z] E0218 01:35:02.903646   15704 watch.go:116] watchAllDir unable to walk dir `f:\campus-management-system\dataconnect`: CreateFile f:\campus-management-system\dataconnect: The system cannot find the file specified.
E0218 01:35:02.903646   15704 watch.go:40] Failed to load config from "f:\\campus-management-system\\dataconnect": could not find dataconnect.yaml in `f:\campus-management-system\dataconnect`
 {"metadata":{"emulator":{"name":"dataconnect"},"message":"E0218 01:35:02.903646   15704 watch.go:116] watchAllDir unable to walk dir `f:\\campus-management-system\\dataconnect`: CreateFile f:\\campus-management-system\\dataconnect: The system cannot find the file specified.\nE0218 01:35:02.903646   15704 watch.go:40] Failed to load config from \"f:\\\\campus-management-system\\\\dataconnect\": could not find dataconnect.yaml in `f:\\campus-management-system\\dataconnect`\n"}}
[debug] [2026-02-17T17:35:12.904Z] E0218 01:35:12.904010   15704 watch.go:40] Failed to load config from "f:\\campus-management-system\\dataconnect": could not find dataconnect.yaml in `f:\campus-management-system\dataconnect`
 {"metadata":{"emulator":{"name":"dataconnect"},"message":"E0218 01:35:12.904010   15704 watch.go:40] Failed to load config from \"f:\\\\campus-management-system\\\\dataconnect\": could not find dataconnect.yaml in `f:\\campus-management-system\\dataconnect`\n"}}
[debug] [2026-02-17T17:35:22.903Z] E0218 01:35:22.903578   15704 watch.go:40] Failed to load config from "f:\\campus-management-system\\dataconnect": could not find dataconnect.yaml in `f:\campus-management-system\dataconnect`
 {"metadata":{"emulator":{"name":"dataconnect"},"message":"E0218 01:35:22.903578   15704 watch.go:40] Failed to load config from \"f:\\\\campus-management-system\\\\dataconnect\": could not find dataconnect.yaml in `f:\\campus-management-system\\dataconnect`\n"}}
[debug] [2026-02-17T17:35:32.903Z] E0218 01:35:32.903591   15704 watch.go:40] Failed to load config from "f:\\campus-management-system\\dataconnect": could not find dataconnect.yaml in `f:\campus-management-system\dataconnect`
 {"metadata":{"emulator":{"name":"dataconnect"},"message":"E0218 01:35:32.903591   15704 watch.go:40] Failed to load config from \"f:\\\\campus-management-system\\\\dataconnect\": could not find dataconnect.yaml in `f:\\campus-management-system\\dataconnect`\n"}}
[debug] [2026-02-17T17:35:42.903Z] E0218 01:35:42.903620   15704 watch.go:40] Failed to load config from "f:\\campus-management-system\\dataconnect": could not find dataconnect.yaml in `f:\campus-management-system\dataconnect`
 {"metadata":{"emulator":{"name":"dataconnect"},"message":"E0218 01:35:42.903620   15704 watch.go:40] Failed to load config from \"f:\\\\campus-management-system\\\\dataconnect\": could not find dataconnect.yaml in `f:\\campus-management-system\\dataconnect`\n"}}
[debug] [2026-02-17T17:35:52.903Z] E0218 01:35:52.903966   15704 watch.go:40] Failed to load config from "f:\\campus-management-system\\dataconnect": could not find dataconnect.yaml in `f:\campus-management-system\dataconnect`
 {"metadata":{"emulator":{"name":"dataconnect"},"message":"E0218 01:35:52.903966   15704 watch.go:40] Failed to load config from \"f:\\\\campus-management-system\\\\dataconnect\": could not find dataconnect.yaml in `f:\\campus-management-system\\dataconnect`\n"}}
[debug] [2026-02-17T17:36:02.904Z] E0218 01:36:02.904052   15704 watch.go:116] watchAllDir unable to walk dir `f:\campus-management-system\dataconnect`: CreateFile f:\campus-management-system\dataconnect: The system cannot find the file specified.
E0218 01:36:02.904052   15704 watch.go:40] Failed to load config from "f:\\campus-management-system\\dataconnect": could not find dataconnect.yaml in `f:\campus-management-system\dataconnect`
 {"metadata":{"emulator":{"name":"dataconnect"},"message":"E0218 01:36:02.904052   15704 watch.go:116] watchAllDir unable to walk dir `f:\\campus-management-system\\dataconnect`: CreateFile f:\\campus-management-system\\dataconnect: The system cannot find the file specified.\nE0218 01:36:02.904052   15704 watch.go:40] Failed to load config from \"f:\\\\campus-management-system\\\\dataconnect\": could not find dataconnect.yaml in `f:\\campus-management-system\\dataconnect`\n"}}
[debug] [2026-02-17T17:36:12.903Z] E0218 01:36:12.903577   15704 watch.go:40] Failed to load config from "f:\\campus-management-system\\dataconnect": could not find dataconnect.yaml in `f:\campus-management-system\dataconnect`
 {"metadata":{"emulator":{"name":"dataconnect"},"message":"E0218 01:36:12.903577   15704 watch.go:40] Failed to load config from \"f:\\\\campus-management-system\\\\dataconnect\": could not find dataconnect.yaml in `f:\\campus-management-system\\dataconnect`\n"}}
[debug] [2026-02-17T17:36:22.903Z] E0218 01:36:22.903545   15704 watch.go:40] Failed to load config from "f:\\campus-management-system\\dataconnect": could not find dataconnect.yaml in `f:\campus-management-system\dataconnect`
 {"metadata":{"emulator":{"name":"dataconnect"},"message":"E0218 01:36:22.903545   15704 watch.go:40] Failed to load config from \"f:\\\\campus-management-system\\\\dataconnect\": could not find dataconnect.yaml in `f:\\campus-management-system\\dataconnect`\n"}}
[debug] [2026-02-17T17:36:32.903Z] E0218 01:36:32.903876   15704 watch.go:40] Failed to load config from "f:\\campus-management-system\\dataconnect": could not find dataconnect.yaml in `f:\campus-management-system\dataconnect`
 {"metadata":{"emulator":{"name":"dataconnect"},"message":"E0218 01:36:32.903876   15704 watch.go:40] Failed to load config from \"f:\\\\campus-management-system\\\\dataconnect\": could not find dataconnect.yaml in `f:\\campus-management-system\\dataconnect`\n"}}
[debug] [2026-02-17T17:36:42.903Z] E0218 01:36:42.903873   15704 watch.go:40] Failed to load config from "f:\\campus-management-system\\dataconnect": could not find dataconnect.yaml in `f:\campus-management-system\dataconnect`
 {"metadata":{"emulator":{"name":"dataconnect"},"message":"E0218 01:36:42.903873   15704 watch.go:40] Failed to load config from \"f:\\\\campus-management-system\\\\dataconnect\": could not find dataconnect.yaml in `f:\\campus-management-system\\dataconnect`\n"}}
[debug] [2026-02-17T17:36:52.903Z] E0218 01:36:52.903544   15704 watch.go:40] Failed to load config from "f:\\campus-management-system\\dataconnect": could not find dataconnect.yaml in `f:\campus-management-system\dataconnect`
 {"metadata":{"emulator":{"name":"dataconnect"},"message":"E0218 01:36:52.903544   15704 watch.go:40] Failed to load config from \"f:\\\\campus-management-system\\\\dataconnect\": could not find dataconnect.yaml in `f:\\campus-management-system\\dataconnect`\n"}}
[debug] [2026-02-17T17:37:02.903Z] E0218 01:37:02.903726   15704 watch.go:116] watchAllDir unable to walk dir `f:\campus-management-system\dataconnect`: CreateFile f:\campus-management-system\dataconnect: The system cannot find the file specified.
E0218 01:37:02.903726   15704 watch.go:40] Failed to load config from "f:\\campus-management-system\\dataconnect": could not find dataconnect.yaml in `f:\campus-management-system\dataconnect`
 {"metadata":{"emulator":{"name":"dataconnect"},"message":"E0218 01:37:02.903726   15704 watch.go:116] watchAllDir unable to walk dir `f:\\campus-management-system\\dataconnect`: CreateFile f:\\campus-management-system\\dataconnect: The system cannot find the file specified.\nE0218 01:37:02.903726   15704 watch.go:40] Failed to load config from \"f:\\\\campus-management-system\\\\dataconnect\": could not find dataconnect.yaml in `f:\\campus-management-system\\dataconnect`\n"}}
[debug] [2026-02-17T17:37:12.904Z] E0218 01:37:12.903933   15704 watch.go:40] Failed to load config from "f:\\campus-management-system\\dataconnect": could not find dataconnect.yaml in `f:\campus-management-system\dataconnect`
 {"metadata":{"emulator":{"name":"dataconnect"},"message":"E0218 01:37:12.903933   15704 watch.go:40] Failed to load config from \"f:\\\\campus-management-system\\\\dataconnect\": could not find dataconnect.yaml in `f:\\campus-management-system\\dataconnect`\n"}}
[debug] [2026-02-17T17:37:22.904Z] E0218 01:37:22.903713   15704 watch.go:40] Failed to load config from "f:\\campus-management-system\\dataconnect": could not find dataconnect.yaml in `f:\campus-management-system\dataconnect`
 {"metadata":{"emulator":{"name":"dataconnect"},"message":"E0218 01:37:22.903713   15704 watch.go:40] Failed to load config from \"f:\\\\campus-management-system\\\\dataconnect\": could not find dataconnect.yaml in `f:\\campus-management-system\\dataconnect`\n"}}
[debug] [2026-02-17T17:37:32.903Z] E0218 01:37:32.903851   15704 watch.go:40] Failed to load config from "f:\\campus-management-system\\dataconnect": could not find dataconnect.yaml in `f:\campus-management-system\dataconnect`
 {"metadata":{"emulator":{"name":"dataconnect"},"message":"E0218 01:37:32.903851   15704 watch.go:40] Failed to load config from \"f:\\\\campus-management-system\\\\dataconnect\": could not find dataconnect.yaml in `f:\\campus-management-system\\dataconnect`\n"}}
[debug] [2026-02-17T17:37:42.904Z] E0218 01:37:42.903927   15704 watch.go:40] Failed to load config from "f:\\campus-management-system\\dataconnect": could not find dataconnect.yaml in `f:\campus-management-system\dataconnect`
 {"metadata":{"emulator":{"name":"dataconnect"},"message":"E0218 01:37:42.903927   15704 watch.go:40] Failed to load config from \"f:\\\\campus-management-system\\\\dataconnect\": could not find dataconnect.yaml in `f:\\campus-management-system\\dataconnect`\n"}}
[debug] [2026-02-17T17:37:52.903Z] E0218 01:37:52.903524   15704 watch.go:40] Failed to load config from "f:\\campus-management-system\\dataconnect": could not find dataconnect.yaml in `f:\campus-management-system\dataconnect`
 {"metadata":{"emulator":{"name":"dataconnect"},"message":"E0218 01:37:52.903524   15704 watch.go:40] Failed to load config from \"f:\\\\campus-management-system\\\\dataconnect\": could not find dataconnect.yaml in `f:\\campus-management-system\\dataconnect`\n"}}
[debug] [2026-02-17T17:38:02.903Z] E0218 01:38:02.903615   15704 watch.go:116] watchAllDir unable to walk dir `f:\campus-management-system\dataconnect`: CreateFile f:\campus-management-system\dataconnect: The system cannot find the file specified.
E0218 01:38:02.903615   15704 watch.go:40] Failed to load config from "f:\\campus-management-system\\dataconnect": could not find dataconnect.yaml in `f:\campus-management-system\dataconnect`
 {"metadata":{"emulator":{"name":"dataconnect"},"message":"E0218 01:38:02.903615   15704 watch.go:116] watchAllDir unable to walk dir `f:\\campus-management-system\\dataconnect`: CreateFile f:\\campus-management-system\\dataconnect: The system cannot find the file specified.\nE0218 01:38:02.903615   15704 watch.go:40] Failed to load config from \"f:\\\\campus-management-system\\\\dataconnect\": could not find dataconnect.yaml in `f:\\campus-management-system\\dataconnect`\n"}}
[debug] [2026-02-17T17:38:12.903Z] E0218 01:38:12.903568   15704 watch.go:40] Failed to load config from "f:\\campus-management-system\\dataconnect": could not find dataconnect.yaml in `f:\campus-management-system\dataconnect`
 {"metadata":{"emulator":{"name":"dataconnect"},"message":"E0218 01:38:12.903568   15704 watch.go:40] Failed to load config from \"f:\\\\campus-management-system\\\\dataconnect\": could not find dataconnect.yaml in `f:\\campus-management-system\\dataconnect`\n"}}
[debug] [2026-02-17T17:38:22.903Z] E0218 01:38:22.903706   15704 watch.go:40] Failed to load config from "f:\\campus-management-system\\dataconnect": could not find dataconnect.yaml in `f:\campus-management-system\dataconnect`
 {"metadata":{"emulator":{"name":"dataconnect"},"message":"E0218 01:38:22.903706   15704 watch.go:40] Failed to load config from \"f:\\\\campus-management-system\\\\dataconnect\": could not find dataconnect.yaml in `f:\\campus-management-system\\dataconnect`\n"}}
[debug] [2026-02-17T17:38:32.903Z] E0218 01:38:32.904015   15704 watch.go:40] Failed to load config from "f:\\campus-management-system\\dataconnect": could not find dataconnect.yaml in `f:\campus-management-system\dataconnect`
 {"metadata":{"emulator":{"name":"dataconnect"},"message":"E0218 01:38:32.904015   15704 watch.go:40] Failed to load config from \"f:\\\\campus-management-system\\\\dataconnect\": could not find dataconnect.yaml in `f:\\campus-management-system\\dataconnect`\n"}}
[debug] [2026-02-17T17:38:42.903Z] E0218 01:38:42.903789   15704 watch.go:40] Failed to load config from "f:\\campus-management-system\\dataconnect": could not find dataconnect.yaml in `f:\campus-management-system\dataconnect`
 {"metadata":{"emulator":{"name":"dataconnect"},"message":"E0218 01:38:42.903789   15704 watch.go:40] Failed to load config from \"f:\\\\campus-management-system\\\\dataconnect\": could not find dataconnect.yaml in `f:\\campus-management-system\\dataconnect`\n"}}
[debug] [2026-02-17T17:38:52.903Z] E0218 01:38:52.903542   15704 watch.go:40] Failed to load config from "f:\\campus-management-system\\dataconnect": could not find dataconnect.yaml in `f:\campus-management-system\dataconnect`
 {"metadata":{"emulator":{"name":"dataconnect"},"message":"E0218 01:38:52.903542   15704 watch.go:40] Failed to load config from \"f:\\\\campus-management-system\\\\dataconnect\": could not find dataconnect.yaml in `f:\\campus-management-system\\dataconnect`\n"}}
[debug] [2026-02-17T17:39:02.903Z] E0218 01:39:02.903733   15704 watch.go:116] watchAllDir unable to walk dir `f:\campus-management-system\dataconnect`: CreateFile f:\campus-management-system\dataconnect: The system cannot find the file specified.
E0218 01:39:02.903733   15704 watch.go:40] Failed to load config from "f:\\campus-management-system\\dataconnect": could not find dataconnect.yaml in `f:\campus-management-system\dataconnect`
 {"metadata":{"emulator":{"name":"dataconnect"},"message":"E0218 01:39:02.903733   15704 watch.go:116] watchAllDir unable to walk dir `f:\\campus-management-system\\dataconnect`: CreateFile f:\\campus-management-system\\dataconnect: The system cannot find the file specified.\nE0218 01:39:02.903733   15704 watch.go:40] Failed to load config from \"f:\\\\campus-management-system\\\\dataconnect\": could not find dataconnect.yaml in `f:\\campus-management-system\\dataconnect`\n"}}
[debug] [2026-02-17T17:39:12.903Z] E0218 01:39:12.903554   15704 watch.go:40] Failed to load config from "f:\\campus-management-system\\dataconnect": could not find dataconnect.yaml in `f:\campus-management-system\dataconnect`
 {"metadata":{"emulator":{"name":"dataconnect"},"message":"E0218 01:39:12.903554   15704 watch.go:40] Failed to load config from \"f:\\\\campus-management-system\\\\dataconnect\": could not find dataconnect.yaml in `f:\\campus-management-system\\dataconnect`\n"}}
[debug] [2026-02-17T17:39:22.903Z] E0218 01:39:22.903574   15704 watch.go:40] Failed to load config from "f:\\campus-management-system\\dataconnect": could not find dataconnect.yaml in `f:\campus-management-system\dataconnect`
 {"metadata":{"emulator":{"name":"dataconnect"},"message":"E0218 01:39:22.903574   15704 watch.go:40] Failed to load config from \"f:\\\\campus-management-system\\\\dataconnect\": could not find dataconnect.yaml in `f:\\campus-management-system\\dataconnect`\n"}}
[debug] [2026-02-17T17:39:32.903Z] E0218 01:39:32.904002   15704 watch.go:40] Failed to load config from "f:\\campus-management-system\\dataconnect": could not find dataconnect.yaml in `f:\campus-management-system\dataconnect`
 {"metadata":{"emulator":{"name":"dataconnect"},"message":"E0218 01:39:32.904002   15704 watch.go:40] Failed to load config from \"f:\\\\campus-management-system\\\\dataconnect\": could not find dataconnect.yaml in `f:\\campus-management-system\\dataconnect`\n"}}
[debug] [2026-02-17T17:39:42.903Z] E0218 01:39:42.903537   15704 watch.go:40] Failed to load config from "f:\\campus-management-system\\dataconnect": could not find dataconnect.yaml in `f:\campus-management-system\dataconnect`
 {"metadata":{"emulator":{"name":"dataconnect"},"message":"E0218 01:39:42.903537   15704 watch.go:40] Failed to load config from \"f:\\\\campus-management-system\\\\dataconnect\": could not find dataconnect.yaml in `f:\\campus-management-system\\dataconnect`\n"}}
[debug] [2026-02-17T17:39:52.903Z] E0218 01:39:52.903568   15704 watch.go:40] Failed to load config from "f:\\campus-management-system\\dataconnect": could not find dataconnect.yaml in `f:\campus-management-system\dataconnect`
 {"metadata":{"emulator":{"name":"dataconnect"},"message":"E0218 01:39:52.903568   15704 watch.go:40] Failed to load config from \"f:\\\\campus-management-system\\\\dataconnect\": could not find dataconnect.yaml in `f:\\campus-management-system\\dataconnect`\n"}}
[debug] [2026-02-17T17:40:02.903Z] E0218 01:40:02.903736   15704 watch.go:116] watchAllDir unable to walk dir `f:\campus-management-system\dataconnect`: CreateFile f:\campus-management-system\dataconnect: The system cannot find the file specified.
E0218 01:40:02.903736   15704 watch.go:40] Failed to load config from "f:\\campus-management-system\\dataconnect": could not find dataconnect.yaml in `f:\campus-management-system\dataconnect`
 {"metadata":{"emulator":{"name":"dataconnect"},"message":"E0218 01:40:02.903736   15704 watch.go:116] watchAllDir unable to walk dir `f:\\campus-management-system\\dataconnect`: CreateFile f:\\campus-management-system\\dataconnect: The system cannot find the file specified.\nE0218 01:40:02.903736   15704 watch.go:40] Failed to load config from \"f:\\\\campus-management-system\\\\dataconnect\": could not find dataconnect.yaml in `f:\\campus-management-system\\dataconnect`\n"}}
[debug] [2026-02-17T17:40:12.903Z] E0218 01:40:12.903591   15704 watch.go:40] Failed to load config from "f:\\campus-management-system\\dataconnect": could not find dataconnect.yaml in `f:\campus-management-system\dataconnect`
 {"metadata":{"emulator":{"name":"dataconnect"},"message":"E0218 01:40:12.903591   15704 watch.go:40] Failed to load config from \"f:\\\\campus-management-system\\\\dataconnect\": could not find dataconnect.yaml in `f:\\campus-management-system\\dataconnect`\n"}}
[debug] [2026-02-17T17:40:22.903Z] E0218 01:40:22.903545   15704 watch.go:40] Failed to load config from "f:\\campus-management-system\\dataconnect": could not find dataconnect.yaml in `f:\campus-management-system\dataconnect`
 {"metadata":{"emulator":{"name":"dataconnect"},"message":"E0218 01:40:22.903545   15704 watch.go:40] Failed to load config from \"f:\\\\campus-management-system\\\\dataconnect\": could not find dataconnect.yaml in `f:\\campus-management-system\\dataconnect`\n"}}
[debug] [2026-02-17T17:40:32.903Z] E0218 01:40:32.903550   15704 watch.go:40] Failed to load config from "f:\\campus-management-system\\dataconnect": could not find dataconnect.yaml in `f:\campus-management-system\dataconnect`
 {"metadata":{"emulator":{"name":"dataconnect"},"message":"E0218 01:40:32.903550   15704 watch.go:40] Failed to load config from \"f:\\\\campus-management-system\\\\dataconnect\": could not find dataconnect.yaml in `f:\\campus-management-system\\dataconnect`\n"}}
[debug] [2026-02-17T17:40:42.903Z] E0218 01:40:42.903840   15704 watch.go:40] Failed to load config from "f:\\campus-management-system\\dataconnect": could not find dataconnect.yaml in `f:\campus-management-system\dataconnect`
 {"metadata":{"emulator":{"name":"dataconnect"},"message":"E0218 01:40:42.903840   15704 watch.go:40] Failed to load config from \"f:\\\\campus-management-system\\\\dataconnect\": could not find dataconnect.yaml in `f:\\campus-management-system\\dataconnect`\n"}}
[debug] [2026-02-17T17:40:52.903Z] E0218 01:40:52.903552   15704 watch.go:40] Failed to load config from "f:\\campus-management-system\\dataconnect": could not find dataconnect.yaml in `f:\campus-management-system\dataconnect`
 {"metadata":{"emulator":{"name":"dataconnect"},"message":"E0218 01:40:52.903552   15704 watch.go:40] Failed to load config from \"f:\\\\campus-management-system\\\\dataconnect\": could not find dataconnect.yaml in `f:\\campus-management-system\\dataconnect`\n"}}
[debug] [2026-02-17T17:41:02.903Z] E0218 01:41:02.903969   15704 watch.go:116] watchAllDir unable to walk dir `f:\campus-management-system\dataconnect`: CreateFile f:\campus-management-system\dataconnect: The system cannot find the file specified.
E0218 01:41:02.903969   15704 watch.go:40] Failed to load config from "f:\\campus-management-system\\dataconnect": could not find dataconnect.yaml in `f:\campus-management-system\dataconnect`
 {"metadata":{"emulator":{"name":"dataconnect"},"message":"E0218 01:41:02.903969   15704 watch.go:116] watchAllDir unable to walk dir `f:\\campus-management-system\\dataconnect`: CreateFile f:\\campus-management-system\\dataconnect: The system cannot find the file specified.\nE0218 01:41:02.903969   15704 watch.go:40] Failed to load config from \"f:\\\\campus-management-system\\\\dataconnect\": could not find dataconnect.yaml in `f:\\campus-management-system\\dataconnect`\n"}}
[debug] [2026-02-17T17:41:12.903Z] E0218 01:41:12.903551   15704 watch.go:40] Failed to load config from "f:\\campus-management-system\\dataconnect": could not find dataconnect.yaml in `f:\campus-management-system\dataconnect`
 {"metadata":{"emulator":{"name":"dataconnect"},"message":"E0218 01:41:12.903551   15704 watch.go:40] Failed to load config from \"f:\\\\campus-management-system\\\\dataconnect\": could not find dataconnect.yaml in `f:\\campus-management-system\\dataconnect`\n"}}
[debug] [2026-02-17T17:41:22.903Z] E0218 01:41:22.903912   15704 watch.go:40] Failed to load config from "f:\\campus-management-system\\dataconnect": could not find dataconnect.yaml in `f:\campus-management-system\dataconnect`
 {"metadata":{"emulator":{"name":"dataconnect"},"message":"E0218 01:41:22.903912   15704 watch.go:40] Failed to load config from \"f:\\\\campus-management-system\\\\dataconnect\": could not find dataconnect.yaml in `f:\\campus-management-system\\dataconnect`\n"}}
[debug] [2026-02-17T17:41:32.904Z] E0218 01:41:32.904037   15704 watch.go:40] Failed to load config from "f:\\campus-management-system\\dataconnect": could not find dataconnect.yaml in `f:\campus-management-system\dataconnect`
 {"metadata":{"emulator":{"name":"dataconnect"},"message":"E0218 01:41:32.904037   15704 watch.go:40] Failed to load config from \"f:\\\\campus-management-system\\\\dataconnect\": could not find dataconnect.yaml in `f:\\campus-management-system\\dataconnect`\n"}}
[debug] [2026-02-17T17:41:42.903Z] E0218 01:41:42.903551   15704 watch.go:40] Failed to load config from "f:\\campus-management-system\\dataconnect": could not find dataconnect.yaml in `f:\campus-management-system\dataconnect`
 {"metadata":{"emulator":{"name":"dataconnect"},"message":"E0218 01:41:42.903551   15704 watch.go:40] Failed to load config from \"f:\\\\campus-management-system\\\\dataconnect\": could not find dataconnect.yaml in `f:\\campus-management-system\\dataconnect`\n"}}
[debug] [2026-02-17T17:41:52.903Z] E0218 01:41:52.903959   15704 watch.go:40] Failed to load config from "f:\\campus-management-system\\dataconnect": could not find dataconnect.yaml in `f:\campus-management-system\dataconnect`
 {"metadata":{"emulator":{"name":"dataconnect"},"message":"E0218 01:41:52.903959   15704 watch.go:40] Failed to load config from \"f:\\\\campus-management-system\\\\dataconnect\": could not find dataconnect.yaml in `f:\\campus-management-system\\dataconnect`\n"}}
[debug] [2026-02-17T17:42:02.903Z] E0218 01:42:02.904000   15704 watch.go:116] watchAllDir unable to walk dir `f:\campus-management-system\dataconnect`: CreateFile f:\campus-management-system\dataconnect: The system cannot find the file specified.
E0218 01:42:02.904000   15704 watch.go:40] Failed to load config from "f:\\campus-management-system\\dataconnect": could not find dataconnect.yaml in `f:\campus-management-system\dataconnect`
 {"metadata":{"emulator":{"name":"dataconnect"},"message":"E0218 01:42:02.904000   15704 watch.go:116] watchAllDir unable to walk dir `f:\\campus-management-system\\dataconnect`: CreateFile f:\\campus-management-system\\dataconnect: The system cannot find the file specified.\nE0218 01:42:02.904000   15704 watch.go:40] Failed to load config from \"f:\\\\campus-management-system\\\\dataconnect\": could not find dataconnect.yaml in `f:\\campus-management-system\\dataconnect`\n"}}
[debug] [2026-02-17T17:42:12.903Z] E0218 01:42:12.903561   15704 watch.go:40] Failed to load config from "f:\\campus-management-system\\dataconnect": could not find dataconnect.yaml in `f:\campus-management-system\dataconnect`
 {"metadata":{"emulator":{"name":"dataconnect"},"message":"E0218 01:42:12.903561   15704 watch.go:40] Failed to load config from \"f:\\\\campus-management-system\\\\dataconnect\": could not find dataconnect.yaml in `f:\\campus-management-system\\dataconnect`\n"}}
[debug] [2026-02-17T17:42:22.903Z] E0218 01:42:22.903833   15704 watch.go:40] Failed to load config from "f:\\campus-management-system\\dataconnect": could not find dataconnect.yaml in `f:\campus-management-system\dataconnect`
 {"metadata":{"emulator":{"name":"dataconnect"},"message":"E0218 01:42:22.903833   15704 watch.go:40] Failed to load config from \"f:\\\\campus-management-system\\\\dataconnect\": could not find dataconnect.yaml in `f:\\campus-management-system\\dataconnect`\n"}}
[debug] [2026-02-17T17:42:32.903Z] E0218 01:42:32.903851   15704 watch.go:40] Failed to load config from "f:\\campus-management-system\\dataconnect": could not find dataconnect.yaml in `f:\campus-management-system\dataconnect`
 {"metadata":{"emulator":{"name":"dataconnect"},"message":"E0218 01:42:32.903851   15704 watch.go:40] Failed to load config from \"f:\\\\campus-management-system\\\\dataconnect\": could not find dataconnect.yaml in `f:\\campus-management-system\\dataconnect`\n"}}
[debug] [2026-02-17T17:42:42.903Z] E0218 01:42:42.903847   15704 watch.go:40] Failed to load config from "f:\\campus-management-system\\dataconnect": could not find dataconnect.yaml in `f:\campus-management-system\dataconnect`
 {"metadata":{"emulator":{"name":"dataconnect"},"message":"E0218 01:42:42.903847   15704 watch.go:40] Failed to load config from \"f:\\\\campus-management-system\\\\dataconnect\": could not find dataconnect.yaml in `f:\\campus-management-system\\dataconnect`\n"}}
[debug] [2026-02-17T17:42:52.903Z] E0218 01:42:52.903585   15704 watch.go:40] Failed to load config from "f:\\campus-management-system\\dataconnect": could not find dataconnect.yaml in `f:\campus-management-system\dataconnect`
 {"metadata":{"emulator":{"name":"dataconnect"},"message":"E0218 01:42:52.903585   15704 watch.go:40] Failed to load config from \"f:\\\\campus-management-system\\\\dataconnect\": could not find dataconnect.yaml in `f:\\campus-management-system\\dataconnect`\n"}}
[debug] [2026-02-17T17:43:02.903Z] E0218 01:43:02.903823   15704 watch.go:116] watchAllDir unable to walk dir `f:\campus-management-system\dataconnect`: CreateFile f:\campus-management-system\dataconnect: The system cannot find the file specified.
E0218 01:43:02.903823   15704 watch.go:40] Failed to load config from "f:\\campus-management-system\\dataconnect": could not find dataconnect.yaml in `f:\campus-management-system\dataconnect`
 {"metadata":{"emulator":{"name":"dataconnect"},"message":"E0218 01:43:02.903823   15704 watch.go:116] watchAllDir unable to walk dir `f:\\campus-management-system\\dataconnect`: CreateFile f:\\campus-management-system\\dataconnect: The system cannot find the file specified.\nE0218 01:43:02.903823   15704 watch.go:40] Failed to load config from \"f:\\\\campus-management-system\\\\dataconnect\": could not find dataconnect.yaml in `f:\\campus-management-system\\dataconnect`\n"}}
[debug] [2026-02-17T17:43:12.903Z] E0218 01:43:12.903545   15704 watch.go:40] Failed to load config from "f:\\campus-management-system\\dataconnect": could not find dataconnect.yaml in `f:\campus-management-system\dataconnect`
 {"metadata":{"emulator":{"name":"dataconnect"},"message":"E0218 01:43:12.903545   15704 watch.go:40] Failed to load config from \"f:\\\\campus-management-system\\\\dataconnect\": could not find dataconnect.yaml in `f:\\campus-management-system\\dataconnect`\n"}}
[debug] [2026-02-17T17:43:22.903Z] E0218 01:43:22.903855   15704 watch.go:40] Failed to load config from "f:\\campus-management-system\\dataconnect": could not find dataconnect.yaml in `f:\campus-management-system\dataconnect`
 {"metadata":{"emulator":{"name":"dataconnect"},"message":"E0218 01:43:22.903855   15704 watch.go:40] Failed to load config from \"f:\\\\campus-management-system\\\\dataconnect\": could not find dataconnect.yaml in `f:\\campus-management-system\\dataconnect`\n"}}
[debug] [2026-02-17T17:43:32.903Z] E0218 01:43:32.903557   15704 watch.go:40] Failed to load config from "f:\\campus-management-system\\dataconnect": could not find dataconnect.yaml in `f:\campus-management-system\dataconnect`
 {"metadata":{"emulator":{"name":"dataconnect"},"message":"E0218 01:43:32.903557   15704 watch.go:40] Failed to load config from \"f:\\\\campus-management-system\\\\dataconnect\": could not find dataconnect.yaml in `f:\\campus-management-system\\dataconnect`\n"}}
[debug] [2026-02-17T17:43:42.903Z] E0218 01:43:42.903558   15704 watch.go:40] Failed to load config from "f:\\campus-management-system\\dataconnect": could not find dataconnect.yaml in `f:\campus-management-system\dataconnect`
 {"metadata":{"emulator":{"name":"dataconnect"},"message":"E0218 01:43:42.903558   15704 watch.go:40] Failed to load config from \"f:\\\\campus-management-system\\\\dataconnect\": could not find dataconnect.yaml in `f:\\campus-management-system\\dataconnect`\n"}}
[debug] [2026-02-17T17:43:52.904Z] E0218 01:43:52.903945   15704 watch.go:40] Failed to load config from "f:\\campus-management-system\\dataconnect": could not find dataconnect.yaml in `f:\campus-management-system\dataconnect`
 {"metadata":{"emulator":{"name":"dataconnect"},"message":"E0218 01:43:52.903945   15704 watch.go:40] Failed to load config from \"f:\\\\campus-management-system\\\\dataconnect\": could not find dataconnect.yaml in `f:\\campus-management-system\\dataconnect`\n"}}
[debug] [2026-02-17T17:44:02.904Z] E0218 01:44:02.904066   15704 watch.go:40] Failed to load config from "f:\\campus-management-system\\dataconnect": could not find dataconnect.yaml in `f:\campus-management-system\dataconnect`
E0218 01:44:02.904066   15704 watch.go:116] watchAllDir unable to walk dir `f:\campus-management-system\dataconnect`: CreateFile f:\campus-management-system\dataconnect: The system cannot find the file specified.
 {"metadata":{"emulator":{"name":"dataconnect"},"message":"E0218 01:44:02.904066   15704 watch.go:40] Failed to load config from \"f:\\\\campus-management-system\\\\dataconnect\": could not find dataconnect.yaml in `f:\\campus-management-system\\dataconnect`\nE0218 01:44:02.904066   15704 watch.go:116] watchAllDir unable to walk dir `f:\\campus-management-system\\dataconnect`: CreateFile f:\\campus-management-system\\dataconnect: The system cannot find the file specified.\n"}}
[debug] [2026-02-17T17:44:12.903Z] E0218 01:44:12.903653   15704 watch.go:40] Failed to load config from "f:\\campus-management-system\\dataconnect": could not find dataconnect.yaml in `f:\campus-management-system\dataconnect`
 {"metadata":{"emulator":{"name":"dataconnect"},"message":"E0218 01:44:12.903653   15704 watch.go:40] Failed to load config from \"f:\\\\campus-management-system\\\\dataconnect\": could not find dataconnect.yaml in `f:\\campus-management-system\\dataconnect`\n"}}
[debug] [2026-02-17T17:44:22.903Z] E0218 01:44:22.903826   15704 watch.go:40] Failed to load config from "f:\\campus-management-system\\dataconnect": could not find dataconnect.yaml in `f:\campus-management-system\dataconnect`
 {"metadata":{"emulator":{"name":"dataconnect"},"message":"E0218 01:44:22.903826   15704 watch.go:40] Failed to load config from \"f:\\\\campus-management-system\\\\dataconnect\": could not find dataconnect.yaml in `f:\\campus-management-system\\dataconnect`\n"}}
[debug] [2026-02-17T17:44:32.903Z] E0218 01:44:32.903682   15704 watch.go:40] Failed to load config from "f:\\campus-management-system\\dataconnect": could not find dataconnect.yaml in `f:\campus-management-system\dataconnect`
 {"metadata":{"emulator":{"name":"dataconnect"},"message":"E0218 01:44:32.903682   15704 watch.go:40] Failed to load config from \"f:\\\\campus-management-system\\\\dataconnect\": could not find dataconnect.yaml in `f:\\campus-management-system\\dataconnect`\n"}}
[debug] [2026-02-17T17:44:42.903Z] E0218 01:44:42.903922   15704 watch.go:40] Failed to load config from "f:\\campus-management-system\\dataconnect": could not find dataconnect.yaml in `f:\campus-management-system\dataconnect`
 {"metadata":{"emulator":{"name":"dataconnect"},"message":"E0218 01:44:42.903922   15704 watch.go:40] Failed to load config from \"f:\\\\campus-management-system\\\\dataconnect\": could not find dataconnect.yaml in `f:\\campus-management-system\\dataconnect`\n"}}
[debug] [2026-02-17T17:44:52.903Z] E0218 01:44:52.903784   15704 watch.go:40] Failed to load config from "f:\\campus-management-system\\dataconnect": could not find dataconnect.yaml in `f:\campus-management-system\dataconnect`
 {"metadata":{"emulator":{"name":"dataconnect"},"message":"E0218 01:44:52.903784   15704 watch.go:40] Failed to load config from \"f:\\\\campus-management-system\\\\dataconnect\": could not find dataconnect.yaml in `f:\\campus-management-system\\dataconnect`\n"}}
[debug] [2026-02-17T17:45:02.903Z] E0218 01:45:02.903568   15704 watch.go:116] watchAllDir unable to walk dir `f:\campus-management-system\dataconnect`: CreateFile f:\campus-management-system\dataconnect: The system cannot find the file specified.
E0218 01:45:02.903568   15704 watch.go:40] Failed to load config from "f:\\campus-management-system\\dataconnect": could not find dataconnect.yaml in `f:\campus-management-system\dataconnect`
 {"metadata":{"emulator":{"name":"dataconnect"},"message":"E0218 01:45:02.903568   15704 watch.go:116] watchAllDir unable to walk dir `f:\\campus-management-system\\dataconnect`: CreateFile f:\\campus-management-system\\dataconnect: The system cannot find the file specified.\nE0218 01:45:02.903568   15704 watch.go:40] Failed to load config from \"f:\\\\campus-management-system\\\\dataconnect\": could not find dataconnect.yaml in `f:\\campus-management-system\\dataconnect`\n"}}
[debug] [2026-02-17T17:45:12.903Z] E0218 01:45:12.903670   15704 watch.go:40] Failed to load config from "f:\\campus-management-system\\dataconnect": could not find dataconnect.yaml in `f:\campus-management-system\dataconnect`
 {"metadata":{"emulator":{"name":"dataconnect"},"message":"E0218 01:45:12.903670   15704 watch.go:40] Failed to load config from \"f:\\\\campus-management-system\\\\dataconnect\": could not find dataconnect.yaml in `f:\\campus-management-system\\dataconnect`\n"}}
[debug] [2026-02-17T17:45:22.903Z] E0218 01:45:22.903988   15704 watch.go:40] Failed to load config from "f:\\campus-management-system\\dataconnect": could not find dataconnect.yaml in `f:\campus-management-system\dataconnect`
 {"metadata":{"emulator":{"name":"dataconnect"},"message":"E0218 01:45:22.903988   15704 watch.go:40] Failed to load config from \"f:\\\\campus-management-system\\\\dataconnect\": could not find dataconnect.yaml in `f:\\campus-management-system\\dataconnect`\n"}}
[debug] [2026-02-17T17:45:32.903Z] E0218 01:45:32.903893   15704 watch.go:40] Failed to load config from "f:\\campus-management-system\\dataconnect": could not find dataconnect.yaml in `f:\campus-management-system\dataconnect`
 {"metadata":{"emulator":{"name":"dataconnect"},"message":"E0218 01:45:32.903893   15704 watch.go:40] Failed to load config from \"f:\\\\campus-management-system\\\\dataconnect\": could not find dataconnect.yaml in `f:\\campus-management-system\\dataconnect`\n"}}
[debug] [2026-02-17T17:45:42.903Z] E0218 01:45:42.903764   15704 watch.go:40] Failed to load config from "f:\\campus-management-system\\dataconnect": could not find dataconnect.yaml in `f:\campus-management-system\dataconnect`
 {"metadata":{"emulator":{"name":"dataconnect"},"message":"E0218 01:45:42.903764   15704 watch.go:40] Failed to load config from \"f:\\\\campus-management-system\\\\dataconnect\": could not find dataconnect.yaml in `f:\\campus-management-system\\dataconnect`\n"}}
[debug] [2026-02-17T17:45:52.903Z] E0218 01:45:52.903537   15704 watch.go:40] Failed to load config from "f:\\campus-management-system\\dataconnect": could not find dataconnect.yaml in `f:\campus-management-system\dataconnect`
 {"metadata":{"emulator":{"name":"dataconnect"},"message":"E0218 01:45:52.903537   15704 watch.go:40] Failed to load config from \"f:\\\\campus-management-system\\\\dataconnect\": could not find dataconnect.yaml in `f:\\campus-management-system\\dataconnect`\n"}}
[debug] [2026-02-17T17:46:02.903Z] E0218 01:46:02.903648   15704 watch.go:116] watchAllDir unable to walk dir `f:\campus-management-system\dataconnect`: CreateFile f:\campus-management-system\dataconnect: The system cannot find the file specified.
E0218 01:46:02.903648   15704 watch.go:40] Failed to load config from "f:\\campus-management-system\\dataconnect": could not find dataconnect.yaml in `f:\campus-management-system\dataconnect`
 {"metadata":{"emulator":{"name":"dataconnect"},"message":"E0218 01:46:02.903648   15704 watch.go:116] watchAllDir unable to walk dir `f:\\campus-management-system\\dataconnect`: CreateFile f:\\campus-management-system\\dataconnect: The system cannot find the file specified.\nE0218 01:46:02.903648   15704 watch.go:40] Failed to load config from \"f:\\\\campus-management-system\\\\dataconnect\": could not find dataconnect.yaml in `f:\\campus-management-system\\dataconnect`\n"}}
[debug] [2026-02-17T17:46:12.903Z] E0218 01:46:12.904341   15704 watch.go:40] Failed to load config from "f:\\campus-management-system\\dataconnect": could not find dataconnect.yaml in `f:\campus-management-system\dataconnect`
 {"metadata":{"emulator":{"name":"dataconnect"},"message":"E0218 01:46:12.904341   15704 watch.go:40] Failed to load config from \"f:\\\\campus-management-system\\\\dataconnect\": could not find dataconnect.yaml in `f:\\campus-management-system\\dataconnect`\n"}}
[debug] [2026-02-17T17:46:22.903Z] E0218 01:46:22.903978   15704 watch.go:40] Failed to load config from "f:\\campus-management-system\\dataconnect": could not find dataconnect.yaml in `f:\campus-management-system\dataconnect`
 {"metadata":{"emulator":{"name":"dataconnect"},"message":"E0218 01:46:22.903978   15704 watch.go:40] Failed to load config from \"f:\\\\campus-management-system\\\\dataconnect\": could not find dataconnect.yaml in `f:\\campus-management-system\\dataconnect`\n"}}
[debug] [2026-02-17T17:46:32.903Z] E0218 01:46:32.903569   15704 watch.go:40] Failed to load config from "f:\\campus-management-system\\dataconnect": could not find dataconnect.yaml in `f:\campus-management-system\dataconnect`
 {"metadata":{"emulator":{"name":"dataconnect"},"message":"E0218 01:46:32.903569   15704 watch.go:40] Failed to load config from \"f:\\\\campus-management-system\\\\dataconnect\": could not find dataconnect.yaml in `f:\\campus-management-system\\dataconnect`\n"}}
[debug] [2026-02-17T17:46:42.903Z] E0218 01:46:42.903623   15704 watch.go:40] Failed to load config from "f:\\campus-management-system\\dataconnect": could not find dataconnect.yaml in `f:\campus-management-system\dataconnect`
 {"metadata":{"emulator":{"name":"dataconnect"},"message":"E0218 01:46:42.903623   15704 watch.go:40] Failed to load config from \"f:\\\\campus-management-system\\\\dataconnect\": could not find dataconnect.yaml in `f:\\campus-management-system\\dataconnect`\n"}}
[debug] [2026-02-17T17:46:52.903Z] E0218 01:46:52.904046   15704 watch.go:40] Failed to load config from "f:\\campus-management-system\\dataconnect": could not find dataconnect.yaml in `f:\campus-management-system\dataconnect`
 {"metadata":{"emulator":{"name":"dataconnect"},"message":"E0218 01:46:52.904046   15704 watch.go:40] Failed to load config from \"f:\\\\campus-management-system\\\\dataconnect\": could not find dataconnect.yaml in `f:\\campus-management-system\\dataconnect`\n"}}
[debug] [2026-02-17T17:47:02.903Z] E0218 01:47:02.904032   15704 watch.go:116] watchAllDir unable to walk dir `f:\campus-management-system\dataconnect`: CreateFile f:\campus-management-system\dataconnect: The system cannot find the file specified.
E0218 01:47:02.904032   15704 watch.go:40] Failed to load config from "f:\\campus-management-system\\dataconnect": could not find dataconnect.yaml in `f:\campus-management-system\dataconnect`
 {"metadata":{"emulator":{"name":"dataconnect"},"message":"E0218 01:47:02.904032   15704 watch.go:116] watchAllDir unable to walk dir `f:\\campus-management-system\\dataconnect`: CreateFile f:\\campus-management-system\\dataconnect: The system cannot find the file specified.\nE0218 01:47:02.904032   15704 watch.go:40] Failed to load config from \"f:\\\\campus-management-system\\\\dataconnect\": could not find dataconnect.yaml in `f:\\campus-management-system\\dataconnect`\n"}}
[debug] [2026-02-17T17:47:12.903Z] E0218 01:47:12.903714   15704 watch.go:40] Failed to load config from "f:\\campus-management-system\\dataconnect": could not find dataconnect.yaml in `f:\campus-management-system\dataconnect`
 {"metadata":{"emulator":{"name":"dataconnect"},"message":"E0218 01:47:12.903714   15704 watch.go:40] Failed to load config from \"f:\\\\campus-management-system\\\\dataconnect\": could not find dataconnect.yaml in `f:\\campus-management-system\\dataconnect`\n"}}
[debug] [2026-02-17T17:47:22.903Z] E0218 01:47:22.903885   15704 watch.go:40] Failed to load config from "f:\\campus-management-system\\dataconnect": could not find dataconnect.yaml in `f:\campus-management-system\dataconnect`
 {"metadata":{"emulator":{"name":"dataconnect"},"message":"E0218 01:47:22.903885   15704 watch.go:40] Failed to load config from \"f:\\\\campus-management-system\\\\dataconnect\": could not find dataconnect.yaml in `f:\\campus-management-system\\dataconnect`\n"}}
[debug] [2026-02-17T17:47:32.903Z] E0218 01:47:32.903777   15704 watch.go:40] Failed to load config from "f:\\campus-management-system\\dataconnect": could not find dataconnect.yaml in `f:\campus-management-system\dataconnect`
 {"metadata":{"emulator":{"name":"dataconnect"},"message":"E0218 01:47:32.903777   15704 watch.go:40] Failed to load config from \"f:\\\\campus-management-system\\\\dataconnect\": could not find dataconnect.yaml in `f:\\campus-management-system\\dataconnect`\n"}}
[debug] [2026-02-17T17:47:42.903Z] E0218 01:47:42.903957   15704 watch.go:40] Failed to load config from "f:\\campus-management-system\\dataconnect": could not find dataconnect.yaml in `f:\campus-management-system\dataconnect`
 {"metadata":{"emulator":{"name":"dataconnect"},"message":"E0218 01:47:42.903957   15704 watch.go:40] Failed to load config from \"f:\\\\campus-management-system\\\\dataconnect\": could not find dataconnect.yaml in `f:\\campus-management-system\\dataconnect`\n"}}
[debug] [2026-02-17T17:47:52.902Z] E0218 01:47:52.903533   15704 watch.go:40] Failed to load config from "f:\\campus-management-system\\dataconnect": could not find dataconnect.yaml in `f:\campus-management-system\dataconnect`
 {"metadata":{"emulator":{"name":"dataconnect"},"message":"E0218 01:47:52.903533   15704 watch.go:40] Failed to load config from \"f:\\\\campus-management-system\\\\dataconnect\": could not find dataconnect.yaml in `f:\\campus-management-system\\dataconnect`\n"}}
[debug] [2026-02-17T17:48:02.903Z] E0218 01:48:02.903962   15704 watch.go:116] watchAllDir unable to walk dir `f:\campus-management-system\dataconnect`: CreateFile f:\campus-management-system\dataconnect: The system cannot find the file specified.
E0218 01:48:02.903962   15704 watch.go:40] Failed to load config from "f:\\campus-management-system\\dataconnect": could not find dataconnect.yaml in `f:\campus-management-system\dataconnect`
 {"metadata":{"emulator":{"name":"dataconnect"},"message":"E0218 01:48:02.903962   15704 watch.go:116] watchAllDir unable to walk dir `f:\\campus-management-system\\dataconnect`: CreateFile f:\\campus-management-system\\dataconnect: The system cannot find the file specified.\nE0218 01:48:02.903962   15704 watch.go:40] Failed to load config from \"f:\\\\campus-management-system\\\\dataconnect\": could not find dataconnect.yaml in `f:\\campus-management-system\\dataconnect`\n"}}
[debug] [2026-02-17T17:48:12.903Z] E0218 01:48:12.903931   15704 watch.go:40] Failed to load config from "f:\\campus-management-system\\dataconnect": could not find dataconnect.yaml in `f:\campus-management-system\dataconnect`
 {"metadata":{"emulator":{"name":"dataconnect"},"message":"E0218 01:48:12.903931   15704 watch.go:40] Failed to load config from \"f:\\\\campus-management-system\\\\dataconnect\": could not find dataconnect.yaml in `f:\\campus-management-system\\dataconnect`\n"}}
[debug] [2026-02-17T17:48:22.903Z] E0218 01:48:22.903545   15704 watch.go:40] Failed to load config from "f:\\campus-management-system\\dataconnect": could not find dataconnect.yaml in `f:\campus-management-system\dataconnect`
 {"metadata":{"emulator":{"name":"dataconnect"},"message":"E0218 01:48:22.903545   15704 watch.go:40] Failed to load config from \"f:\\\\campus-management-system\\\\dataconnect\": could not find dataconnect.yaml in `f:\\campus-management-system\\dataconnect`\n"}}
[debug] [2026-02-17T17:48:32.903Z] E0218 01:48:32.903750   15704 watch.go:40] Failed to load config from "f:\\campus-management-system\\dataconnect": could not find dataconnect.yaml in `f:\campus-management-system\dataconnect`
 {"metadata":{"emulator":{"name":"dataconnect"},"message":"E0218 01:48:32.903750   15704 watch.go:40] Failed to load config from \"f:\\\\campus-management-system\\\\dataconnect\": could not find dataconnect.yaml in `f:\\campus-management-system\\dataconnect`\n"}}
[debug] [2026-02-17T17:48:42.903Z] E0218 01:48:42.903963   15704 watch.go:40] Failed to load config from "f:\\campus-management-system\\dataconnect": could not find dataconnect.yaml in `f:\campus-management-system\dataconnect`
 {"metadata":{"emulator":{"name":"dataconnect"},"message":"E0218 01:48:42.903963   15704 watch.go:40] Failed to load config from \"f:\\\\campus-management-system\\\\dataconnect\": could not find dataconnect.yaml in `f:\\campus-management-system\\dataconnect`\n"}}
[debug] [2026-02-17T17:48:52.903Z] E0218 01:48:52.903544   15704 watch.go:40] Failed to load config from "f:\\campus-management-system\\dataconnect": could not find dataconnect.yaml in `f:\campus-management-system\dataconnect`
 {"metadata":{"emulator":{"name":"dataconnect"},"message":"E0218 01:48:52.903544   15704 watch.go:40] Failed to load config from \"f:\\\\campus-management-system\\\\dataconnect\": could not find dataconnect.yaml in `f:\\campus-management-system\\dataconnect`\n"}}
[debug] [2026-02-17T17:49:02.903Z] E0218 01:49:02.903846   15704 watch.go:116] watchAllDir unable to walk dir `f:\campus-management-system\dataconnect`: CreateFile f:\campus-management-system\dataconnect: The system cannot find the file specified.
E0218 01:49:02.903846   15704 watch.go:40] Failed to load config from "f:\\campus-management-system\\dataconnect": could not find dataconnect.yaml in `f:\campus-management-system\dataconnect`
 {"metadata":{"emulator":{"name":"dataconnect"},"message":"E0218 01:49:02.903846   15704 watch.go:116] watchAllDir unable to walk dir `f:\\campus-management-system\\dataconnect`: CreateFile f:\\campus-management-system\\dataconnect: The system cannot find the file specified.\nE0218 01:49:02.903846   15704 watch.go:40] Failed to load config from \"f:\\\\campus-management-system\\\\dataconnect\": could not find dataconnect.yaml in `f:\\campus-management-system\\dataconnect`\n"}}
[debug] [2026-02-17T17:49:12.903Z] E0218 01:49:12.903851   15704 watch.go:40] Failed to load config from "f:\\campus-management-system\\dataconnect": could not find dataconnect.yaml in `f:\campus-management-system\dataconnect`
 {"metadata":{"emulator":{"name":"dataconnect"},"message":"E0218 01:49:12.903851   15704 watch.go:40] Failed to load config from \"f:\\\\campus-management-system\\\\dataconnect\": could not find dataconnect.yaml in `f:\\campus-management-system\\dataconnect`\n"}}
[debug] [2026-02-17T17:49:22.903Z] E0218 01:49:22.903985   15704 watch.go:40] Failed to load config from "f:\\campus-management-system\\dataconnect": could not find dataconnect.yaml in `f:\campus-management-system\dataconnect`
 {"metadata":{"emulator":{"name":"dataconnect"},"message":"E0218 01:49:22.903985   15704 watch.go:40] Failed to load config from \"f:\\\\campus-management-system\\\\dataconnect\": could not find dataconnect.yaml in `f:\\campus-management-system\\dataconnect`\n"}}
[debug] [2026-02-17T17:49:32.903Z] E0218 01:49:32.904000   15704 watch.go:40] Failed to load config from "f:\\campus-management-system\\dataconnect": could not find dataconnect.yaml in `f:\campus-management-system\dataconnect`
 {"metadata":{"emulator":{"name":"dataconnect"},"message":"E0218 01:49:32.904000   15704 watch.go:40] Failed to load config from \"f:\\\\campus-management-system\\\\dataconnect\": could not find dataconnect.yaml in `f:\\campus-management-system\\dataconnect`\n"}}
[debug] [2026-02-17T17:49:42.904Z] E0218 01:49:42.904048   15704 watch.go:40] Failed to load config from "f:\\campus-management-system\\dataconnect": could not find dataconnect.yaml in `f:\campus-management-system\dataconnect`
 {"metadata":{"emulator":{"name":"dataconnect"},"message":"E0218 01:49:42.904048   15704 watch.go:40] Failed to load config from \"f:\\\\campus-management-system\\\\dataconnect\": could not find dataconnect.yaml in `f:\\campus-management-system\\dataconnect`\n"}}
[debug] [2026-02-17T17:49:52.903Z] E0218 01:49:52.903542   15704 watch.go:40] Failed to load config from "f:\\campus-management-system\\dataconnect": could not find dataconnect.yaml in `f:\campus-management-system\dataconnect`
 {"metadata":{"emulator":{"name":"dataconnect"},"message":"E0218 01:49:52.903542   15704 watch.go:40] Failed to load config from \"f:\\\\campus-management-system\\\\dataconnect\": could not find dataconnect.yaml in `f:\\campus-management-system\\dataconnect`\n"}}
[debug] [2026-02-17T17:50:02.903Z] E0218 01:50:02.903962   15704 watch.go:40] Failed to load config from "f:\\campus-management-system\\dataconnect": could not find dataconnect.yaml in `f:\campus-management-system\dataconnect`
E0218 01:50:02.903962   15704 watch.go:116] watchAllDir unable to walk dir `f:\campus-management-system\dataconnect`: CreateFile f:\campus-management-system\dataconnect: The system cannot find the file specified.
 {"metadata":{"emulator":{"name":"dataconnect"},"message":"E0218 01:50:02.903962   15704 watch.go:40] Failed to load config from \"f:\\\\campus-management-system\\\\dataconnect\": could not find dataconnect.yaml in `f:\\campus-management-system\\dataconnect`\nE0218 01:50:02.903962   15704 watch.go:116] watchAllDir unable to walk dir `f:\\campus-management-system\\dataconnect`: CreateFile f:\\campus-management-system\\dataconnect: The system cannot find the file specified.\n"}}
[debug] [2026-02-17T17:50:12.903Z] E0218 01:50:12.903552   15704 watch.go:40] Failed to load config from "f:\\campus-management-system\\dataconnect": could not find dataconnect.yaml in `f:\campus-management-system\dataconnect`
 {"metadata":{"emulator":{"name":"dataconnect"},"message":"E0218 01:50:12.903552   15704 watch.go:40] Failed to load config from \"f:\\\\campus-management-system\\\\dataconnect\": could not find dataconnect.yaml in `f:\\campus-management-system\\dataconnect`\n"}}
[debug] [2026-02-17T17:50:22.903Z] E0218 01:50:22.903569   15704 watch.go:40] Failed to load config from "f:\\campus-management-system\\dataconnect": could not find dataconnect.yaml in `f:\campus-management-system\dataconnect`
 {"metadata":{"emulator":{"name":"dataconnect"},"message":"E0218 01:50:22.903569   15704 watch.go:40] Failed to load config from \"f:\\\\campus-management-system\\\\dataconnect\": could not find dataconnect.yaml in `f:\\campus-management-system\\dataconnect`\n"}}
[debug] [2026-02-17T17:50:32.903Z] E0218 01:50:32.903693   15704 watch.go:40] Failed to load config from "f:\\campus-management-system\\dataconnect": could not find dataconnect.yaml in `f:\campus-management-system\dataconnect`
 {"metadata":{"emulator":{"name":"dataconnect"},"message":"E0218 01:50:32.903693   15704 watch.go:40] Failed to load config from \"f:\\\\campus-management-system\\\\dataconnect\": could not find dataconnect.yaml in `f:\\campus-management-system\\dataconnect`\n"}}
[debug] [2026-02-17T17:50:42.903Z] E0218 01:50:42.903963   15704 watch.go:40] Failed to load config from "f:\\campus-management-system\\dataconnect": could not find dataconnect.yaml in `f:\campus-management-system\dataconnect`
 {"metadata":{"emulator":{"name":"dataconnect"},"message":"E0218 01:50:42.903963   15704 watch.go:40] Failed to load config from \"f:\\\\campus-management-system\\\\dataconnect\": could not find dataconnect.yaml in `f:\\campus-management-system\\dataconnect`\n"}}
[debug] [2026-02-17T17:50:52.903Z] E0218 01:50:52.903544   15704 watch.go:40] Failed to load config from "f:\\campus-management-system\\dataconnect": could not find dataconnect.yaml in `f:\campus-management-system\dataconnect`
 {"metadata":{"emulator":{"name":"dataconnect"},"message":"E0218 01:50:52.903544   15704 watch.go:40] Failed to load config from \"f:\\\\campus-management-system\\\\dataconnect\": could not find dataconnect.yaml in `f:\\campus-management-system\\dataconnect`\n"}}
[debug] [2026-02-17T17:51:02.903Z] E0218 01:51:02.903585   15704 watch.go:116] watchAllDir unable to walk dir `f:\campus-management-system\dataconnect`: CreateFile f:\campus-management-system\dataconnect: The system cannot find the file specified.
E0218 01:51:02.903585   15704 watch.go:40] Failed to load config from "f:\\campus-management-system\\dataconnect": could not find dataconnect.yaml in `f:\campus-management-system\dataconnect`
 {"metadata":{"emulator":{"name":"dataconnect"},"message":"E0218 01:51:02.903585   15704 watch.go:116] watchAllDir unable to walk dir `f:\\campus-management-system\\dataconnect`: CreateFile f:\\campus-management-system\\dataconnect: The system cannot find the file specified.\nE0218 01:51:02.903585   15704 watch.go:40] Failed to load config from \"f:\\\\campus-management-system\\\\dataconnect\": could not find dataconnect.yaml in `f:\\campus-management-system\\dataconnect`\n"}}
[debug] [2026-02-17T17:51:12.904Z] E0218 01:51:12.904172   15704 watch.go:40] Failed to load config from "f:\\campus-management-system\\dataconnect": could not find dataconnect.yaml in `f:\campus-management-system\dataconnect`
 {"metadata":{"emulator":{"name":"dataconnect"},"message":"E0218 01:51:12.904172   15704 watch.go:40] Failed to load config from \"f:\\\\campus-management-system\\\\dataconnect\": could not find dataconnect.yaml in `f:\\campus-management-system\\dataconnect`\n"}}
[debug] [2026-02-17T17:51:22.904Z] E0218 01:51:22.904050   15704 watch.go:40] Failed to load config from "f:\\campus-management-system\\dataconnect": could not find dataconnect.yaml in `f:\campus-management-system\dataconnect`
 {"metadata":{"emulator":{"name":"dataconnect"},"message":"E0218 01:51:22.904050   15704 watch.go:40] Failed to load config from \"f:\\\\campus-management-system\\\\dataconnect\": could not find dataconnect.yaml in `f:\\campus-management-system\\dataconnect`\n"}}
[debug] [2026-02-17T17:51:32.903Z] E0218 01:51:32.903825   15704 watch.go:40] Failed to load config from "f:\\campus-management-system\\dataconnect": could not find dataconnect.yaml in `f:\campus-management-system\dataconnect`
 {"metadata":{"emulator":{"name":"dataconnect"},"message":"E0218 01:51:32.903825   15704 watch.go:40] Failed to load config from \"f:\\\\campus-management-system\\\\dataconnect\": could not find dataconnect.yaml in `f:\\campus-management-system\\dataconnect`\n"}}
[debug] [2026-02-17T17:51:42.904Z] E0218 01:51:42.904303   15704 watch.go:40] Failed to load config from "f:\\campus-management-system\\dataconnect": could not find dataconnect.yaml in `f:\campus-management-system\dataconnect`
 {"metadata":{"emulator":{"name":"dataconnect"},"message":"E0218 01:51:42.904303   15704 watch.go:40] Failed to load config from \"f:\\\\campus-management-system\\\\dataconnect\": could not find dataconnect.yaml in `f:\\campus-management-system\\dataconnect`\n"}}
[debug] [2026-02-17T17:51:52.903Z] E0218 01:51:52.904084   15704 watch.go:40] Failed to load config from "f:\\campus-management-system\\dataconnect": could not find dataconnect.yaml in `f:\campus-management-system\dataconnect`
 {"metadata":{"emulator":{"name":"dataconnect"},"message":"E0218 01:51:52.904084   15704 watch.go:40] Failed to load config from \"f:\\\\campus-management-system\\\\dataconnect\": could not find dataconnect.yaml in `f:\\campus-management-system\\dataconnect`\n"}}
[debug] [2026-02-17T17:52:02.904Z] E0218 01:52:02.904287   15704 watch.go:116] watchAllDir unable to walk dir `f:\campus-management-system\dataconnect`: CreateFile f:\campus-management-system\dataconnect: The system cannot find the file specified.
 {"metadata":{"emulator":{"name":"dataconnect"},"message":"E0218 01:52:02.904287   15704 watch.go:116] watchAllDir unable to walk dir `f:\\campus-management-system\\dataconnect`: CreateFile f:\\campus-management-system\\dataconnect: The system cannot find the file specified.\n"}}
[debug] [2026-02-17T17:52:02.904Z] E0218 01:52:02.904287   15704 watch.go:40] Failed to load config from "f:\\campus-management-system\\dataconnect": could not find dataconnect.yaml in `f:\campus-management-system\dataconnect`
 {"metadata":{"emulator":{"name":"dataconnect"},"message":"E0218 01:52:02.904287   15704 watch.go:40] Failed to load config from \"f:\\\\campus-management-system\\\\dataconnect\": could not find dataconnect.yaml in `f:\\campus-management-system\\dataconnect`\n"}}
[debug] [2026-02-17T17:52:12.903Z] E0218 01:52:12.903951   15704 watch.go:40] Failed to load config from "f:\\campus-management-system\\dataconnect": could not find dataconnect.yaml in `f:\campus-management-system\dataconnect`
 {"metadata":{"emulator":{"name":"dataconnect"},"message":"E0218 01:52:12.903951   15704 watch.go:40] Failed to load config from \"f:\\\\campus-management-system\\\\dataconnect\": could not find dataconnect.yaml in `f:\\campus-management-system\\dataconnect`\n"}}
[debug] [2026-02-17T17:52:22.903Z] E0218 01:52:22.903624   15704 watch.go:40] Failed to load config from "f:\\campus-management-system\\dataconnect": could not find dataconnect.yaml in `f:\campus-management-system\dataconnect`
 {"metadata":{"emulator":{"name":"dataconnect"},"message":"E0218 01:52:22.903624   15704 watch.go:40] Failed to load config from \"f:\\\\campus-management-system\\\\dataconnect\": could not find dataconnect.yaml in `f:\\campus-management-system\\dataconnect`\n"}}
[debug] [2026-02-17T17:52:32.903Z] E0218 01:52:32.903786   15704 watch.go:40] Failed to load config from "f:\\campus-management-system\\dataconnect": could not find dataconnect.yaml in `f:\campus-management-system\dataconnect`
 {"metadata":{"emulator":{"name":"dataconnect"},"message":"E0218 01:52:32.903786   15704 watch.go:40] Failed to load config from \"f:\\\\campus-management-system\\\\dataconnect\": could not find dataconnect.yaml in `f:\\campus-management-system\\dataconnect`\n"}}
[debug] [2026-02-17T17:52:42.903Z] E0218 01:52:42.903538   15704 watch.go:40] Failed to load config from "f:\\campus-management-system\\dataconnect": could not find dataconnect.yaml in `f:\campus-management-system\dataconnect`
 {"metadata":{"emulator":{"name":"dataconnect"},"message":"E0218 01:52:42.903538   15704 watch.go:40] Failed to load config from \"f:\\\\campus-management-system\\\\dataconnect\": could not find dataconnect.yaml in `f:\\campus-management-system\\dataconnect`\n"}}
[debug] [2026-02-17T17:52:52.903Z] E0218 01:52:52.903919   15704 watch.go:40] Failed to load config from "f:\\campus-management-system\\dataconnect": could not find dataconnect.yaml in `f:\campus-management-system\dataconnect`
 {"metadata":{"emulator":{"name":"dataconnect"},"message":"E0218 01:52:52.903919   15704 watch.go:40] Failed to load config from \"f:\\\\campus-management-system\\\\dataconnect\": could not find dataconnect.yaml in `f:\\campus-management-system\\dataconnect`\n"}}
[debug] [2026-02-17T17:53:02.903Z] E0218 01:53:02.903809   15704 watch.go:116] watchAllDir unable to walk dir `f:\campus-management-system\dataconnect`: CreateFile f:\campus-management-system\dataconnect: The system cannot find the file specified.
E0218 01:53:02.903809   15704 watch.go:40] Failed to load config from "f:\\campus-management-system\\dataconnect": could not find dataconnect.yaml in `f:\campus-management-system\dataconnect`
 {"metadata":{"emulator":{"name":"dataconnect"},"message":"E0218 01:53:02.903809   15704 watch.go:116] watchAllDir unable to walk dir `f:\\campus-management-system\\dataconnect`: CreateFile f:\\campus-management-system\\dataconnect: The system cannot find the file specified.\nE0218 01:53:02.903809   15704 watch.go:40] Failed to load config from \"f:\\\\campus-management-system\\\\dataconnect\": could not find dataconnect.yaml in `f:\\campus-management-system\\dataconnect`\n"}}
[debug] [2026-02-17T17:53:12.903Z] E0218 01:53:12.903641   15704 watch.go:40] Failed to load config from "f:\\campus-management-system\\dataconnect": could not find dataconnect.yaml in `f:\campus-management-system\dataconnect`
 {"metadata":{"emulator":{"name":"dataconnect"},"message":"E0218 01:53:12.903641   15704 watch.go:40] Failed to load config from \"f:\\\\campus-management-system\\\\dataconnect\": could not find dataconnect.yaml in `f:\\campus-management-system\\dataconnect`\n"}}
[debug] [2026-02-17T17:53:22.903Z] E0218 01:53:22.903873   15704 watch.go:40] Failed to load config from "f:\\campus-management-system\\dataconnect": could not find dataconnect.yaml in `f:\campus-management-system\dataconnect`
 {"metadata":{"emulator":{"name":"dataconnect"},"message":"E0218 01:53:22.903873   15704 watch.go:40] Failed to load config from \"f:\\\\campus-management-system\\\\dataconnect\": could not find dataconnect.yaml in `f:\\campus-management-system\\dataconnect`\n"}}
[debug] [2026-02-17T17:53:32.903Z] E0218 01:53:32.903579   15704 watch.go:40] Failed to load config from "f:\\campus-management-system\\dataconnect": could not find dataconnect.yaml in `f:\campus-management-system\dataconnect`
 {"metadata":{"emulator":{"name":"dataconnect"},"message":"E0218 01:53:32.903579   15704 watch.go:40] Failed to load config from \"f:\\\\campus-management-system\\\\dataconnect\": could not find dataconnect.yaml in `f:\\campus-management-system\\dataconnect`\n"}}
[debug] [2026-02-17T17:53:42.903Z] E0218 01:53:42.903540   15704 watch.go:40] Failed to load config from "f:\\campus-management-system\\dataconnect": could not find dataconnect.yaml in `f:\campus-management-system\dataconnect`
 {"metadata":{"emulator":{"name":"dataconnect"},"message":"E0218 01:53:42.903540   15704 watch.go:40] Failed to load config from \"f:\\\\campus-management-system\\\\dataconnect\": could not find dataconnect.yaml in `f:\\campus-management-system\\dataconnect`\n"}}
[debug] [2026-02-17T17:53:52.903Z] E0218 01:53:52.903941   15704 watch.go:40] Failed to load config from "f:\\campus-management-system\\dataconnect": could not find dataconnect.yaml in `f:\campus-management-system\dataconnect`
 {"metadata":{"emulator":{"name":"dataconnect"},"message":"E0218 01:53:52.903941   15704 watch.go:40] Failed to load config from \"f:\\\\campus-management-system\\\\dataconnect\": could not find dataconnect.yaml in `f:\\campus-management-system\\dataconnect`\n"}}
[debug] [2026-02-17T17:54:02.903Z] E0218 01:54:02.903993   15704 watch.go:116] watchAllDir unable to walk dir `f:\campus-management-system\dataconnect`: CreateFile f:\campus-management-system\dataconnect: The system cannot find the file specified.
E0218 01:54:02.903993   15704 watch.go:40] Failed to load config from "f:\\campus-management-system\\dataconnect": could not find dataconnect.yaml in `f:\campus-management-system\dataconnect`
 {"metadata":{"emulator":{"name":"dataconnect"},"message":"E0218 01:54:02.903993   15704 watch.go:116] watchAllDir unable to walk dir `f:\\campus-management-system\\dataconnect`: CreateFile f:\\campus-management-system\\dataconnect: The system cannot find the file specified.\nE0218 01:54:02.903993   15704 watch.go:40] Failed to load config from \"f:\\\\campus-management-system\\\\dataconnect\": could not find dataconnect.yaml in `f:\\campus-management-system\\dataconnect`\n"}}
[debug] [2026-02-17T17:54:12.903Z] E0218 01:54:12.903689   15704 watch.go:40] Failed to load config from "f:\\campus-management-system\\dataconnect": could not find dataconnect.yaml in `f:\campus-management-system\dataconnect`
 {"metadata":{"emulator":{"name":"dataconnect"},"message":"E0218 01:54:12.903689   15704 watch.go:40] Failed to load config from \"f:\\\\campus-management-system\\\\dataconnect\": could not find dataconnect.yaml in `f:\\campus-management-system\\dataconnect`\n"}}
[debug] [2026-02-17T17:54:22.903Z] E0218 01:54:22.903732   15704 watch.go:40] Failed to load config from "f:\\campus-management-system\\dataconnect": could not find dataconnect.yaml in `f:\campus-management-system\dataconnect`
 {"metadata":{"emulator":{"name":"dataconnect"},"message":"E0218 01:54:22.903732   15704 watch.go:40] Failed to load config from \"f:\\\\campus-management-system\\\\dataconnect\": could not find dataconnect.yaml in `f:\\campus-management-system\\dataconnect`\n"}}
